# level,xp_to_next,levelup_money  (source: VF XP requirement sheet linked from virtualfisher.miraheze.org/wiki/Level)
1,100,0
2,200,100
3,300,150
4,400,200
5,500,250
6,650,300
7,800,350
8,950,400
9,1100,450
10,1250,500
11,1400,550
12,1550,600
13,1700,650
14,1900,700
15,2100,1500
16,2300,1600
17,2500,1700
18,2750,1800
19,3000,1900
20,3250,2000
21,3500,2100
22,3750,2200
23,4000,2300
24,4250,2400
25,4500,2500
26,4750,2600
27,5000,2700
28,5250,2800
29,5500,2900
30,5750,6000
31,6000,6200
32,6500,6400
33,7000,6600
34,7500,6800
35,8000,7000
36,8500,7200
37,9000,7400
38,9500,7600
39,10000,7800
40,11000,16000
41,12000,16400
42,13000,16800
43,14000,17200
44,15000,17600
45,16000,18000
46,17000,18400
47,18000,18800
48,19000,19200
49,20000,19600
50,21000,80000
51,22000,81600
52,23000,83200
53,24000,84800
54,25000,86400
55,26000,88000
56,27000,89600
57,28000,91200
58,29000,92800
59,30000,94400
60,31500,96000
61,33000,97600
62,34500,99200
63,36000,100000
64,37500,102000
65,39000,104000
66,40500,105000
67,42000,107000
68,43500,108000
69,45000,110000
70,46500,112000
71,48000,113000
72,49500,115000
73,51000,116000
74,52500,118000
75,54000,120000
76,55500,121000
77,57000,123000
78,58500,124000
79,60000,126000
80,62000,128000
81,64000,129000
82,66000,131000
83,68000,132000
84,70000,134000
85,72000,136000
86,74000,137000
87,76000,139000
88,78000,140000
89,80000,142000
90,82000,144000
91,84000,145000
92,86000,147000
93,88000,148000
94,90000,150000
95,92000,152000
96,94000,153000
97,96000,155000
98,98000,156000
99,100000,158000
100,105000,640000
101,110000,646000
102,115000,652000
103,120000,659000
104,125000,665000
105,132500,672000
106,140000,678000
107,147500,684000
108,155000,691000
109,162500,697000
110,172500,704000
111,182500,710000
112,192500,716000
113,202500,723000
114,212500,729000
115,225000,736000
116,237500,742000
117,250000,748000
118,262500,755000
119,275000,761000
120,290000,768000
121,305000,774000
122,320000,780000
123,335000,787000
124,350000,793000
125,367500,800000
126,385000,806000
127,402500,812000
128,420000,819000
129,437500,825000
130,457500,832000
131,477500,838000
132,497500,844000
133,517500,851000
134,537500,857000
135,560000,864000
136,582500,870000
137,605000,876000
138,627500,883000
139,650000,889000
140,675000,896000
141,700000,902000
142,725000,908000
143,750000,915000
144,775000,921000
145,802500,928000
146,830000,934000
147,857500,940000
148,885000,947000
149,912500,953000
150,942500,3840000
151,972500,3860000
152,1002500,3890000
153,1032500,3910000
154,1062500,3940000
155,1095000,3960000
156,1127500,3990000
157,1160000,4010000
158,1192500,4040000
159,1225000,4070000
160,1260000,4090000
161,1295000,4120000
162,1330000,4140000
163,1365000,4170000
164,1400000,4190000
165,1437500,4220000
166,1475000,4240000
167,1512500,4270000
168,1550000,4300000
169,1587500,4320000
170,1627500,4350000
171,1667500,4370000
172,1707500,4400000
173,1747500,4420000
174,1787500,4450000
175,1830000,4480000
176,1872500,4500000
177,1915000,4530000
178,1957500,4550000
179,2000000,4580000
180,2045000,4600000
181,2090000,4630000
182,2135000,4650000
183,2180000,4680000
184,2225000,4710000
185,2272500,4730000
186,2320000,4760000
187,2367500,4780000
188,2415000,4810000
189,2462500,4830000
190,2512500,4860000
191,2562500,4880000
192,2612500,4910000
193,2662500,4940000
194,2712500,4960000
195,2765000,4990000
196,2817500,5010000
197,2870000,5040000
198,2922500,5060000
199,2975000,5090000
200,3030000,20400000
201,3085000,20500000
202,3140000,20600000
203,3195000,20700000
204,3250000,20800000
205,3307500,20900000
206,3365000,21000000
207,3422500,21100000
208,3480000,21200000
209,3537500,21400000
210,3597500,21500000
211,3657500,21600000
212,3717500,21700000
213,3777500,21800000
214,3837500,21900000
215,3900000,22000000
216,3962500,22100000
217,4025000,22200000
218,4087500,22300000
219,4150000,22400000
220,4215000,22500000
221,4280000,22600000
222,4345000,22700000
223,4410000,22800000
224,4475000,22900000
225,4542500,23000000
226,4610000,23100000
227,4677500,23200000
228,4745000,23300000
229,4812500,23400000
230,4882500,23500000
231,4952500,23600000
232,5022500,23700000
233,5092500,23800000
234,5162500,23900000
235,5235000,24000000
236,5307500,24100000
237,5380000,24200000
238,5452500,24300000
239,5525000,24400000
240,5600000,24500000
241,5675000,24600000
242,5750000,24700000
243,5825000,24800000
244,5900000,24900000
245,5977500,25000000
246,6055000,25100000
247,6132500,25200000
248,6210000,25300000
249,6287500,25400000
250,6367500,51200000
251,6447500,51400000
252,6527500,51600000
253,6607500,51800000
254,6687500,52000000
255,6770000,52200000
256,6852500,52400000
257,6935000,52600000
258,7017500,52800000
259,7100000,53000000
260,7185000,53200000
261,7270000,53400000
262,7355000,53600000
263,7440000,53800000
264,7525000,54000000
265,7612500,54200000
266,7700000,54400000
267,7787500,54600000
268,7875000,54800000
269,7962500,55000000
270,8052500,55200000
271,8142500,55500000
272,8232500,55700000
273,8322500,55900000
274,8412500,56100000
275,8505000,56300000
276,8597500,56500000
277,8690000,56700000
278,8782500,56900000
279,8875000,57100000
280,8970000,57300000
281,9065000,57500000
282,9160000,57700000
283,9255000,57900000
284,9350000,58100000
285,9447500,58300000
286,9545000,58500000
287,9642500,58700000
288,9740000,58900000
289,9837500,59100000
290,9937500,59300000
291,10037500,59500000
292,10137500,59800000
293,10237500,60000000
294,10337500,60200000
295,10440000,60400000
296,10542500,60600000
297,10645000,60800000
298,10747500,61000000
299,10850000,61200000
300,10955000,61400000
301,11060000,61600000
302,11165000,61800000
303,11270000,62000000
304,11375000,62200000
305,11482500,62400000
306,11590000,62600000
307,11697500,62800000
308,11805000,63000000
309,11912500,63200000
310,12022500,63400000
311,12132500,63600000
312,12242500,63800000
313,12352500,64100000
314,12462500,64300000
315,12575000,64500000
316,12687500,64700000
317,12800000,64900000
318,12912500,65100000
319,13025000,65300000
320,13140000,65500000
321,13255000,65700000
322,13370000,65900000
323,13485000,66100000
324,13600000,66300000
325,13717500,66500000
326,13835000,66700000
327,13952500,66900000
328,14070000,67100000
329,14187500,67300000
330,14307500,67500000
331,14427500,67700000
332,14547500,67900000
333,14667500,68100000
334,14787500,68400000
335,14910000,68600000
336,15032500,68800000
337,15155000,69000000
338,15277500,69200000
339,15400000,69400000
340,15525000,69600000
341,15650000,69800000
342,15775000,70000000
343,15900000,70200000
344,16025000,70400000
345,16152500,70600000
346,16280000,70800000
347,16407500,71000000
348,16535000,71200000
349,16662500,71400000
350,16792500,71600000
351,16922500,71800000
352,17052500,72000000
353,17182500,72200000
354,17312500,72400000
355,17445000,72700000
356,17577500,72900000
357,17710000,73100000
358,17842500,73300000
359,17975000,73500000
360,18110000,73700000
361,18245000,73900000
362,18380000,74100000
363,18515000,74300000
364,18650000,74500000
365,18787500,74700000
366,18925000,74900000
367,19062500,75100000
368,19200000,75300000
369,19337500,75500000
370,19477500,75700000
371,19617500,75900000
372,19757500,76100000
373,19897500,76300000
374,20037500,76500000
375,20180000,76800000
376,20322500,77000000
377,20465000,77200000
378,20607500,77400000
379,20750000,77600000
380,20895000,77800000
381,21040000,78000000
382,21185000,78200000
383,21330000,78400000
384,21475000,78600000
385,21622500,78800000
386,21770000,79000000
387,21917500,79200000
388,22065000,79400000
389,22212500,79600000
390,22362500,79800000
391,22512500,80000000
392,22662500,80200000
393,22812500,80400000
394,22962500,80600000
395,23115000,80800000
396,23267500,81100000
397,23420000,81300000
398,23572500,81500000
399,23725000,81700000
400,23880000,81900000
401,24035000,82100000
402,24190000,82300000
403,24345000,82500000
404,24500000,82700000
405,24657500,82900000
406,24815000,83100000
407,24972500,83300000
408,25130000,83500000
409,25287500,83700000
410,25447500,83900000
411,25607500,84100000
412,25767500,84300000
413,25927500,84500000
414,26087500,84700000
415,26250000,84900000
416,26412500,85100000
417,26575000,85400000
418,26737500,85600000
419,26900000,85800000
420,27065000,86000000
421,27230000,86200000
422,27395000,86400000
423,27560000,86600000
424,27725000,86800000
425,27892500,87000000
426,28060000,87200000
427,28227500,87400000
428,28395000,87600000
429,28562500,87800000
430,28732500,88000000
431,28902500,88200000
432,29072500,88400000
433,29242500,88600000
434,29412500,88800000
435,29585000,89000000
436,29757500,89200000
437,29930000,89400000
438,30102500,89700000
439,30275000,89900000
440,30450000,90100000
441,30625000,90300000
442,30800000,90500000
443,30975000,90700000
444,31150000,90900000
445,31327500,91100000
446,31505000,91300000
447,31682500,91500000
448,31860000,91700000
449,32037500,91900000
450,32217500,92100000
451,32397500,92300000
452,32577500,92500000
453,32757500,92700000
454,32937500,92900000
455,33120000,93100000
456,33302500,93300000
457,33485000,93500000
458,33667500,93700000
459,33850000,94000000
460,34035000,94200000
461,34220000,94400000
462,34405000,94600000
463,34590000,94800000
464,34775000,95000000
465,34962500,95200000
466,35150000,95400000
467,35337500,95600000
468,35525000,95800000
469,35712500,96000000
470,35902500,96200000
471,36092500,96400000
472,36282500,96600000
473,36472500,96800000
474,36662500,97000000
475,36855000,97200000
476,37047500,97400000
477,37240000,97600000
478,37432500,97800000
479,37625000,98000000
480,37820000,98300000
481,38015000,98500000
482,38210000,98700000
483,38405000,98900000
484,38600000,99100000
485,38797500,99300000
486,38995000,99500000
487,39192500,99700000
488,39390000,99900000
489,39587500,100000000
490,39787500,100000000
491,39987500,100000000
492,40187500,100000000
493,40387500,100000000
494,40587500,101000000
495,40790000,101000000
496,40992500,101000000
497,41195000,101000000
498,41397500,101000000
499,41600000,102000000
500,42500000,102000000
501,43000000,102000000
502,43500000,102000000
503,44000000,103000000
504,44500000,103000000
505,45000000,103000000
506,45500000,103000000
507,46000000,103000000
508,46500000,104000000
509,47000000,104000000
510,47500000,104000000
511,48000000,104000000
512,48500000,104000000
513,49000000,105000000
514,49500000,105000000
515,50000000,105000000
516,50500000,105000000
517,51000000,105000000
518,51500000,106000000
519,52000000,106000000
520,52500000,106000000
521,53000000,106000000
522,53500000,106000000
523,54000000,107000000
524,54500000,107000000
525,55000000,107000000
526,55500000,107000000
527,56000000,107000000
528,56500000,108000000
529,57000000,108000000
530,57500000,108000000
531,58000000,108000000
532,58500000,108000000
533,59000000,109000000
534,59500000,109000000
535,60000000,109000000
536,60500000,109000000
537,61000000,109000000
538,61500000,110000000
539,62000000,110000000
540,62500000,110000000
541,63000000,110000000
542,63500000,111000000
543,64000000,111000000
544,64500000,111000000
545,65000000,111000000
546,65500000,111000000
547,66000000,112000000
548,66500000,112000000
549,67000000,112000000
550,67500000,112000000
551,68000000,112000000
552,68500000,113000000
553,69000000,113000000
554,69500000,113000000
555,70000000,113000000
556,70500000,113000000
557,71000000,114000000
558,71500000,114000000
559,72000000,114000000
560,72500000,114000000
561,73000000,114000000
562,73500000,115000000
563,74000000,115000000
564,74500000,115000000
565,75000000,115000000
566,75500000,115000000
567,76000000,116000000
568,76500000,116000000
569,77000000,116000000
570,77500000,116000000
571,78000000,116000000
572,78500000,117000000
573,79000000,117000000
574,79500000,117000000
575,80000000,117000000
576,80500000,117000000
577,81000000,118000000
578,81500000,118000000
579,82000000,118000000
580,82500000,118000000
581,83000000,118000000
582,83500000,119000000
583,84000000,119000000
584,84500000,119000000
585,85000000,119000000
586,85500000,120000000
587,86000000,120000000
588,86500000,120000000
589,87000000,120000000
590,87500000,120000000
591,88000000,121000000
592,88500000,121000000
593,89000000,121000000
594,89500000,121000000
595,90000000,121000000
596,90500000,122000000
597,91000000,122000000
598,91500000,122000000
599,92000000,122000000
600,92500000,122000000
601,93000000,123000000
602,93500000,123000000
603,94000000,123000000
604,94500000,123000000
605,95000000,123000000
606,95500000,124000000
607,96000000,124000000
608,96500000,124000000
609,97000000,124000000
610,97500000,124000000
611,98000000,125000000
612,98500000,125000000
613,99000000,125000000
614,99500000,125000000
615,100000000,125000000
616,100500000,126000000
617,101000000,126000000
618,101500000,126000000
619,102000000,126000000
620,102500000,126000000
621,103000000,127000000
622,103500000,127000000
623,104000000,127000000
624,104500000,127000000
625,105000000,128000000
626,105500000,128000000
627,106000000,128000000
628,106500000,128000000
629,107000000,128000000
630,107500000,129000000
631,108000000,129000000
632,108500000,129000000
633,109000000,129000000
634,109500000,129000000
635,110000000,130000000
636,110500000,130000000
637,111000000,130000000
638,111500000,130000000
639,112000000,130000000
640,112500000,131000000
641,113000000,131000000
642,113500000,131000000
643,114000000,131000000
644,114500000,131000000
645,115000000,132000000
646,115500000,132000000
647,116000000,132000000
648,116500000,132000000
649,117000000,132000000
650,117500000,133000000
651,118000000,133000000
652,118500000,133000000
653,119000000,133000000
654,119500000,133000000
655,120000000,134000000
656,120500000,134000000
657,121000000,134000000
658,121500000,134000000
659,122000000,134000000
660,122500000,135000000
661,123000000,135000000
662,123500000,135000000
663,124000000,135000000
664,124500000,135000000
665,125000000,136000000
666,125500000,136000000
667,126000000,136000000
668,126500000,136000000
669,127000000,137000000
670,127500000,137000000
671,128000000,137000000
672,128500000,137000000
673,129000000,137000000
674,129500000,138000000
675,130000000,138000000
676,130500000,138000000
677,131000000,138000000
678,131500000,138000000
679,132000000,139000000
680,132500000,139000000
681,133000000,139000000
682,133500000,139000000
683,134000000,139000000
684,134500000,140000000
685,135000000,140000000
686,135500000,140000000
687,136000000,140000000
688,136500000,140000000
689,137000000,141000000
690,137500000,141000000
691,138000000,141000000
692,138500000,141000000
693,139000000,141000000
694,139500000,142000000
695,140000000,142000000
696,140500000,142000000
697,141000000,142000000
698,141500000,142000000
699,142000000,143000000
700,142500000,143000000
701,143000000,143000000
702,143500000,143000000
703,144000000,143000000
704,144500000,144000000
705,145000000,144000000
706,145500000,144000000
707,146000000,144000000
708,146500000,144000000
709,147000000,145000000
710,147500000,145000000
711,148000000,145000000
712,148500000,145000000
713,149000000,146000000
714,149500000,146000000
715,150000000,146000000
716,150500000,146000000
717,151000000,146000000
718,151500000,147000000
719,152000000,147000000
720,152500000,147000000
721,153000000,147000000
722,153500000,147000000
723,154000000,148000000
724,154500000,148000000
725,155000000,148000000
726,155500000,148000000
727,156000000,148000000
728,156500000,149000000
729,157000000,149000000
730,157500000,149000000
731,158000000,149000000
732,158500000,149000000
733,159000000,150000000
734,159500000,150000000
735,160000000,150000000
736,160500000,150000000
737,161000000,150000000
738,161500000,151000000
739,162000000,151000000
740,162500000,151000000
741,163000000,151000000
742,163500000,151000000
743,164000000,152000000
744,164500000,152000000
745,165000000,152000000
746,165500000,152000000
747,166000000,152000000
748,166500000,153000000
749,167000000,153000000
750,167500000,153000000
751,168000000,153000000
752,168500000,154000000
753,169000000,154000000
754,169500000,154000000
755,170000000,154000000
756,170500000,154000000
757,171000000,155000000
758,171500000,155000000
759,172000000,155000000
760,172500000,155000000
761,173000000,155000000
762,173500000,156000000
763,174000000,156000000
764,174500000,156000000
765,175000000,156000000
766,175500000,156000000
767,176000000,157000000
768,176500000,157000000
769,177000000,157000000
770,177500000,157000000
771,178000000,157000000
772,178500000,158000000
773,179000000,158000000
774,179500000,158000000
775,180000000,158000000
776,180500000,158000000
777,181000000,159000000
778,181500000,159000000
779,182000000,159000000
780,182500000,159000000
781,183000000,159000000
782,183500000,160000000
783,184000000,160000000
784,184500000,160000000
785,185000000,160000000
786,185500000,160000000
787,186000000,161000000
788,186500000,161000000
789,187000000,161000000
790,187500000,161000000
791,188000000,161000000
792,188500000,162000000
793,189000000,162000000
794,189500000,162000000
795,190000000,162000000
796,190500000,163000000
797,191000000,163000000
798,191500000,163000000
799,192000000,163000000
800,192500000,163000000
801,193000000,164000000
802,193500000,164000000
803,194000000,164000000
804,194500000,164000000
805,195000000,164000000
806,195500000,165000000
807,196000000,165000000
808,196500000,165000000
809,197000000,165000000
810,197500000,165000000
811,198000000,166000000
812,198500000,166000000
813,199000000,166000000
814,199500000,166000000
815,200000000,166000000
816,200500000,167000000
817,201000000,167000000
818,201500000,167000000
819,202000000,167000000
820,202500000,167000000
821,203000000,168000000
822,203500000,168000000
823,204000000,168000000
824,204500000,168000000
825,205000000,168000000
826,205500000,169000000
827,206000000,169000000
828,206500000,169000000
829,207000000,169000000
830,207500000,169000000
831,208000000,170000000
832,208500000,170000000
833,209000000,170000000
834,209500000,170000000
835,210000000,171000000
836,210500000,171000000
837,211000000,171000000
838,211500000,171000000
839,212000000,171000000
840,212500000,172000000
841,213000000,172000000
842,213500000,172000000
843,214000000,172000000
844,214500000,172000000
845,215000000,173000000
846,215500000,173000000
847,216000000,173000000
848,216500000,173000000
849,217000000,173000000
850,217500000,174000000
851,218000000,174000000
852,218500000,174000000
853,219000000,174000000
854,219500000,174000000
855,220000000,175000000
856,220500000,175000000
857,221000000,175000000
858,221500000,175000000
859,222000000,175000000
860,222500000,176000000
861,223000000,176000000
862,223500000,176000000
863,224000000,176000000
864,224500000,176000000
865,225000000,177000000
866,225500000,177000000
867,226000000,177000000
868,226500000,177000000
869,227000000,177000000
870,227500000,178000000
871,228000000,178000000
872,228500000,178000000
873,229000000,178000000
874,229500000,178000000
875,230000000,179000000
876,230500000,179000000
877,231000000,179000000
878,231500000,179000000
879,232000000,180000000
880,232500000,180000000
881,233000000,180000000
882,233500000,180000000
883,234000000,180000000
884,234500000,181000000
885,235000000,181000000
886,235500000,181000000
887,236000000,181000000
888,236500000,181000000
889,237000000,182000000
890,237500000,182000000
891,238000000,182000000
892,238500000,182000000
893,239000000,182000000
894,239500000,183000000
895,240000000,183000000
896,240500000,183000000
897,241000000,183000000
898,241500000,183000000
899,242000000,184000000
900,242500000,184000000
901,243000000,184000000
902,243500000,184000000
903,244000000,184000000
904,244500000,185000000
905,245000000,185000000
906,245500000,185000000
907,246000000,185000000
908,246500000,185000000
909,247000000,186000000
910,247500000,186000000
911,248000000,186000000
912,248500000,186000000
913,249000000,186000000
914,249500000,187000000
915,250000000,187000000
916,250500000,187000000
917,251000000,187000000
918,251500000,188000000
919,252000000,188000000
920,252500000,188000000
921,253000000,188000000
922,253500000,188000000
923,254000000,189000000
924,254500000,189000000
925,255000000,189000000
926,255500000,189000000
927,256000000,189000000
928,256500000,190000000
929,257000000,190000000
930,257500000,190000000
931,258000000,190000000
932,258500000,190000000
933,259000000,191000000
934,259500000,191000000
935,260000000,191000000
936,260500000,191000000
937,261000000,191000000
938,261500000,192000000
939,262000000,192000000
940,262500000,192000000
941,263000000,192000000
942,263500000,192000000
943,264000000,193000000
944,264500000,193000000
945,265000000,193000000
946,265500000,193000000
947,266000000,193000000
948,266500000,194000000
949,267000000,194000000
950,267500000,194000000
951,268000000,194000000
952,268500000,194000000
953,269000000,195000000
954,269500000,195000000
955,270000000,195000000
956,270500000,195000000
957,271000000,195000000
958,271500000,196000000
959,272000000,196000000
960,272500000,196000000
961,273000000,196000000
962,273500000,197000000
963,274000000,197000000
964,274500000,197000000
965,275000000,197000000
966,275500000,197000000
967,276000000,198000000
968,276500000,198000000
969,277000000,198000000
970,277500000,198000000
971,278000000,198000000
972,278500000,199000000
973,279000000,199000000
974,279500000,199000000
975,280000000,199000000
976,280500000,199000000
977,281000000,200000000
978,281500000,200000000
979,282000000,200000000
980,282500000,200000000
981,283000000,200000000
982,283500000,201000000
983,284000000,201000000
984,284500000,201000000
985,285000000,201000000
986,285500000,201000000
987,286000000,202000000
988,286500000,202000000
989,287000000,202000000
990,287500000,202000000
991,288000000,202000000
992,288500000,203000000
993,289000000,203000000
994,289500000,203000000
995,290000000,203000000
996,290500000,203000000
997,291000000,204000000
998,291500000,204000000
999,292000000,204000000
1000,292500000,204000000
1001,293000000,205000000
1002,293500000,205000000
1003,294000000,205000000
1004,294500000,205000000
1005,295000000,205000000
1006,295500000,206000000
1007,296000000,206000000
1008,296500000,206000000
1009,297000000,206000000
1010,297500000,206000000
1011,298000000,207000000
1012,298500000,207000000
1013,299000000,207000000
1014,299500000,207000000
1015,300000000,207000000
1016,300500000,208000000
1017,301000000,208000000
1018,301500000,208000000
1019,302000000,208000000
1020,302500000,208000000
1021,303000000,209000000
1022,303500000,209000000
1023,304000000,209000000
1024,304500000,209000000
1025,305000000,209000000
1026,305500000,210000000
1027,306000000,210000000
1028,306500000,210000000
1029,307000000,210000000
1030,307500000,210000000
1031,308000000,211000000
1032,308500000,211000000
1033,309000000,211000000
1034,309500000,211000000
1035,310000000,211000000
1036,310500000,212000000
1037,311000000,212000000
1038,311500000,212000000
1039,312000000,212000000
1040,312500000,212000000
1041,313000000,213000000
1042,313500000,213000000
1043,314000000,213000000
1044,314500000,213000000
1045,315000000,214000000
1046,315500000,214000000
1047,316000000,214000000
1048,316500000,214000000
1049,317000000,214000000
1050,317500000,215000000
1051,318000000,215000000
1052,318500000,215000000
1053,319000000,215000000
1054,319500000,215000000
1055,320000000,216000000
1056,320500000,216000000
1057,321000000,216000000
1058,321500000,216000000
1059,322000000,216000000
1060,322500000,217000000
1061,323000000,217000000
1062,323500000,217000000
1063,324000000,217000000
1064,324500000,217000000
1065,325000000,218000000
1066,325500000,218000000
1067,326000000,218000000
1068,326500000,218000000
1069,327000000,218000000
1070,327500000,219000000
1071,328000000,219000000
1072,328500000,219000000
1073,329000000,219000000
1074,329500000,219000000
1075,330000000,220000000
1076,330500000,220000000
1077,331000000,220000000
1078,331500000,220000000
1079,332000000,220000000
1080,332500000,221000000
1081,333000000,221000000
1082,333500000,221000000
1083,334000000,221000000
1084,334500000,222000000
1085,335000000,222000000
1086,335500000,222000000
1087,336000000,222000000
1088,336500000,222000000
1089,337000000,223000000
1090,337500000,223000000
1091,338000000,223000000
1092,338500000,223000000
1093,339000000,223000000
1094,339500000,224000000
1095,340000000,224000000
1096,340500000,224000000
1097,341000000,224000000
1098,341500000,224000000
1099,342000000,225000000
1100,342500000,225000000
1101,343000000,225000000
1102,343500000,225000000
1103,344000000,225000000
1104,344500000,226000000
1105,345000000,226000000
1106,345500000,226000000
1107,346000000,226000000
1108,346500000,226000000
1109,347000000,227000000
1110,347500000,227000000
1111,348000000,227000000
1112,348500000,227000000
1113,349000000,227000000
1114,349500000,228000000
1115,350000000,228000000
1116,351000000,228000000
1117,352000000,228000000
1118,353000000,228000000
1119,354000000,229000000
1120,355000000,229000000
1121,356000000,229000000
1122,357000000,229000000
1123,358000000,229000000
1124,359000000,230000000
1125,360000000,230000000
1126,361000000,230000000
1127,362000000,230000000
1128,363000000,231000000
1129,364000000,231000000
1130,365000000,231000000
1131,366000000,231000000
1132,367000000,231000000
1133,368000000,232000000
1134,369000000,232000000
1135,370000000,232000000
1136,371000000,232000000
1137,372000000,232000000
1138,373000000,233000000
1139,374000000,233000000
1140,375000000,233000000
1141,376000000,233000000
1142,377000000,233000000
1143,378000000,234000000
1144,379000000,234000000
1145,380000000,234000000
1146,381000000,234000000
1147,382000000,234000000
1148,383000000,235000000
1149,384000000,235000000
1150,385000000,235000000
1151,386000000,235000000
1152,387000000,235000000
1153,388000000,236000000
1154,389000000,236000000
1155,390000000,236000000
1156,391000000,236000000
1157,392000000,236000000
1158,393000000,237000000
1159,394000000,237000000
1160,395000000,237000000
1161,396000000,237000000
1162,397000000,237000000
1163,398000000,238000000
1164,399000000,238000000
1165,400000000,238000000
1166,401000000,238000000
1167,402000000,239000000
1168,403000000,239000000
1169,404000000,239000000
1170,405000000,239000000
1171,406000000,239000000
1172,407000000,240000000
1173,408000000,240000000
1174,409000000,240000000
1175,410000000,240000000
1176,411000000,240000000
1177,412000000,241000000
1178,413000000,241000000
1179,414000000,241000000
1180,415000000,241000000
1181,416000000,241000000
1182,417000000,242000000
1183,418000000,242000000
1184,419000000,242000000
1185,420000000,242000000
1186,421000000,242000000
1187,422000000,243000000
1188,423000000,243000000
1189,424000000,243000000
1190,425000000,243000000
1191,426000000,243000000
1192,427000000,244000000
1193,428000000,244000000
1194,429000000,244000000
1195,430000000,244000000
1196,431000000,244000000
1197,432000000,245000000
1198,433000000,245000000
1199,434000000,245000000
1200,435000000,245000000
1201,436000000,245000000
1202,437000000,246000000
1203,438000000,246000000
1204,439000000,246000000
1205,440000000,246000000
1206,441000000,246000000
1207,442000000,247000000
1208,443000000,247000000
1209,444000000,247000000
1210,445000000,247000000
1211,446000000,248000000
1212,447000000,248000000
1213,448000000,248000000
1214,449000000,248000000
1215,450000000,248000000
1216,451000000,249000000
1217,452000000,249000000
1218,453000000,249000000
1219,454000000,249000000
1220,455000000,249000000
1221,456000000,250000000
1222,457000000,250000000
1223,458000000,250000000
1224,459000000,250000000
1225,460000000,250000000
1226,461000000,251000000
1227,462000000,251000000
1228,463000000,251000000
1229,464000000,251000000
1230,465000000,251000000
1231,466000000,252000000
1232,467000000,252000000
1233,468000000,252000000
1234,469000000,252000000
1235,470000000,252000000
1236,471000000,253000000
1237,472000000,253000000
1238,473000000,253000000
1239,474000000,253000000
1240,475000000,253000000
1241,476000000,254000000
1242,477000000,254000000
1243,478000000,254000000
1244,479000000,254000000
1245,480000000,254000000
1246,481000000,255000000
1247,482000000,255000000
1248,483000000,255000000
1249,484000000,255000000
1250,485000000,256000000
1251,486000000,256000000
1252,487000000,256000000
1253,488000000,256000000
1254,489000000,256000000
1255,490000000,257000000
1256,491000000,257000000
1257,492000000,257000000
1258,493000000,257000000
1259,494000000,257000000
1260,495000000,258000000
1261,496000000,258000000
1262,497000000,258000000
1263,498000000,258000000
1264,499000000,258000000
1265,500000000,259000000
1266,501000000,259000000
1267,502750000,259000000
1268,504500000,259000000
1269,506250000,259000000
1270,508000000,260000000
1271,509750000,260000000
1272,511500000,260000000
1273,513250000,260000000
1274,515000000,260000000
1275,516750000,261000000
1276,518500000,261000000
1277,520250000,261000000
1278,522000000,261000000
1279,523750000,261000000
1280,525500000,262000000
1281,527250000,262000000
1282,529000000,262000000
1283,530750000,262000000
1284,532500000,262000000
1285,534250000,263000000
1286,536000000,263000000
1287,537750000,263000000
1288,539500000,263000000
1289,541250000,263000000
1290,543000000,264000000
1291,544750000,264000000
1292,546500000,264000000
1293,548250000,264000000
1294,550000000,265000000
1295,551750000,265000000
1296,553500000,265000000
1297,555250000,265000000
1298,557000000,265000000
1299,558750000,266000000
1300,560500000,266000000
1301,562250000,266000000
1302,564000000,266000000
1303,565750000,266000000
1304,567500000,267000000
1305,569250000,267000000
1306,571000000,267000000
1307,572750000,267000000
1308,574500000,267000000
1309,576250000,268000000
1310,578000000,268000000
1311,579750000,268000000
1312,581500000,268000000
1313,583250000,268000000
1314,585000000,269000000
1315,586750000,269000000
1316,588500000,269000000
1317,590250000,269000000
1318,592000000,269000000
1319,593750000,270000000
1320,595500000,270000000
1321,597250000,270000000
1322,599000000,270000000
1323,600750000,270000000
1324,602500000,271000000
1325,604250000,271000000
1326,606000000,271000000
1327,607750000,271000000
1328,609500000,271000000
1329,611250000,272000000
1330,613000000,272000000
1331,614750000,272000000
1332,616500000,272000000
1333,618250000,272000000
1334,620000000,273000000
1335,621750000,273000000
1336,623500000,273000000
1337,625250000,273000000
1338,627000000,274000000
1339,628750000,274000000
1340,630500000,274000000
1341,632250000,274000000
1342,634000000,274000000
1343,635750000,275000000
1344,637500000,275000000
1345,639250000,275000000
1346,641000000,275000000
1347,642750000,275000000
1348,644500000,276000000
1349,646250000,276000000
1350,648000000,276000000
1351,649750000,276000000
1352,651500000,276000000
1353,653250000,277000000
1354,655000000,277000000
1355,656750000,277000000
1356,658500000,277000000
1357,660250000,277000000
1358,662000000,278000000
1359,663750000,278000000
1360,665500000,278000000
1361,667250000,278000000
1362,669000000,278000000
1363,670750000,279000000
1364,672500000,279000000
1365,674250000,279000000
1366,676000000,279000000
1367,677750000,279000000
1368,679500000,280000000
1369,681250000,280000000
1370,683000000,280000000
1371,684750000,280000000
1372,686500000,280000000
1373,688250000,281000000
1374,690000000,281000000
1375,691750000,281000000
1376,693500000,281000000
1377,695250000,282000000
1378,697000000,282000000
1379,698750000,282000000
1380,700500000,282000000
1381,702250000,282000000
1382,704000000,283000000
1383,705750000,283000000
1384,707500000,283000000
1385,709250000,283000000
1386,711000000,283000000
1387,712750000,284000000
1388,714500000,284000000
1389,716250000,284000000
1390,718000000,284000000
1391,719750000,284000000
1392,721500000,285000000
1393,723250000,285000000
1394,725000000,285000000
1395,726750000,285000000
1396,728500000,285000000
1397,730250000,286000000
1398,732000000,286000000
1399,733750000,286000000
1400,735500000,286000000
1401,737250000,286000000
1402,739000000,287000000
1403,740750000,287000000
1404,742500000,287000000
1405,744250000,287000000
1406,746000000,287000000
1407,747750000,288000000
1408,749500000,288000000
1409,751250000,288000000
1410,753750000,288000000
1411,756250000,288000000
1412,758750000,289000000
1413,761250000,289000000
1414,763750000,289000000
1415,766250000,289000000
1416,768750000,289000000
1417,771250000,290000000
1418,773750000,290000000
1419,776250000,290000000
1420,778750000,290000000
1421,781250000,291000000
1422,783750000,291000000
1423,786250000,291000000
1424,788750000,291000000
1425,791250000,291000000
1426,793750000,292000000
1427,796250000,292000000
1428,798750000,292000000
1429,801250000,292000000
1430,803750000,292000000
1431,806250000,293000000
1432,808750000,293000000
1433,811250000,293000000
1434,813750000,293000000
1435,816250000,293000000
1436,818750000,294000000
1437,821250000,294000000
1438,823750000,294000000
1439,826250000,294000000
1440,828750000,294000000
1441,831250000,295000000
1442,833750000,295000000
1443,836250000,295000000
1444,838750000,295000000
1445,841250000,295000000
1446,843750000,296000000
1447,846250000,296000000
1448,848750000,296000000
1449,851250000,296000000
1450,853750000,296000000
1451,856250000,297000000
1452,858750000,297000000
1453,861250000,297000000
1454,863750000,297000000
1455,866250000,297000000
1456,868750000,298000000
1457,871250000,298000000
1458,873750000,298000000
1459,876250000,298000000
1460,878750000,299000000
1461,881250000,299000000
1462,883750000,299000000
1463,886250000,299000000
1464,888750000,299000000
1465,891250000,300000000
1466,893750000,300000000
1467,896250000,300000000
1468,898750000,300000000
1469,901250000,300000000
1470,903750000,301000000
1471,906250000,301000000
1472,908750000,301000000
1473,911250000,301000000
1474,913750000,301000000
1475,916250000,302000000
1476,918750000,302000000
1477,921250000,302000000
1478,923750000,302000000
1479,926250000,302000000
1480,928750000,303000000
1481,931250000,303000000
1482,933750000,303000000
1483,936250000,303000000
1484,938750000,303000000
1485,941250000,304000000
1486,943750000,304000000
1487,946250000,304000000
1488,948750000,304000000
1489,951250000,304000000
1490,953750000,305000000
1491,956250000,305000000
1492,958750000,305000000
1493,961250000,305000000
1494,963750000,305000000
1495,966250000,306000000
1496,968750000,306000000
1497,971250000,306000000
1498,973750000,306000000
1499,976250000,306000000
1500,978750000,307000000
1501,981250000,307000000
1502,983750000,307000000
1503,986250000,307000000
1504,988750000,308000000
1505,991250000,308000000
1506,993750000,308000000
1507,996250000,308000000
1508,998750000,308000000
1509,1001250000,309000000
1510,1003750000,309000000
1511,1006250000,309000000
1512,1008750000,309000000
1513,1011250000,309000000
1514,1013750000,310000000
1515,1016250000,310000000
1516,1018750000,310000000
1517,1021250000,310000000
1518,1023750000,310000000
1519,1026250000,311000000
1520,1028750000,311000000
1521,1031250000,311000000
1522,1033750000,311000000
1523,1036250000,311000000
1524,1038750000,312000000
1525,1041250000,312000000
1526,1043750000,312000000
1527,1046250000,312000000
1528,1048750000,312000000
1529,1051250000,313000000
1530,1053750000,313000000
1531,1056250000,313000000
1532,1058750000,313000000
1533,1061250000,313000000
1534,1063750000,314000000
1535,1066250000,314000000
1536,1068750000,314000000
1537,1071250000,314000000
1538,1073750000,314000000
1539,1076250000,315000000
1540,1078750000,315000000
1541,1081250000,315000000
1542,1083750000,315000000
1543,1086250000,316000000
1544,1088750000,316000000
1545,1091250000,316000000
1546,1093750000,316000000
1547,1096250000,316000000
1548,1098750000,317000000
1549,1101250000,317000000
1550,1103750000,317000000
1551,1106250000,317000000
1552,1108750000,317000000
1553,1111250000,318000000
1554,1113750000,318000000
1555,1116250000,318000000
1556,1118750000,318000000
1557,1121250000,318000000
1558,1123750000,319000000
1559,1126250000,319000000
1560,1128750000,319000000
1561,1131250000,319000000
1562,1133750000,319000000
1563,1136250000,320000000
1564,1138750000,320000000
1565,1141250000,320000000
1566,1143750000,320000000
1567,1146250000,320000000
1568,1148750000,321000000
1569,1151250000,321000000
1570,1153750000,321000000
1571,1156250000,321000000
1572,1158750000,321000000
1573,1161250000,322000000
1574,1163750000,322000000
1575,1166250000,322000000
1576,1168750000,322000000
1577,1171250000,322000000
1578,1173750000,323000000
1579,1176250000,323000000
1580,1178750000,323000000
1581,1181250000,323000000
1582,1183750000,323000000
1583,1186250000,324000000
1584,1188750000,324000000
1585,1191250000,324000000
1586,1193750000,324000000
1587,1196250000,325000000
1588,1198750000,325000000
1589,1201250000,325000000
1590,1203750000,325000000
1591,1206250000,325000000
1592,1208750000,326000000
1593,1211250000,326000000
1594,1213750000,326000000
1595,1216250000,326000000
1596,1218750000,326000000
1597,1221250000,327000000
1598,1223750000,327000000
1599,1226250000,327000000
1600,1228750000,327000000
1601,1231250000,327000000
1602,1233750000,328000000
1603,1236250000,328000000
1604,1238750000,328000000
1605,1241250000,328000000
1606,1243750000,328000000
1607,1246250000,329000000
1608,1248750000,329000000
1609,1251250000,329000000
1610,1253750000,329000000
1611,1256250000,329000000
1612,1258750000,330000000
1613,1261250000,330000000
1614,1263750000,330000000
1615,1266250000,330000000
1616,1268750000,330000000
1617,1271250000,331000000
1618,1273750000,331000000
1619,1276250000,331000000
1620,1278750000,331000000
1621,1281250000,331000000
1622,1283750000,332000000
1623,1286250000,332000000
1624,1288750000,332000000
1625,1291250000,332000000
1626,1293750000,333000000
1627,1296250000,333000000
1628,1298750000,333000000
1629,1301250000,333000000
1630,1303750000,333000000
1631,1306250000,334000000
1632,1308750000,334000000
1633,1311250000,334000000
1634,1313750000,334000000
1635,1316250000,334000000
1636,1318750000,335000000
1637,1321250000,335000000
1638,1323750000,335000000
1639,1326250000,335000000
1640,1328750000,335000000
1641,1331250000,336000000
1642,1333750000,336000000
1643,1336250000,336000000
1644,1338750000,336000000
1645,1341250000,336000000
1646,1343750000,337000000
1647,1346250000,337000000
1648,1348750000,337000000
1649,1351250000,337000000
1650,1353750000,337000000
1651,1356250000,338000000
1652,1358750000,338000000
1653,1361250000,338000000
1654,1363750000,338000000
1655,1366250000,338000000
1656,1368750000,339000000
1657,1371250000,339000000
1658,1373750000,339000000
1659,1376250000,339000000
1660,1378750000,339000000
1661,1381250000,340000000
1662,1383750000,340000000
1663,1386250000,340000000
1664,1388750000,340000000
1665,1391250000,340000000
1666,1393750000,341000000
1667,1396250000,341000000
1668,1398750000,341000000
1669,1401250000,341000000
1670,1403750000,342000000
1671,1406250000,342000000
1672,1408750000,342000000
1673,1411250000,342000000
1674,1413750000,342000000
1675,1416250000,343000000
1676,1418750000,343000000
1677,1421250000,343000000
1678,1423750000,343000000
1679,1426250000,343000000
1680,1428750000,344000000
1681,1431250000,344000000
1682,1433750000,344000000
1683,1436250000,344000000
1684,1438750000,344000000
1685,1441250000,345000000
1686,1443750000,345000000
1687,1446250000,345000000
1688,1448750000,345000000
1689,1451250000,345000000
1690,1453750000,346000000
1691,1456250000,346000000
1692,1458750000,346000000
1693,1461250000,346000000
1694,1463750000,346000000
1695,1466250000,347000000
1696,1468750000,347000000
1697,1471250000,347000000
1698,1473750000,347000000
1699,1476250000,347000000
1700,1478750000,348000000
1701,1481250000,348000000
1702,1483750000,348000000
1703,1486250000,348000000
1704,1488750000,348000000
1705,1491250000,349000000
1706,1493750000,349000000
1707,1496250000,349000000
1708,1498750000,349000000
1709,1501250000,350000000
1710,1503750000,350000000
1711,1506250000,350000000
1712,1508750000,350000000
1713,1511250000,350000000
1714,1513750000,351000000
1715,1516250000,351000000
1716,1518750000,351000000
1717,1521250000,351000000
1718,1523750000,351000000
1719,1526250000,352000000
1720,1528750000,352000000
1721,1531250000,352000000
1722,1533750000,352000000
1723,1536250000,352000000
1724,1538750000,353000000
1725,1541250000,353000000
1726,1543750000,353000000
1727,1546250000,353000000
1728,1548750000,353000000
1729,1551250000,354000000
1730,1553750000,354000000
1731,1556250000,354000000
1732,1558750000,354000000
1733,1561250000,354000000
1734,1563750000,355000000
1735,1566250000,355000000
1736,1568750000,355000000
1737,1571250000,355000000
1738,1573750000,355000000
1739,1576250000,356000000
1740,1578750000,356000000
1741,1581250000,356000000
1742,1583750000,356000000
1743,1586250000,356000000
1744,1588750000,357000000
1745,1591250000,357000000
1746,1593750000,357000000
1747,1596250000,357000000
1748,1598750000,357000000
1749,1601250000,358000000
1750,1603750000,358000000
1751,1606250000,358000000
1752,1608750000,358000000
1753,1611250000,359000000
1754,1613750000,359000000
1755,1616250000,359000000
1756,1618750000,359000000
1757,1621250000,359000000
1758,1623750000,360000000
1759,1626250000,360000000
1760,1628750000,360000000
1761,1631250000,360000000
1762,1633750000,360000000
1763,1636250000,361000000
1764,1638750000,361000000
1765,1641250000,361000000
1766,1643750000,361000000
1767,1646250000,361000000
1768,1648750000,362000000
1769,1651250000,362000000
1770,1653750000,362000000
1771,1656250000,362000000
1772,1658750000,362000000
1773,1661250000,363000000
1774,1663750000,363000000
1775,1666250000,363000000
1776,1668750000,363000000
1777,1671250000,363000000
1778,1673750000,364000000
1779,1676250000,364000000
1780,1678750000,364000000
1781,1681250000,364000000
1782,1683750000,364000000
1783,1686250000,365000000
1784,1688750000,365000000
1785,1691250000,365000000
1786,1693750000,365000000
1787,1696250000,365000000
1788,1698750000,366000000
1789,1701250000,366000000
1790,1703750000,366000000
1791,1706250000,366000000
1792,1708750000,367000000
1793,1711250000,367000000
1794,1713750000,367000000
1795,1716250000,367000000
1796,1718750000,367000000
1797,1721250000,368000000
1798,1723750000,368000000
1799,1726250000,368000000
1800,1728750000,368000000
1801,1731250000,368000000
1802,1733750000,369000000
1803,1736250000,369000000
1804,1738750000,369000000
1805,1741250000,369000000
1806,1743750000,369000000
1807,1746250000,370000000
1808,1748750000,370000000
1809,1751250000,370000000
1810,1753750000,370000000
1811,1756250000,370000000
1812,1758750000,371000000
1813,1761250000,371000000
1814,1763750000,371000000
1815,1766250000,371000000
1816,1768750000,371000000
1817,1771250000,372000000
1818,1773750000,372000000
1819,1776250000,372000000
1820,1778750000,372000000
1821,1781250000,372000000
1822,1783750000,373000000
1823,1786250000,373000000
1824,1788750000,373000000
1825,1791250000,373000000
1826,1793750000,373000000
1827,1796250000,374000000
1828,1798750000,374000000
1829,1801250000,374000000
1830,1803750000,374000000
1831,1806250000,374000000
1832,1808750000,375000000
1833,1811250000,375000000
1834,1813750000,375000000
1835,1816250000,375000000
1836,1818750000,376000000
1837,1821250000,376000000
1838,1823750000,376000000
1839,1826250000,376000000
1840,1828750000,376000000
1841,1831250000,377000000
1842,1833750000,377000000
1843,1836250000,377000000
1844,1838750000,377000000
1845,1841250000,377000000
1846,1843750000,378000000
1847,1846250000,378000000
1848,1848750000,378000000
1849,1851250000,378000000
1850,1853750000,378000000
1851,1856250000,379000000
1852,1858750000,379000000
1853,1861250000,379000000
1854,1863750000,379000000
1855,1866250000,379000000
1856,1868750000,380000000
1857,1871250000,380000000
1858,1873750000,380000000
1859,1876250000,380000000
1860,1878750000,380000000
1861,1881250000,381000000
1862,1883750000,381000000
1863,1886250000,381000000
1864,1888750000,381000000
1865,1891250000,381000000
1866,1893750000,382000000
1867,1896250000,382000000
1868,1898750000,382000000
1869,1901250000,382000000
1870,1903750000,382000000
1871,1906250000,383000000
1872,1908750000,383000000
1873,1911250000,383000000
1874,1913750000,383000000
1875,1916250000,384000000
1876,1918750000,384000000
1877,1921250000,384000000
1878,1923750000,384000000
1879,1926250000,384000000
1880,1928750000,385000000
1881,1931250000,385000000
1882,1933750000,385000000
1883,1936250000,385000000
1884,1938750000,385000000
1885,1941250000,386000000
1886,1943750000,386000000
1887,1946250000,386000000
1888,1948750000,386000000
1889,1951250000,386000000
1890,1953750000,387000000
1891,1956250000,387000000
1892,1958750000,387000000
1893,1961250000,387000000
1894,1963750000,387000000
1895,1966250000,388000000
1896,1968750000,388000000
1897,1971250000,388000000
1898,1973750000,388000000
1899,1976250000,388000000
1900,1978750000,389000000
1901,1981250000,389000000
1902,1983750000,389000000
1903,1986250000,389000000
1904,1988750000,389000000
1905,1991250000,390000000
1906,1993750000,390000000
1907,1996250000,390000000
1908,1998750000,390000000
1909,2001250000,390000000
1910,2003750000,391000000
1911,2006250000,391000000
1912,2008750000,391000000
1913,2011250000,391000000
1914,2013750000,391000000
1915,2016250000,392000000
1916,2018750000,392000000
1917,2021250000,392000000
1918,2023750000,392000000
1919,2026250000,393000000
1920,2028750000,393000000
1921,2031250000,393000000
1922,2033750000,393000000
1923,2036250000,393000000
1924,2038750000,394000000
1925,2041250000,394000000
1926,2043750000,394000000
1927,2046250000,394000000
1928,2048750000,394000000
1929,2051250000,395000000
1930,2053750000,395000000
1931,2056250000,395000000
1932,2058750000,395000000
1933,2061250000,395000000
1934,2063750000,396000000
1935,2066250000,396000000
1936,2068750000,396000000
1937,2071250000,396000000
1938,2073750000,396000000
1939,2076250000,397000000
1940,2078750000,397000000
1941,2081250000,397000000
1942,2083750000,397000000
1943,2086250000,397000000
1944,2088750000,398000000
1945,2091250000,398000000
1946,2093750000,398000000
1947,2096250000,398000000
1948,2098750000,398000000
1949,2101250000,399000000
1950,2103750000,399000000
1951,2106250000,399000000
1952,2108750000,399000000
1953,2111250000,399000000
1954,2113750000,400000000
1955,2116250000,400000000
1956,2118750000,400000000
1957,2121250000,400000000
1958,2123750000,400000000
1959,2126250000,401000000
1960,2128750000,401000000
1961,2131250000,401000000
1962,2133750000,401000000
1963,2136250000,402000000
1964,2138750000,402000000
1965,2141250000,402000000
1966,2143750000,402000000
1967,2146250000,402000000
1968,2148750000,403000000
1969,2151250000,403000000
1970,2153750000,403000000
1971,2156250000,403000000
1972,2158750000,403000000
1973,2161250000,404000000
1974,2163750000,404000000
1975,2166250000,404000000
1976,2168750000,404000000
1977,2171250000,404000000
1978,2173750000,405000000
1979,2176250000,405000000
1980,2178750000,405000000
1981,2181250000,405000000
1982,2183750000,405000000
1983,2186250000,406000000
1984,2188750000,406000000
1985,2191250000,406000000
1986,2193750000,406000000
1987,2196250000,406000000
1988,2198750000,407000000
1989,2201250000,407000000
1990,2203750000,407000000
1991,2206250000,407000000
1992,2208750000,407000000
1993,2211250000,408000000
1994,2213750000,408000000
1995,2216250000,408000000
1996,2218750000,408000000
1997,2221250000,408000000
1998,2223750000,409000000
1999,2226250000,409000000
2000,2228750000,409000000
2001,2231250000,409000000
2002,2233750000,410000000
2003,2236250000,410000000
2004,2238750000,410000000
2005,2241250000,410000000
2006,2243750000,410000000
2007,2246250000,411000000
2008,2248750000,411000000
2009,2251250000,411000000
2010,2253750000,411000000
2011,2256250000,411000000
2012,2258750000,412000000
2013,2261250000,412000000
2014,2263750000,412000000
2015,2266250000,412000000
2016,2268750000,412000000
2017,2271250000,413000000
2018,2273750000,413000000
2019,2276250000,413000000
2020,2278750000,413000000
2021,2281250000,413000000
2022,2283750000,414000000
2023,2286250000,414000000
2024,2288750000,414000000
2025,2291250000,414000000
2026,2293750000,414000000
2027,2296250000,415000000
2028,2298750000,415000000
2029,2301250000,415000000
2030,2303750000,415000000
2031,2306250000,415000000
2032,2308750000,416000000
2033,2311250000,416000000
2034,2313750000,416000000
2035,2316250000,416000000
2036,2318750000,416000000
2037,2321250000,417000000
2038,2323750000,417000000
2039,2326250000,417000000
2040,2328750000,417000000
2041,2331250000,417000000
2042,2333750000,418000000
2043,2336250000,418000000
2044,2338750000,418000000
2045,2341250000,418000000
2046,2343750000,419000000
2047,2346250000,419000000
2048,2348750000,419000000
2049,2351250000,419000000
2050,2353750000,419000000
2051,2356250000,420000000
2052,2358750000,420000000
2053,2361250000,420000000
2054,2363750000,420000000
2055,2366250000,420000000
2056,2368750000,421000000
2057,2371250000,421000000
2058,2373750000,421000000
2059,2376250000,421000000
2060,2378750000,421000000
2061,2381250000,422000000
2062,2383750000,422000000
2063,2386250000,422000000
2064,2388750000,422000000
2065,2391250000,422000000
2066,2393750000,423000000
2067,2396250000,423000000
2068,2398750000,423000000
2069,2401250000,423000000
2070,2403750000,423000000
2071,2406250000,424000000
2072,2408750000,424000000
2073,2411250000,424000000
2074,2413750000,424000000
2075,2416250000,424000000
2076,2418750000,425000000
2077,2421250000,425000000
2078,2423750000,425000000
2079,2426250000,425000000
2080,2428750000,425000000
2081,2431250000,426000000
2082,2433750000,426000000
2083,2436250000,426000000
2084,2438750000,426000000
2085,2441250000,427000000
2086,2443750000,427000000
2087,2446250000,427000000
2088,2448750000,427000000
2089,2451250000,427000000
2090,2453750000,428000000
2091,2456250000,428000000
2092,2458750000,428000000
2093,2461250000,428000000
2094,2463750000,428000000
2095,2466250000,429000000
2096,2468750000,429000000
2097,2471250000,429000000
2098,2473750000,429000000
2099,2476250000,429000000
2100,2478750000,430000000
2101,2481250000,430000000
2102,2483750000,430000000
2103,2486250000,430000000
2104,2488750000,430000000
2105,2491250000,431000000
2106,2493750000,431000000
2107,2496250000,431000000
2108,2498750000,431000000
2109,2501250000,431000000
2110,2503750000,432000000
2111,2506250000,432000000
2112,2508750000,432000000
2113,2511250000,432000000
2114,2513750000,432000000
2115,2516250000,433000000
2116,2518750000,433000000
2117,2521250000,433000000
2118,2523750000,433000000
2119,2526250000,433000000
2120,2528750000,434000000
2121,2531250000,434000000
2122,2533750000,434000000
2123,2536250000,434000000
2124,2538750000,434000000
2125,2541250000,435000000
2126,2543750000,435000000
2127,2546250000,435000000
2128,2548750000,435000000
2129,2551250000,436000000
2130,2553750000,436000000
2131,2556250000,436000000
2132,2558750000,436000000
2133,2561250000,436000000
2134,2563750000,437000000
2135,2566250000,437000000
2136,2568750000,437000000
2137,2571250000,437000000
2138,2573750000,437000000
2139,2576250000,438000000
2140,2578750000,438000000
2141,2581250000,438000000
2142,2583750000,438000000
2143,2586250000,438000000
2144,2588750000,439000000
2145,2591250000,439000000
2146,2593750000,439000000
2147,2596250000,439000000
2148,2598750000,439000000
2149,2601250000,440000000
2150,2603750000,440000000
2151,2606250000,440000000
2152,2608750000,440000000
2153,2611250000,440000000
2154,2613750000,441000000
2155,2616250000,441000000
2156,2618750000,441000000
2157,2621250000,441000000
2158,2623750000,441000000
2159,2626250000,442000000
2160,2628750000,442000000
2161,2631250000,442000000
2162,2633750000,442000000
2163,2636250000,442000000
2164,2638750000,443000000
2165,2641250000,443000000
2166,2643750000,443000000
2167,2646250000,443000000
2168,2648750000,444000000
2169,2651250000,444000000
2170,2653750000,444000000
2171,2656250000,444000000
2172,2658750000,444000000
2173,2661250000,445000000
2174,2663750000,445000000
2175,2666250000,445000000
2176,2668750000,445000000
2177,2671250000,445000000
2178,2673750000,446000000
2179,2676250000,446000000
2180,2678750000,446000000
2181,2681250000,446000000
2182,2683750000,446000000
2183,2686250000,447000000
2184,2688750000,447000000
2185,2691250000,447000000
2186,2693750000,447000000
2187,2696250000,447000000
2188,2698750000,448000000
2189,2701250000,448000000
2190,2703750000,448000000
2191,2706250000,448000000
2192,2708750000,448000000
2193,2711250000,449000000
2194,2713750000,449000000
2195,2716250000,449000000
2196,2718750000,449000000
2197,2721250000,449000000
2198,2723750000,450000000
2199,2726250000,450000000
2200,2728750000,450000000
2201,2731250000,450000000
2202,2733750000,450000000
2203,2736250000,451000000
2204,2738750000,451000000
2205,2741250000,451000000
2206,2743750000,451000000
2207,2746250000,451000000
2208,2748750000,452000000
2209,2751250000,452000000
2210,2753750000,452000000
2211,2756250000,452000000
2212,2758750000,453000000
2213,2761250000,453000000
2214,2763750000,453000000
2215,2766250000,453000000
2216,2768750000,453000000
2217,2771250000,454000000
2218,2773750000,454000000
2219,2776250000,454000000
2220,2778750000,454000000
2221,2781250000,454000000
2222,2783750000,455000000
2223,2786250000,455000000
2224,2788750000,455000000
2225,2791250000,455000000
2226,2793750000,455000000
2227,2796250000,456000000
2228,2798750000,456000000
2229,2801250000,456000000
2230,2803750000,456000000
2231,2806250000,456000000
2232,2808750000,457000000
2233,2811250000,457000000
2234,2813750000,457000000
2235,2816250000,457000000
2236,2818750000,457000000
2237,2821250000,458000000
2238,2823750000,458000000
2239,2826250000,458000000
2240,2828750000,458000000
2241,2831250000,458000000
2242,2833750000,459000000
2243,2836250000,459000000
2244,2838750000,459000000
2245,2841250000,459000000
2246,2843750000,459000000
2247,2846250000,460000000
2248,2848750000,460000000
2249,2851250000,460000000
2250,2853750000,460000000
2251,2856250000,461000000
2252,2858750000,461000000
2253,2861250000,461000000
2254,2863750000,461000000
2255,2866250000,461000000
2256,2868750000,462000000
2257,2871250000,462000000
2258,2873750000,462000000
2259,2876250000,462000000
2260,2878750000,462000000
2261,2881250000,463000000
2262,2883750000,463000000
2263,2886250000,463000000
2264,2888750000,463000000
2265,2891250000,463000000
2266,2893750000,464000000
2267,2896250000,464000000
2268,2898750000,464000000
2269,2901250000,464000000
2270,2903750000,464000000
2271,2906250000,465000000
2272,2908750000,465000000
2273,2911250000,465000000
2274,2913750000,465000000
2275,2916250000,465000000
2276,2918750000,466000000
2277,2921250000,466000000
2278,2923750000,466000000
2279,2926250000,466000000
2280,2928750000,466000000
2281,2931250000,467000000
2282,2933750000,467000000
2283,2936250000,467000000
2284,2938750000,467000000
2285,2941250000,467000000
2286,2943750000,468000000
2287,2946250000,468000000
2288,2948750000,468000000
2289,2951250000,468000000
2290,2953750000,468000000
2291,2956250000,469000000
2292,2958750000,469000000
2293,2961250000,469000000
2294,2963750000,469000000
2295,2966250000,470000000
2296,2968750000,470000000
2297,2971250000,470000000
2298,2973750000,470000000
2299,2976250000,470000000
2300,2978750000,471000000
2301,2981250000,471000000
2302,2983750000,471000000
2303,2986250000,471000000
2304,2988750000,471000000
2305,2991250000,472000000
2306,2993750000,472000000
2307,2996250000,472000000
2308,2998750000,472000000
2309,3001250000,472000000
2310,3003750000,473000000
2311,3006250000,473000000
2312,3008750000,473000000
2313,3011250000,473000000
2314,3013750000,473000000
2315,3016250000,474000000
2316,3018750000,474000000
2317,3021250000,474000000
2318,3023750000,474000000
2319,3026250000,474000000
2320,3028750000,475000000
2321,3031250000,475000000
2322,3033750000,475000000
2323,3036250000,475000000
2324,3038750000,475000000
2325,3041250000,476000000
2326,3043750000,476000000
2327,3046250000,476000000
2328,3048750000,476000000
2329,3051250000,476000000
2330,3053750000,477000000
2331,3056250000,477000000
2332,3058750000,477000000
2333,3061250000,477000000
2334,3063750000,478000000
2335,3066250000,478000000
2336,3068750000,478000000
2337,3071250000,478000000
2338,3073750000,478000000
2339,3076250000,479000000
2340,3078750000,479000000
2341,3081250000,479000000
2342,3083750000,479000000
2343,3086250000,479000000
2344,3088750000,480000000
2345,3091250000,480000000
2346,3093750000,480000000
2347,3096250000,480000000
2348,3098750000,480000000
2349,3101250000,481000000
2350,3103750000,481000000
2351,3106250000,481000000
2352,3108750000,481000000
2353,3111250000,481000000
2354,3113750000,482000000
2355,3116250000,482000000
2356,3118750000,482000000
2357,3121250000,482000000
2358,3123750000,482000000
2359,3126250000,483000000
2360,3128750000,483000000
2361,3131250000,483000000
2362,3133750000,483000000
2363,3136250000,483000000
2364,3138750000,484000000
2365,3141250000,484000000
2366,3143750000,484000000
2367,3146250000,484000000
2368,3148750000,484000000
2369,3151250000,485000000
2370,3153750000,485000000
2371,3156250000,485000000
2372,3158750000,485000000
2373,3161250000,485000000
2374,3163750000,486000000
2375,3166250000,486000000
2376,3168750000,486000000
2377,3171250000,486000000
2378,3173750000,487000000
2379,3176250000,487000000
2380,3178750000,487000000
2381,3181250000,487000000
2382,3183750000,487000000
2383,3186250000,488000000
2384,3188750000,488000000
2385,3191250000,488000000
2386,3193750000,488000000
2387,3196250000,488000000
2388,3198750000,489000000
2389,3201250000,489000000
2390,3203750000,489000000
2391,3206250000,489000000
2392,3208750000,489000000
2393,3211250000,490000000
2394,3213750000,490000000
2395,3216250000,490000000
2396,3218750000,490000000
2397,3221250000,490000000
2398,3223750000,491000000
2399,3226250000,491000000
2400,3228750000,491000000
2401,3231250000,491000000
2402,3233750000,491000000
2403,3236250000,492000000
2404,3238750000,492000000
2405,3241250000,492000000
2406,3243750000,492000000
2407,3246250000,492000000
2408,3248750000,493000000
2409,3251250000,493000000
2410,3253750000,493000000
2411,3256250000,493000000
2412,3258750000,493000000
2413,3261250000,494000000
2414,3263750000,494000000
2415,3266250000,494000000
2416,3268750000,494000000
2417,3271250000,495000000
2418,3273750000,495000000
2419,3276250000,495000000
2420,3278750000,495000000
2421,3281250000,495000000
2422,3283750000,496000000
2423,3286250000,496000000
2424,3288750000,496000000
2425,3291250000,496000000
2426,3293750000,496000000
2427,3296250000,497000000
2428,3298750000,497000000
2429,3301250000,497000000
2430,3303750000,497000000
2431,3306250000,497000000
2432,3308750000,498000000
2433,3311250000,498000000
2434,3313750000,498000000
2435,3316250000,498000000
2436,3318750000,498000000
2437,3321250000,499000000
2438,3323750000,499000000
2439,3326250000,499000000
2440,3328750000,499000000
2441,3331250000,499000000
2442,3333750000,500000000
2443,3336250000,500000000
2444,3338750000,500000000
2445,3341250000,500000000
2446,3343750000,500000000
2447,3346250000,501000000
2448,3348750000,501000000
2449,3351250000,501000000
2450,3353750000,501000000
2451,3356250000,501000000
2452,3358750000,502000000
2453,3361250000,502000000
2454,3363750000,502000000
2455,3366250000,502000000
2456,3368750000,502000000
2457,3371250000,503000000
2458,3373750000,503000000
2459,3376250000,503000000
2460,3378750000,503000000
2461,3381250000,504000000
2462,3383750000,504000000
2463,3386250000,504000000
2464,3388750000,504000000
2465,3391250000,504000000
2466,3393750000,505000000
2467,3396250000,505000000
2468,3398750000,505000000
2469,3401250000,505000000
2470,3403750000,505000000
2471,3406250000,506000000
2472,3408750000,506000000
2473,3411250000,506000000
2474,3413750000,506000000
2475,3416250000,506000000
2476,3418750000,507000000
2477,3421250000,507000000
2478,3423750000,507000000
2479,3426250000,507000000
2480,3428750000,507000000
2481,3431250000,508000000
2482,3433750000,508000000
2483,3436250000,508000000
2484,3438750000,508000000
2485,3441250000,508000000
2486,3443750000,509000000
2487,3446250000,509000000
2488,3448750000,509000000
2489,3451250000,509000000
2490,3453750000,509000000
2491,3456250000,510000000
2492,3458750000,510000000
2493,3461250000,510000000
2494,3463750000,510000000
2495,3466250000,510000000
2496,3468750000,511000000
2497,3471250000,511000000
2498,3473750000,511000000
2499,3476250000,511000000
2500,3478750000,512000000
2501,3481250000,512000000
2502,3483750000,512000000
2503,3486250000,512000000
2504,3488750000,512000000
2505,3491250000,513000000
2506,3493750000,513000000
2507,3496250000,513000000
2508,3498750000,513000000
2509,3501250000,513000000
2510,3503750000,514000000
2511,3506250000,514000000
2512,3508750000,514000000
2513,3511250000,514000000
2514,3513750000,514000000
2515,3516250000,515000000
2516,3518750000,515000000
2517,3521250000,515000000
2518,3523750000,515000000
2519,3526250000,515000000
2520,3528750000,516000000
2521,3531250000,516000000
2522,3533750000,516000000
2523,3536250000,516000000
2524,3538750000,516000000
2525,3541250000,517000000
2526,3543750000,517000000
2527,3546250000,517000000
2528,3548750000,517000000
2529,3551250000,517000000
2530,3553750000,518000000
2531,3556250000,518000000
2532,3558750000,518000000
2533,3561250000,518000000
2534,3563750000,518000000
2535,3566250000,519000000
2536,3568750000,519000000
2537,3571250000,519000000
2538,3573750000,519000000
2539,3576250000,519000000
2540,3578750000,520000000
2541,3581250000,520000000
2542,3583750000,520000000
2543,3586250000,520000000
2544,3588750000,521000000
2545,3591250000,521000000
2546,3593750000,521000000
2547,3596250000,521000000
2548,3598750000,521000000
2549,3601250000,522000000
2550,3603750000,522000000
2551,3606250000,522000000
2552,3608750000,522000000
2553,3611250000,522000000
2554,3613750000,523000000
2555,3616250000,523000000
2556,3618750000,523000000
2557,3621250000,523000000
2558,3623750000,523000000
2559,3626250000,524000000
2560,3628750000,524000000
2561,3631250000,524000000
2562,3633750000,524000000
2563,3636250000,524000000
2564,3638750000,525000000
2565,3641250000,525000000
2566,3643750000,525000000
2567,3646250000,525000000
2568,3648750000,525000000
2569,3651250000,526000000
2570,3653750000,526000000
2571,3656250000,526000000
2572,3658750000,526000000
2573,3661250000,526000000
2574,3663750000,527000000
2575,3666250000,527000000
2576,3668750000,527000000
2577,3671250000,527000000
2578,3673750000,527000000
2579,3676250000,528000000
2580,3678750000,528000000
2581,3681250000,528000000
2582,3683750000,528000000
2583,3686250000,528000000
2584,3688750000,529000000
2585,3691250000,529000000
2586,3693750000,529000000
2587,3696250000,529000000
2588,3698750000,530000000
2589,3701250000,530000000
2590,3703750000,530000000
2591,3706250000,530000000
2592,3708750000,530000000
2593,3711250000,531000000
2594,3713750000,531000000
2595,3716250000,531000000
2596,3718750000,531000000
2597,3721250000,531000000
2598,3723750000,532000000
2599,3726250000,532000000
2600,3728750000,532000000
2601,3731250000,532000000
2602,3733750000,532000000
2603,3736250000,533000000
2604,3738750000,533000000
2605,3741250000,533000000
2606,3743750000,533000000
2607,3746250000,533000000
2608,3748750000,534000000
2609,3751250000,534000000
2610,3753750000,534000000
2611,3756250000,534000000
2612,3758750000,534000000
2613,3761250000,535000000
2614,3763750000,535000000
2615,3766250000,535000000
2616,3768750000,535000000
2617,3771250000,535000000
2618,3773750000,536000000
2619,3776250000,536000000
2620,3778750000,536000000
2621,3781250000,536000000
2622,3783750000,536000000
2623,3786250000,537000000
2624,3788750000,537000000
2625,3791250000,537000000
2626,3793750000,537000000
2627,3796250000,538000000
2628,3798750000,538000000
2629,3801250000,538000000
2630,3803750000,538000000
2631,3806250000,538000000
2632,3808750000,539000000
2633,3811250000,539000000
2634,3813750000,539000000
2635,3816250000,539000000
2636,3818750000,539000000
2637,3821250000,540000000
2638,3823750000,540000000
2639,3826250000,540000000
2640,3828750000,540000000
2641,3831250000,540000000
2642,3833750000,541000000
2643,3836250000,541000000
2644,3838750000,541000000
2645,3841250000,541000000
2646,3843750000,541000000
2647,3846250000,542000000
2648,3848750000,542000000
2649,3851250000,542000000
2650,3853750000,542000000
2651,3856250000,542000000
2652,3858750000,543000000
2653,3861250000,543000000
2654,3863750000,543000000
2655,3866250000,543000000
2656,3868750000,543000000
2657,3871250000,544000000
2658,3873750000,544000000
2659,3876250000,544000000
2660,3878750000,544000000
2661,3881250000,544000000
2662,3883750000,545000000
2663,3886250000,545000000
2664,3888750000,545000000
2665,3891250000,545000000
2666,3893750000,545000000
2667,3896250000,546000000
2668,3898750000,546000000
2669,3901250000,546000000
2670,3903750000,546000000
2671,3906250000,547000000
2672,3908750000,547000000
2673,3911250000,547000000
2674,3913750000,547000000
2675,3916250000,547000000
2676,3918750000,548000000
2677,3921250000,548000000
2678,3923750000,548000000
2679,3926250000,548000000
2680,3928750000,548000000
2681,3931250000,549000000
2682,3933750000,549000000
2683,3936250000,549000000
2684,3938750000,549000000
2685,3941250000,549000000
2686,3943750000,550000000
2687,3946250000,550000000
2688,3948750000,550000000
2689,3951250000,550000000
2690,3953750000,550000000
2691,3956250000,551000000
2692,3958750000,551000000
2693,3961250000,551000000
2694,3963750000,551000000
2695,3966250000,551000000
2696,3968750000,552000000
2697,3971250000,552000000
2698,3973750000,552000000
2699,3976250000,552000000
2700,3978750000,552000000
2701,3981250000,553000000
2702,3983750000,553000000
2703,3986250000,553000000
2704,3988750000,553000000
2705,3991250000,553000000
2706,3993750000,554000000
2707,3996250000,554000000
2708,3998750000,554000000
2709,4001250000,554000000
2710,4003750000,555000000
2711,4006250000,555000000
2712,4008750000,555000000
2713,4011250000,555000000
2714,4013750000,555000000
2715,4016250000,556000000
2716,4018750000,556000000
2717,4021250000,556000000
2718,4023750000,556000000
2719,4026250000,556000000
2720,4028750000,557000000
2721,4031250000,557000000
2722,4033750000,557000000
2723,4036250000,557000000
2724,4038750000,557000000
2725,4041250000,558000000
2726,4043750000,558000000
2727,4046250000,558000000
2728,4048750000,558000000
2729,4051250000,558000000
2730,4053750000,559000000
2731,4056250000,559000000
2732,4058750000,559000000
2733,4061250000,559000000
2734,4063750000,559000000
2735,4066250000,560000000
2736,4068750000,560000000
2737,4071250000,560000000
2738,4073750000,560000000
2739,4076250000,560000000
2740,4078750000,561000000
2741,4081250000,561000000
2742,4083750000,561000000
2743,4086250000,561000000
2744,4088750000,561000000
2745,4091250000,562000000
2746,4093750000,562000000
2747,4096250000,562000000
2748,4098750000,562000000
2749,4101250000,562000000
2750,4103750000,563000000
2751,4106250000,563000000
2752,4108750000,563000000
2753,4111250000,563000000
2754,4113750000,564000000
2755,4116250000,564000000
2756,4118750000,564000000
2757,4121250000,564000000
2758,4123750000,564000000
2759,4126250000,565000000
2760,4128750000,565000000
2761,4131250000,565000000
2762,4133750000,565000000
2763,4136250000,565000000
2764,4138750000,566000000
2765,4141250000,566000000
2766,4143750000,566000000
2767,4146250000,566000000
2768,4148750000,566000000
2769,4151250000,567000000
2770,4153750000,567000000
2771,4156250000,567000000
2772,4158750000,567000000
2773,4161250000,567000000
2774,4163750000,568000000
2775,4166250000,568000000
2776,4168750000,568000000
2777,4171250000,568000000
2778,4173750000,568000000
2779,4176250000,569000000
2780,4178750000,569000000
2781,4181250000,569000000
2782,4183750000,569000000
2783,4186250000,569000000
2784,4188750000,570000000
2785,4191250000,570000000
2786,4193750000,570000000
2787,4196250000,570000000
2788,4198750000,570000000
2789,4201250000,571000000
2790,4203750000,571000000
2791,4206250000,571000000
2792,4208750000,571000000
2793,4211250000,572000000
2794,4213750000,572000000
2795,4216250000,572000000
2796,4218750000,572000000
2797,4221250000,572000000
2798,4223750000,573000000
2799,4226250000,573000000
2800,4228750000,573000000
2801,4231250000,573000000
2802,4233750000,573000000
2803,4236250000,574000000
2804,4238750000,574000000
2805,4241250000,574000000
2806,4243750000,574000000
2807,4246250000,574000000
2808,4248750000,575000000
2809,4251250000,575000000
2810,4253750000,575000000
2811,4256250000,575000000
2812,4258750000,575000000
2813,4261250000,576000000
2814,4263750000,576000000
2815,4266250000,576000000
2816,4268750000,576000000
2817,4271250000,576000000
2818,4273750000,577000000
2819,4276250000,577000000
2820,4278750000,577000000
2821,4281250000,577000000
2822,4283750000,577000000
2823,4286250000,578000000
2824,4288750000,578000000
2825,4291250000,578000000
2826,4293750000,578000000
2827,4296250000,578000000
2828,4298750000,579000000
2829,4301250000,579000000
2830,4303750000,579000000
2831,4306250000,579000000
2832,4308750000,579000000
2833,4311250000,580000000
2834,4313750000,580000000
2835,4316250000,580000000
2836,4318750000,580000000
2837,4321250000,581000000
2838,4323750000,581000000
2839,4326250000,581000000
2840,4328750000,581000000
2841,4331250000,581000000
2842,4333750000,582000000
2843,4336250000,582000000
2844,4338750000,582000000
2845,4341250000,582000000
2846,4343750000,582000000
2847,4346250000,583000000
2848,4348750000,583000000
2849,4351250000,583000000
2850,4353750000,583000000
2851,4356250000,583000000
2852,4358750000,584000000
2853,4361250000,584000000
2854,4363750000,584000000
2855,4366250000,584000000
2856,4368750000,584000000
2857,4371250000,585000000
2858,4373750000,585000000
2859,4376250000,585000000
2860,4378750000,585000000
2861,4381250000,585000000
2862,4383750000,586000000
2863,4386250000,586000000
2864,4388750000,586000000
2865,4391250000,586000000
2866,4393750000,586000000
2867,4396250000,587000000
2868,4398750000,587000000
2869,4401250000,587000000
2870,4403750000,587000000
2871,4406250000,587000000
2872,4408750000,588000000
2873,4411250000,588000000
2874,4413750000,588000000
2875,4416250000,588000000
2876,4418750000,589000000
2877,4421250000,589000000
2878,4423750000,589000000
2879,4426250000,589000000
2880,4428750000,589000000
2881,4431250000,590000000
2882,4433750000,590000000
2883,4436250000,590000000
2884,4438750000,590000000
2885,4441250000,590000000
2886,4443750000,591000000
2887,4446250000,591000000
2888,4448750000,591000000
2889,4451250000,591000000
2890,4453750000,591000000
2891,4456250000,592000000
2892,4458750000,592000000
2893,4461250000,592000000
2894,4463750000,592000000
2895,4466250000,592000000
2896,4468750000,593000000
2897,4471250000,593000000
2898,4473750000,593000000
2899,4476250000,593000000
2900,4478750000,593000000
2901,4481250000,594000000
2902,4483750000,594000000
2903,4486250000,594000000
2904,4488750000,594000000
2905,4491250000,594000000
2906,4493750000,595000000
2907,4496250000,595000000
2908,4498750000,595000000
2909,4501250000,595000000
2910,4503750000,595000000
2911,4506250000,596000000
2912,4508750000,596000000
2913,4511250000,596000000
2914,4513750000,596000000
2915,4516250000,596000000
2916,4518750000,597000000
2917,4521250000,597000000
2918,4523750000,597000000
2919,4526250000,597000000
2920,4528750000,598000000
2921,4531250000,598000000
2922,4533750000,598000000
2923,4536250000,598000000
2924,4538750000,598000000
2925,4541250000,599000000
2926,4543750000,599000000
2927,4546250000,599000000
2928,4548750000,599000000
2929,4551250000,599000000
2930,4553750000,600000000
2931,4556250000,600000000
2932,4558750000,600000000
2933,4561250000,600000000
2934,4563750000,600000000
2935,4566250000,601000000
2936,4568750000,601000000
2937,4571250000,601000000
2938,4573750000,601000000
2939,4576250000,601000000
2940,4578750000,602000000
2941,4581250000,602000000
2942,4583750000,602000000
2943,4586250000,602000000
2944,4588750000,602000000
2945,4591250000,603000000
2946,4593750000,603000000
2947,4596250000,603000000
2948,4598750000,603000000
2949,4601250000,603000000
2950,4603750000,604000000
2951,4606250000,604000000
2952,4608750000,604000000
2953,4611250000,604000000
2954,4613750000,604000000
2955,4616250000,605000000
2956,4618750000,605000000
2957,4621250000,605000000
2958,4623750000,605000000
2959,4626250000,606000000
2960,4628750000,606000000
2961,4631250000,606000000
2962,4633750000,606000000
2963,4636250000,606000000
2964,4638750000,607000000
2965,4641250000,607000000
2966,4643750000,607000000
2967,4646250000,607000000
2968,4648750000,607000000
2969,4651250000,608000000
2970,4653750000,608000000
2971,4656250000,608000000
2972,4658750000,608000000
2973,4661250000,608000000
2974,4663750000,609000000
2975,4666250000,609000000
2976,4668750000,609000000
2977,4671250000,609000000
2978,4673750000,609000000
2979,4676250000,610000000
2980,4678750000,610000000
2981,4681250000,610000000
2982,4683750000,610000000
2983,4686250000,610000000
2984,4688750000,611000000
2985,4691250000,611000000
2986,4693750000,611000000
2987,4696250000,611000000
2988,4698750000,611000000
2989,4701250000,612000000
2990,4703750000,612000000
2991,4706250000,612000000
2992,4708750000,612000000
2993,4711250000,612000000
2994,4713750000,613000000
2995,4716250000,613000000
2996,4718750000,613000000
2997,4721250000,613000000
2998,4723750000,613000000
2999,4726250000,614000000
3000,4728750000,614000000
3001,4731250000,614000000
3002,4733750000,614000000
3003,4736250000,615000000
3004,4738750000,615000000
3005,4741250000,615000000
3006,4743750000,615000000
3007,4746250000,615000000
3008,4748750000,616000000
3009,4751250000,616000000
3010,4753750000,616000000
3011,4756250000,616000000
3012,4758750000,616000000
3013,4761250000,617000000
3014,4763750000,617000000
3015,4766250000,617000000
3016,4768750000,617000000
3017,4771250000,617000000
3018,4773750000,618000000
3019,4776250000,618000000
3020,4778750000,618000000
3021,4781250000,618000000
3022,4783750000,618000000
3023,4786250000,619000000
3024,4788750000,619000000
3025,4791250000,619000000
3026,4793750000,619000000
3027,4796250000,619000000
3028,4798750000,620000000
3029,4801250000,620000000
3030,4803750000,620000000
3031,4806250000,620000000
3032,4808750000,620000000
3033,4811250000,621000000
3034,4813750000,621000000
3035,4816250000,621000000
3036,4818750000,621000000
3037,4821250000,621000000
3038,4823750000,622000000
3039,4826250000,622000000
3040,4828750000,622000000
3041,4831250000,622000000
3042,4833750000,623000000
3043,4836250000,623000000
3044,4838750000,623000000
3045,4841250000,623000000
3046,4843750000,623000000
3047,4846250000,624000000
3048,4848750000,624000000
3049,4851250000,624000000
3050,4853750000,624000000
3051,4856250000,624000000
3052,4858750000,625000000
3053,4861250000,625000000
3054,4863750000,625000000
3055,4866250000,625000000
3056,4868750000,625000000
3057,4871250000,626000000
3058,4873750000,626000000
3059,4876250000,626000000
3060,4878750000,626000000
3061,4881250000,626000000
3062,4883750000,627000000
3063,4886250000,627000000
3064,4888750000,627000000
3065,4891250000,627000000
3066,4893750000,627000000
3067,4896250000,628000000
3068,4898750000,628000000
3069,4901250000,628000000
3070,4903750000,628000000
3071,4906250000,628000000
3072,4908750000,629000000
3073,4911250000,629000000
3074,4913750000,629000000
3075,4916250000,629000000
3076,4918750000,629000000
3077,4921250000,630000000
3078,4923750000,630000000
3079,4926250000,630000000
3080,4928750000,630000000
3081,4931250000,630000000
3082,4933750000,631000000
3083,4936250000,631000000
3084,4938750000,631000000
3085,4941250000,631000000
3086,4943750000,632000000
3087,4946250000,632000000
3088,4948750000,632000000
3089,4951250000,632000000
3090,4953750000,632000000
3091,4956250000,633000000
3092,4958750000,633000000
3093,4961250000,633000000
3094,4963750000,633000000
3095,4966250000,633000000
3096,4968750000,634000000
3097,4971250000,634000000
3098,4973750000,634000000
3099,4976250000,634000000
3100,4978750000,634000000
3101,4981250000,635000000
3102,4983750000,635000000
3103,4986250000,635000000
3104,4988750000,635000000
3105,4991250000,635000000
3106,4993750000,636000000
3107,4996250000,636000000
3108,4998750000,636000000
3109,5001250000,636000000
3110,5003750000,636000000
3111,5006250000,637000000
3112,5008750000,637000000
3113,5011250000,637000000
3114,5013750000,637000000
3115,5016250000,637000000
3116,5018750000,638000000
3117,5021250000,638000000
3118,5023750000,638000000
3119,5026250000,638000000
3120,5028750000,638000000
3121,5031250000,639000000
3122,5033750000,639000000
3123,5036250000,639000000
3124,5038750000,639000000
3125,5041250000,640000000
3126,5043750000,640000000
3127,5046250000,640000000
3128,5048750000,640000000
3129,5051250000,640000000
3130,5053750000,641000000
3131,5056250000,641000000
3132,5058750000,641000000
3133,5061250000,641000000
3134,5063750000,641000000
3135,5066250000,642000000
3136,5068750000,642000000
3137,5071250000,642000000
3138,5073750000,642000000
3139,5076250000,642000000
3140,5078750000,643000000
3141,5081250000,643000000
3142,5083750000,643000000
3143,5086250000,643000000
3144,5088750000,643000000
3145,5091250000,644000000
3146,5093750000,644000000
3147,5096250000,644000000
3148,5098750000,644000000
3149,5101250000,644000000
3150,5103750000,645000000
3151,5106250000,645000000
3152,5108750000,645000000
3153,5111250000,645000000
3154,5113750000,645000000
3155,5116250000,646000000
3156,5118750000,646000000
3157,5121250000,646000000
3158,5123750000,646000000
3159,5126250000,646000000
3160,5128750000,647000000
3161,5131250000,647000000
3162,5133750000,647000000
3163,5136250000,647000000
3164,5138750000,647000000
3165,5141250000,648000000
3166,5143750000,648000000
3167,5146250000,648000000
3168,5148750000,648000000
3169,5151250000,649000000
3170,5153750000,649000000
3171,5156250000,649000000
3172,5158750000,649000000
3173,5161250000,649000000
3174,5163750000,650000000
3175,5166250000,650000000
3176,5168750000,650000000
3177,5171250000,650000000
3178,5173750000,650000000
3179,5176250000,651000000
3180,5178750000,651000000
3181,5181250000,651000000
3182,5183750000,651000000
3183,5186250000,651000000
3184,5188750000,652000000
3185,5191250000,652000000
3186,5193750000,652000000
3187,5196250000,652000000
3188,5198750000,652000000
3189,5201250000,653000000
3190,5203750000,653000000
3191,5206250000,653000000
3192,5208750000,653000000
3193,5211250000,653000000
3194,5213750000,654000000
3195,5216250000,654000000
3196,5218750000,654000000
3197,5221250000,654000000
3198,5223750000,654000000
3199,5226250000,655000000
3200,5228750000,655000000
3201,5231250000,655000000
3202,5233750000,655000000
3203,5236250000,655000000
3204,5238750000,656000000
3205,5241250000,656000000
3206,5243750000,656000000
3207,5246250000,656000000
3208,5248750000,656000000
3209,5251250000,657000000
3210,5253750000,657000000
3211,5256250000,657000000
3212,5258750000,657000000
3213,5261250000,658000000
3214,5263750000,658000000
3215,5266250000,658000000
3216,5268750000,658000000
3217,5271250000,658000000
3218,5273750000,659000000
3219,5276250000,659000000
3220,5278750000,659000000
3221,5281250000,659000000
3222,5283750000,659000000
3223,5286250000,660000000
3224,5288750000,660000000
3225,5291250000,660000000
3226,5293750000,660000000
3227,5296250000,660000000
3228,5298750000,661000000
3229,5301250000,661000000
3230,5303750000,661000000
3231,5306250000,661000000
3232,5308750000,661000000
3233,5311250000,662000000
3234,5313750000,662000000
3235,5316250000,662000000
3236,5318750000,662000000
3237,5321250000,662000000
3238,5323750000,663000000
3239,5326250000,663000000
3240,5328750000,663000000
3241,5331250000,663000000
3242,5333750000,663000000
3243,5336250000,664000000
3244,5338750000,664000000
3245,5341250000,664000000
3246,5343750000,664000000
3247,5346250000,664000000
3248,5348750000,665000000
3249,5351250000,665000000
3250,5353750000,665000000
3251,5356250000,665000000
3252,5358750000,666000000
3253,5361250000,666000000
3254,5363750000,666000000
3255,5366250000,666000000
3256,5368750000,666000000
3257,5371250000,667000000
3258,5373750000,667000000
3259,5376250000,667000000
3260,5378750000,667000000
3261,5381250000,667000000
3262,5383750000,668000000
3263,5386250000,668000000
3264,5388750000,668000000
3265,5391250000,668000000
3266,5393750000,668000000
3267,5396250000,669000000
3268,5398750000,669000000
3269,5401250000,669000000
3270,5403750000,669000000
3271,5406250000,669000000
3272,5408750000,670000000
3273,5411250000,670000000
3274,5413750000,670000000
3275,5416250000,670000000
3276,5418750000,670000000
3277,5421250000,671000000
3278,5423750000,671000000
3279,5426250000,671000000
3280,5428750000,671000000
3281,5431250000,671000000
3282,5433750000,672000000
3283,5436250000,672000000
3284,5438750000,672000000
3285,5441250000,672000000
3286,5443750000,672000000
3287,5446250000,673000000
3288,5448750000,673000000
3289,5451250000,673000000
3290,5453750000,673000000
3291,5456250000,673000000
3292,5458750000,674000000
3293,5461250000,674000000
3294,5463750000,674000000
3295,5466250000,674000000
3296,5468750000,675000000
3297,5471250000,675000000
3298,5473750000,675000000
3299,5476250000,675000000
3300,5478750000,675000000
3301,5481250000,676000000
3302,5483750000,676000000
3303,5486250000,676000000
3304,5488750000,676000000
3305,5491250000,676000000
3306,5493750000,677000000
3307,5496250000,677000000
3308,5498750000,677000000
3309,5501250000,677000000
3310,5503750000,677000000
3311,5506250000,678000000
3312,5508750000,678000000
3313,5511250000,678000000
3314,5513750000,678000000
3315,5516250000,678000000
3316,5518750000,679000000
3317,5521250000,679000000
3318,5523750000,679000000
3319,5526250000,679000000
3320,5528750000,679000000
3321,5531250000,680000000
3322,5533750000,680000000
3323,5536250000,680000000
3324,5538750000,680000000
3325,5541250000,680000000
3326,5543750000,681000000
3327,5546250000,681000000
3328,5548750000,681000000
3329,5551250000,681000000
3330,5553750000,681000000
3331,5556250000,682000000
3332,5558750000,682000000
3333,5561250000,682000000
3334,5563750000,682000000
3335,5566250000,683000000
3336,5568750000,683000000
3337,5571250000,683000000
3338,5573750000,683000000
3339,5576250000,683000000
3340,5578750000,684000000
3341,5581250000,684000000
3342,5583750000,684000000
3343,5586250000,684000000
3344,5588750000,684000000
3345,5591250000,685000000
3346,5593750000,685000000
3347,5596250000,685000000
3348,5598750000,685000000
3349,5601250000,685000000
3350,5603750000,686000000
3351,5606250000,686000000
3352,5608750000,686000000
3353,5611250000,686000000
3354,5613750000,686000000
3355,5616250000,687000000
3356,5618750000,687000000
3357,5621250000,687000000
3358,5623750000,687000000
3359,5626250000,687000000
3360,5628750000,688000000
3361,5631250000,688000000
3362,5633750000,688000000
3363,5636250000,688000000
3364,5638750000,688000000
3365,5641250000,689000000
3366,5643750000,689000000
3367,5646250000,689000000
3368,5648750000,689000000
3369,5651250000,689000000
3370,5653750000,690000000
3371,5656250000,690000000
3372,5658750000,690000000
3373,5661250000,690000000
3374,5663750000,690000000
3375,5666250000,691000000
3376,5668750000,691000000
3377,5671250000,691000000
3378,5673750000,691000000
3379,5676250000,692000000
3380,5678750000,692000000
3381,5681250000,692000000
3382,5683750000,692000000
3383,5686250000,692000000
3384,5688750000,693000000
3385,5691250000,693000000
3386,5693750000,693000000
3387,5696250000,693000000
3388,5698750000,693000000
3389,5701250000,694000000
3390,5703750000,694000000
3391,5706250000,694000000
3392,5708750000,694000000
3393,5711250000,694000000
3394,5713750000,695000000
3395,5716250000,695000000
3396,5718750000,695000000
3397,5721250000,695000000
3398,5723750000,695000000
3399,5726250000,696000000
3400,5728750000,696000000
3401,5731250000,696000000
3402,5733750000,696000000
3403,5736250000,696000000
3404,5738750000,697000000
3405,5741250000,697000000
3406,5743750000,697000000
3407,5746250000,697000000
3408,5748750000,697000000
3409,5751250000,698000000
3410,5753750000,698000000
3411,5756250000,698000000
3412,5758750000,698000000
3413,5761250000,698000000
3414,5763750000,699000000
3415,5766250000,699000000
3416,5768750000,699000000
3417,5771250000,699000000
3418,5773750000,700000000
3419,5776250000,700000000
3420,5778750000,700000000
3421,5781250000,700000000
3422,5783750000,700000000
3423,5786250000,701000000
3424,5788750000,701000000
3425,5791250000,701000000
3426,5793750000,701000000
3427,5796250000,701000000
3428,5798750000,702000000
3429,5801250000,702000000
3430,5803750000,702000000
3431,5806250000,702000000
3432,5808750000,702000000
3433,5811250000,703000000
3434,5813750000,703000000
3435,5816250000,703000000
3436,5818750000,703000000
3437,5821250000,703000000
3438,5823750000,704000000
3439,5826250000,704000000
3440,5828750000,704000000
3441,5831250000,704000000
3442,5833750000,704000000
3443,5836250000,705000000
3444,5838750000,705000000
3445,5841250000,705000000
3446,5843750000,705000000
3447,5846250000,705000000
3448,5848750000,706000000
3449,5851250000,706000000
3450,5853750000,706000000
3451,5856250000,706000000
3452,5858750000,706000000
3453,5861250000,707000000
3454,5863750000,707000000
3455,5866250000,707000000
3456,5868750000,707000000
3457,5871250000,707000000
3458,5873750000,708000000
3459,5876250000,708000000
3460,5878750000,708000000
3461,5881250000,708000000
3462,5883750000,709000000
3463,5886250000,709000000
3464,5888750000,709000000
3465,5891250000,709000000
3466,5893750000,709000000
3467,5896250000,710000000
3468,5898750000,710000000
3469,5901250000,710000000
3470,5903750000,710000000
3471,5906250000,710000000
3472,5908750000,711000000
3473,5911250000,711000000
3474,5913750000,711000000
3475,5916250000,711000000
3476,5918750000,711000000
3477,5921250000,712000000
3478,5923750000,712000000
3479,5926250000,712000000
3480,5928750000,712000000
3481,5931250000,712000000
3482,5933750000,713000000
3483,5936250000,713000000
3484,5938750000,713000000
3485,5941250000,713000000
3486,5943750000,713000000
3487,5946250000,714000000
3488,5948750000,714000000
3489,5951250000,714000000
3490,5953750000,714000000
3491,5956250000,714000000
3492,5958750000,715000000
3493,5961250000,715000000
3494,5963750000,715000000
3495,5966250000,715000000
3496,5968750000,715000000
3497,5971250000,716000000
3498,5973750000,716000000
3499,5976250000,716000000
3500,5978750000,716000000
3501,5981250000,717000000
3502,5983750000,717000000
3503,5986250000,717000000
3504,5988750000,717000000
3505,5991250000,717000000
3506,5993750000,718000000
3507,5996250000,718000000
3508,5998750000,718000000
3509,6001250000,718000000
3510,6003750000,718000000
3511,6006250000,719000000
3512,6008750000,719000000
3513,6011250000,719000000
3514,6013750000,719000000
3515,6016250000,719000000
3516,6018750000,720000000
3517,6021250000,720000000
3518,6023750000,720000000
3519,6026250000,720000000
3520,6028750000,720000000
3521,6031250000,721000000
3522,6033750000,721000000
3523,6036250000,721000000
3524,6038750000,721000000
3525,6041250000,721000000
3526,6043750000,722000000
3527,6046250000,722000000
3528,6048750000,722000000
3529,6051250000,722000000
3530,6053750000,722000000
3531,6056250000,723000000
3532,6058750000,723000000
3533,6061250000,723000000
3534,6063750000,723000000
3535,6066250000,723000000
3536,6068750000,724000000
3537,6071250000,724000000
3538,6073750000,724000000
3539,6076250000,724000000
3540,6078750000,724000000
3541,6081250000,725000000
3542,6083750000,725000000
3543,6086250000,725000000
3544,6088750000,725000000
3545,6091250000,726000000
3546,6093750000,726000000
3547,6096250000,726000000
3548,6098750000,726000000
3549,6101250000,726000000
3550,6103750000,727000000
3551,6106250000,727000000
3552,6108750000,727000000
3553,6111250000,727000000
3554,6113750000,727000000
3555,6116250000,728000000
3556,6118750000,728000000
3557,6121250000,728000000
3558,6123750000,728000000
3559,6126250000,728000000
3560,6128750000,729000000
3561,6131250000,729000000
3562,6133750000,729000000
3563,6136250000,729000000
3564,6138750000,729000000
3565,6141250000,730000000
3566,6143750000,730000000
3567,6146250000,730000000
3568,6148750000,730000000
3569,6151250000,730000000
3570,6153750000,731000000
3571,6156250000,731000000
3572,6158750000,731000000
3573,6161250000,731000000
3574,6163750000,731000000
3575,6166250000,732000000
3576,6168750000,732000000
3577,6171250000,732000000
3578,6173750000,732000000
3579,6176250000,732000000
3580,6178750000,733000000
3581,6181250000,733000000
3582,6183750000,733000000
3583,6186250000,733000000
3584,6188750000,734000000
3585,6191250000,734000000
3586,6193750000,734000000
3587,6196250000,734000000
3588,6198750000,734000000
3589,6201250000,735000000
3590,6203750000,735000000
3591,6206250000,735000000
3592,6208750000,735000000
3593,6211250000,735000000
3594,6213750000,736000000
3595,6216250000,736000000
3596,6218750000,736000000
3597,6221250000,736000000
3598,6223750000,736000000
3599,6226250000,737000000
3600,6228750000,737000000
3601,6231250000,737000000
3602,6233750000,737000000
3603,6236250000,737000000
3604,6238750000,738000000
3605,6241250000,738000000
3606,6243750000,738000000
3607,6246250000,738000000
3608,6248750000,738000000
3609,6251250000,739000000
3610,6253750000,739000000
3611,6256250000,739000000
3612,6258750000,739000000
3613,6261250000,739000000
3614,6263750000,740000000
3615,6266250000,740000000
3616,6268750000,740000000
3617,6271250000,740000000
3618,6273750000,740000000
3619,6276250000,741000000
3620,6278750000,741000000
3621,6281250000,741000000
3622,6283750000,741000000
3623,6286250000,741000000
3624,6288750000,742000000
3625,6291250000,742000000
3626,6293750000,742000000
3627,6296250000,742000000
3628,6298750000,743000000
3629,6301250000,743000000
3630,6303750000,743000000
3631,6306250000,743000000
3632,6308750000,743000000
3633,6311250000,744000000
3634,6313750000,744000000
3635,6316250000,744000000
3636,6318750000,744000000
3637,6321250000,744000000
3638,6323750000,745000000
3639,6326250000,745000000
3640,6328750000,745000000
3641,6331250000,745000000
3642,6333750000,745000000
3643,6336250000,746000000
3644,6338750000,746000000
3645,6341250000,746000000
3646,6343750000,746000000
3647,6346250000,746000000
3648,6348750000,747000000
3649,6351250000,747000000
3650,6353750000,747000000
3651,6356250000,747000000
3652,6358750000,747000000
3653,6361250000,748000000
3654,6363750000,748000000
3655,6366250000,748000000
3656,6368750000,748000000
3657,6371250000,748000000
3658,6373750000,749000000
3659,6376250000,749000000
3660,6378750000,749000000
3661,6381250000,749000000
3662,6383750000,749000000
3663,6386250000,750000000
3664,6388750000,750000000
3665,6391250000,750000000
3666,6393750000,750000000
3667,6396250000,751000000
3668,6398750000,751000000
3669,6401250000,751000000
3670,6403750000,751000000
3671,6406250000,751000000
3672,6408750000,752000000
3673,6411250000,752000000
3674,6413750000,752000000
3675,6416250000,752000000
3676,6418750000,752000000
3677,6421250000,753000000
3678,6423750000,753000000
3679,6426250000,753000000
3680,6428750000,753000000
3681,6431250000,753000000
3682,6433750000,754000000
3683,6436250000,754000000
3684,6438750000,754000000
3685,6441250000,754000000
3686,6443750000,754000000
3687,6446250000,755000000
3688,6448750000,755000000
3689,6451250000,755000000
3690,6453750000,755000000
3691,6456250000,755000000
3692,6458750000,756000000
3693,6461250000,756000000
3694,6463750000,756000000
3695,6466250000,756000000
3696,6468750000,756000000
3697,6471250000,757000000
3698,6473750000,757000000
3699,6476250000,757000000
3700,6478750000,757000000
3701,6481250000,757000000
3702,6483750000,758000000
3703,6486250000,758000000
3704,6488750000,758000000
3705,6491250000,758000000
3706,6493750000,758000000
3707,6496250000,759000000
3708,6498750000,759000000
3709,6501250000,759000000
3710,6503750000,759000000
3711,6506250000,760000000
3712,6508750000,760000000
3713,6511250000,760000000
3714,6513750000,760000000
3715,6516250000,760000000
3716,6518750000,761000000
3717,6521250000,761000000
3718,6523750000,761000000
3719,6526250000,761000000
3720,6528750000,761000000
3721,6531250000,762000000
3722,6533750000,762000000
3723,6536250000,762000000
3724,6538750000,762000000
3725,6541250000,762000000
3726,6543750000,763000000
3727,6546250000,763000000
3728,6548750000,763000000
3729,6551250000,763000000
3730,6553750000,763000000
3731,6556250000,764000000
3732,6558750000,764000000
3733,6561250000,764000000
3734,6563750000,764000000
3735,6566250000,764000000
3736,6568750000,765000000
3737,6571250000,765000000
3738,6573750000,765000000
3739,6576250000,765000000
3740,6578750000,765000000
3741,6581250000,766000000
3742,6583750000,766000000
3743,6586250000,766000000
3744,6588750000,766000000
3745,6591250000,766000000
3746,6593750000,767000000
3747,6596250000,767000000
3748,6598750000,767000000
3749,6601250000,767000000
3750,6603750000,768000000
3751,6606250000,768000000
3752,6608750000,768000000
3753,6611250000,768000000
3754,6613750000,768000000
3755,6616250000,769000000
3756,6618750000,769000000
3757,6621250000,769000000
3758,6623750000,769000000
3759,6626250000,769000000
3760,6628750000,770000000
3761,6631250000,770000000
3762,6633750000,770000000
3763,6636250000,770000000
3764,6638750000,770000000
3765,6641250000,771000000
3766,6643750000,771000000
3767,6646250000,771000000
3768,6648750000,771000000
3769,6651250000,771000000
3770,6653750000,772000000
3771,6656250000,772000000
3772,6658750000,772000000
3773,6661250000,772000000
3774,6663750000,772000000
3775,6666250000,773000000
3776,6668750000,773000000
3777,6671250000,773000000
3778,6673750000,773000000
3779,6676250000,773000000
3780,6678750000,774000000
3781,6681250000,774000000
3782,6683750000,774000000
3783,6686250000,774000000
3784,6688750000,774000000
3785,6691250000,775000000
3786,6693750000,775000000
3787,6696250000,775000000
3788,6698750000,775000000
3789,6701250000,775000000
3790,6703750000,776000000
3791,6706250000,776000000
3792,6708750000,776000000
3793,6711250000,776000000
3794,6713750000,777000000
3795,6716250000,777000000
3796,6718750000,777000000
3797,6721250000,777000000
3798,6723750000,777000000
3799,6726250000,778000000
3800,6728750000,778000000
3801,6731250000,778000000
3802,6733750000,778000000
3803,6736250000,778000000
3804,6738750000,779000000
3805,6741250000,779000000
3806,6743750000,779000000
3807,6746250000,779000000
3808,6748750000,779000000
3809,6751250000,780000000
3810,6753750000,780000000
3811,6756250000,780000000
3812,6758750000,780000000
3813,6761250000,780000000
3814,6763750000,781000000
3815,6766250000,781000000
3816,6768750000,781000000
3817,6771250000,781000000
3818,6773750000,781000000
3819,6776250000,782000000
3820,6778750000,782000000
3821,6781250000,782000000
3822,6783750000,782000000
3823,6786250000,782000000
3824,6788750000,783000000
3825,6791250000,783000000
3826,6793750000,783000000
3827,6796250000,783000000
3828,6798750000,783000000
3829,6801250000,784000000
3830,6803750000,784000000
3831,6806250000,784000000
3832,6808750000,784000000
3833,6811250000,784000000
3834,6813750000,785000000
3835,6816250000,785000000
3836,6818750000,785000000
3837,6821250000,785000000
3838,6823750000,786000000
3839,6826250000,786000000
3840,6828750000,786000000
3841,6831250000,786000000
3842,6833750000,786000000
3843,6836250000,787000000
3844,6838750000,787000000
3845,6841250000,787000000
3846,6843750000,787000000
3847,6846250000,787000000
3848,6848750000,788000000
3849,6851250000,788000000
3850,6853750000,788000000
3851,6856250000,788000000
3852,6858750000,788000000
3853,6861250000,789000000
3854,6863750000,789000000
3855,6866250000,789000000
3856,6868750000,789000000
3857,6871250000,789000000
3858,6873750000,790000000
3859,6876250000,790000000
3860,6878750000,790000000
3861,6881250000,790000000
3862,6883750000,790000000
3863,6886250000,791000000
3864,6888750000,791000000
3865,6891250000,791000000
3866,6893750000,791000000
3867,6896250000,791000000
3868,6898750000,792000000
3869,6901250000,792000000
3870,6903750000,792000000
3871,6906250000,792000000
3872,6908750000,792000000
3873,6911250000,793000000
3874,6913750000,793000000
3875,6916250000,793000000
3876,6918750000,793000000
3877,6921250000,794000000
3878,6923750000,794000000
3879,6926250000,794000000
3880,6928750000,794000000
3881,6931250000,794000000
3882,6933750000,795000000
3883,6936250000,795000000
3884,6938750000,795000000
3885,6941250000,795000000
3886,6943750000,795000000
3887,6946250000,796000000
3888,6948750000,796000000
3889,6951250000,796000000
3890,6953750000,796000000
3891,6956250000,796000000
3892,6958750000,797000000
3893,6961250000,797000000
3894,6963750000,797000000
3895,6966250000,797000000
3896,6968750000,797000000
3897,6971250000,798000000
3898,6973750000,798000000
3899,6976250000,798000000
3900,6978750000,798000000
3901,6981250000,798000000
3902,6983750000,799000000
3903,6986250000,799000000
3904,6988750000,799000000
3905,6991250000,799000000
3906,6993750000,799000000
3907,6996250000,800000000
3908,6998750000,800000000
3909,7001250000,800000000
3910,7003750000,800000000
3911,7006250000,800000000
3912,7008750000,801000000
3913,7011250000,801000000
3914,7013750000,801000000
3915,7016250000,801000000
3916,7018750000,801000000
3917,7021250000,802000000
3918,7023750000,802000000
3919,7026250000,802000000
3920,7028750000,802000000
3921,7031250000,803000000
3922,7033750000,803000000
3923,7036250000,803000000
3924,7038750000,803000000
3925,7041250000,803000000
3926,7043750000,804000000
3927,7046250000,804000000
3928,7048750000,804000000
3929,7051250000,804000000
3930,7053750000,804000000
3931,7056250000,805000000
3932,7058750000,805000000
3933,7061250000,805000000
3934,7063750000,805000000
3935,7066250000,805000000
3936,7068750000,806000000
3937,7071250000,806000000
3938,7073750000,806000000
3939,7076250000,806000000
3940,7078750000,806000000
3941,7081250000,807000000
3942,7083750000,807000000
3943,7086250000,807000000
3944,7088750000,807000000
3945,7091250000,807000000
3946,7093750000,808000000
3947,7096250000,808000000
3948,7098750000,808000000
3949,7101250000,808000000
3950,7103750000,808000000
3951,7106250000,809000000
3952,7108750000,809000000
3953,7111250000,809000000
3954,7113750000,809000000
3955,7116250000,809000000
3956,7118750000,810000000
3957,7121250000,810000000
3958,7123750000,810000000
3959,7126250000,810000000
3960,7128750000,811000000
3961,7131250000,811000000
3962,7133750000,811000000
3963,7136250000,811000000
3964,7138750000,811000000
3965,7141250000,812000000
3966,7143750000,812000000
3967,7146250000,812000000
3968,7148750000,812000000
3969,7151250000,812000000
3970,7153750000,813000000
3971,7156250000,813000000
3972,7158750000,813000000
3973,7161250000,813000000
3974,7163750000,813000000
3975,7166250000,814000000
3976,7168750000,814000000
3977,7171250000,814000000
3978,7173750000,814000000
3979,7176250000,814000000
3980,7178750000,815000000
3981,7181250000,815000000
3982,7183750000,815000000
3983,7186250000,815000000
3984,7188750000,815000000
3985,7191250000,816000000
3986,7193750000,816000000
3987,7196250000,816000000
3988,7198750000,816000000
3989,7201250000,816000000
3990,7203750000,817000000
3991,7206250000,817000000
3992,7208750000,817000000
3993,7211250000,817000000
3994,7213750000,817000000
3995,7216250000,818000000
3996,7218750000,818000000
3997,7221250000,818000000
3998,7223750000,818000000
3999,7226250000,818000000
4000,7228750000,819000000
4001,7231250000,819000000
4002,7233750000,819000000
4003,7236250000,819000000
4004,7238750000,820000000
4005,7241250000,820000000
4006,7243750000,820000000
4007,7246250000,820000000
4008,7248750000,820000000
4009,7251250000,821000000
4010,7253750000,821000000
4011,7256250000,821000000
4012,7258750000,821000000
4013,7261250000,821000000
4014,7263750000,822000000
4015,7266250000,822000000
4016,7268750000,822000000
4017,7271250000,822000000
4018,7273750000,822000000
4019,7276250000,823000000
4020,7278750000,823000000
4021,7281250000,823000000
4022,7283750000,823000000
4023,7286250000,823000000
4024,7288750000,824000000
4025,7291250000,824000000
4026,7293750000,824000000
4027,7296250000,824000000
4028,7298750000,824000000
4029,7301250000,825000000
4030,7303750000,825000000
4031,7306250000,825000000
4032,7308750000,825000000
4033,7311250000,825000000
4034,7313750000,826000000
4035,7316250000,826000000
4036,7318750000,826000000
4037,7321250000,826000000
4038,7323750000,826000000
4039,7326250000,827000000
4040,7328750000,827000000
4041,7331250000,827000000
4042,7333750000,827000000
4043,7336250000,828000000
4044,7338750000,828000000
4045,7341250000,828000000
4046,7343750000,828000000
4047,7346250000,828000000
4048,7348750000,829000000
4049,7351250000,829000000
4050,7353750000,829000000
4051,7356250000,829000000
4052,7358750000,829000000
4053,7361250000,830000000
4054,7363750000,830000000
4055,7366250000,830000000
4056,7368750000,830000000
4057,7371250000,830000000
4058,7373750000,831000000
4059,7376250000,831000000
4060,7378750000,831000000
4061,7381250000,831000000
4062,7383750000,831000000
4063,7386250000,832000000
4064,7388750000,832000000
4065,7391250000,832000000
4066,7393750000,832000000
4067,7396250000,832000000
4068,7398750000,833000000
4069,7401250000,833000000
4070,7403750000,833000000
4071,7406250000,833000000
4072,7408750000,833000000
4073,7411250000,834000000
4074,7413750000,834000000
4075,7416250000,834000000
4076,7418750000,834000000
4077,7421250000,834000000
4078,7423750000,835000000
4079,7426250000,835000000
4080,7428750000,835000000
4081,7431250000,835000000
4082,7433750000,835000000
4083,7436250000,836000000
4084,7438750000,836000000
4085,7441250000,836000000
4086,7443750000,836000000
4087,7446250000,837000000
4088,7448750000,837000000
4089,7451250000,837000000
4090,7453750000,837000000
4091,7456250000,837000000
4092,7458750000,838000000
4093,7461250000,838000000
4094,7463750000,838000000
4095,7466250000,838000000
4096,7468750000,838000000
4097,7471250000,839000000
4098,7473750000,839000000
4099,7476250000,839000000
4100,7478750000,839000000
4101,7481250000,839000000
4102,7483750000,840000000
4103,7486250000,840000000
4104,7488750000,840000000
4105,7491250000,840000000
4106,7493750000,840000000
4107,7496250000,841000000
4108,7498750000,841000000
4109,7501250000,841000000
4110,7503750000,841000000
4111,7506250000,841000000
4112,7508750000,842000000
4113,7511250000,842000000
4114,7513750000,842000000
4115,7516250000,842000000
4116,7518750000,842000000
4117,7521250000,843000000
4118,7523750000,843000000
4119,7526250000,843000000
4120,7528750000,843000000
4121,7531250000,843000000
4122,7533750000,844000000
4123,7536250000,844000000
4124,7538750000,844000000
4125,7541250000,844000000
4126,7543750000,845000000
4127,7546250000,845000000
4128,7548750000,845000000
4129,7551250000,845000000
4130,7553750000,845000000
4131,7556250000,846000000
4132,7558750000,846000000
4133,7561250000,846000000
4134,7563750000,846000000
4135,7566250000,846000000
4136,7568750000,847000000
4137,7571250000,847000000
4138,7573750000,847000000
4139,7576250000,847000000
4140,7578750000,847000000
4141,7581250000,848000000
4142,7583750000,848000000
4143,7586250000,848000000
4144,7588750000,848000000
4145,7591250000,848000000
4146,7593750000,849000000
4147,7596250000,849000000
4148,7598750000,849000000
4149,7601250000,849000000
4150,7603750000,849000000
4151,7606250000,850000000
4152,7608750000,850000000
4153,7611250000,850000000
4154,7613750000,850000000
4155,7616250000,850000000
4156,7618750000,851000000
4157,7621250000,851000000
4158,7623750000,851000000
4159,7626250000,851000000
4160,7628750000,851000000
4161,7631250000,852000000
4162,7633750000,852000000
4163,7636250000,852000000
4164,7638750000,852000000
4165,7641250000,852000000
4166,7643750000,853000000
4167,7646250000,853000000
4168,7648750000,853000000
4169,7651250000,853000000
4170,7653750000,854000000
4171,7656250000,854000000
4172,7658750000,854000000
4173,7661250000,854000000
4174,7663750000,854000000
4175,7666250000,855000000
4176,7668750000,855000000
4177,7671250000,855000000
4178,7673750000,855000000
4179,7676250000,855000000
4180,7678750000,856000000
4181,7681250000,856000000
4182,7683750000,856000000
4183,7686250000,856000000
4184,7688750000,856000000
4185,7691250000,857000000
4186,7693750000,857000000
4187,7696250000,857000000
4188,7698750000,857000000
4189,7701250000,857000000
4190,7703750000,858000000
4191,7706250000,858000000
4192,7708750000,858000000
4193,7711250000,858000000
4194,7713750000,858000000
4195,7716250000,859000000
4196,7718750000,859000000
4197,7721250000,859000000
4198,7723750000,859000000
4199,7726250000,859000000
4200,7728750000,860000000
4201,7731250000,860000000
4202,7733750000,860000000
4203,7736250000,860000000
4204,7738750000,860000000
4205,7741250000,861000000
4206,7743750000,861000000
4207,7746250000,861000000
4208,7748750000,861000000
4209,7751250000,862000000
4210,7753750000,862000000
4211,7756250000,862000000
4212,7758750000,862000000
4213,7761250000,862000000
4214,7763750000,863000000
4215,7766250000,863000000
4216,7768750000,863000000
4217,7771250000,863000000
4218,7773750000,863000000
4219,7776250000,864000000
4220,7778750000,864000000
4221,7781250000,864000000
4222,7783750000,864000000
4223,7786250000,864000000
4224,7788750000,865000000
4225,7791250000,865000000
4226,7793750000,865000000
4227,7796250000,865000000
4228,7798750000,865000000
4229,7801250000,866000000
4230,7803750000,866000000
4231,7806250000,866000000
4232,7808750000,866000000
4233,7811250000,866000000
4234,7813750000,867000000
4235,7816250000,867000000
4236,7818750000,867000000
4237,7821250000,867000000
4238,7823750000,867000000
4239,7826250000,868000000
4240,7828750000,868000000
4241,7831250000,868000000
4242,7833750000,868000000
4243,7836250000,868000000
4244,7838750000,869000000
4245,7841250000,869000000
4246,7843750000,869000000
4247,7846250000,869000000
4248,7848750000,869000000
4249,7851250000,870000000
4250,7853750000,870000000
4251,7856250000,870000000
4252,7858750000,870000000
4253,7861250000,871000000
4254,7863750000,871000000
4255,7866250000,871000000
4256,7868750000,871000000
4257,7871250000,871000000
4258,7873750000,872000000
4259,7876250000,872000000
4260,7878750000,872000000
4261,7881250000,872000000
4262,7883750000,872000000
4263,7886250000,873000000
4264,7888750000,873000000
4265,7891250000,873000000
4266,7893750000,873000000
4267,7896250000,873000000
4268,7898750000,874000000
4269,7901250000,874000000
4270,7903750000,874000000
4271,7906250000,874000000
4272,7908750000,874000000
4273,7911250000,875000000
4274,7913750000,875000000
4275,7916250000,875000000
4276,7918750000,875000000
4277,7921250000,875000000
4278,7923750000,876000000
4279,7926250000,876000000
4280,7928750000,876000000
4281,7931250000,876000000
4282,7933750000,876000000
4283,7936250000,877000000
4284,7938750000,877000000
4285,7941250000,877000000
4286,7943750000,877000000
4287,7946250000,877000000
4288,7948750000,878000000
4289,7951250000,878000000
4290,7953750000,878000000
4291,7956250000,878000000
4292,7958750000,879000000
4293,7961250000,879000000
4294,7963750000,879000000
4295,7966250000,879000000
4296,7968750000,879000000
4297,7971250000,880000000
4298,7973750000,880000000
4299,7976250000,880000000
4300,7978750000,880000000
4301,7981250000,880000000
4302,7983750000,881000000
4303,7986250000,881000000
4304,7988750000,881000000
4305,7991250000,881000000
4306,7993750000,881000000
4307,7996250000,882000000
4308,7998750000,882000000
4309,8001250000,882000000
4310,8003750000,882000000
4311,8006250000,882000000
4312,8008750000,883000000
4313,8011250000,883000000
4314,8013750000,883000000
4315,8016250000,883000000
4316,8018750000,883000000
4317,8021250000,884000000
4318,8023750000,884000000
4319,8026250000,884000000
4320,8028750000,884000000
4321,8031250000,884000000
4322,8033750000,885000000
4323,8036250000,885000000
4324,8038750000,885000000
4325,8041250000,885000000
4326,8043750000,885000000
4327,8046250000,886000000
4328,8048750000,886000000
4329,8051250000,886000000
4330,8053750000,886000000
4331,8056250000,886000000
4332,8058750000,887000000
4333,8061250000,887000000
4334,8063750000,887000000
4335,8066250000,887000000
4336,8068750000,888000000
4337,8071250000,888000000
4338,8073750000,888000000
4339,8076250000,888000000
4340,8078750000,888000000
4341,8081250000,889000000
4342,8083750000,889000000
4343,8086250000,889000000
4344,8088750000,889000000
4345,8091250000,889000000
4346,8093750000,890000000
4347,8096250000,890000000
4348,8098750000,890000000
4349,8101250000,890000000
4350,8103750000,890000000
4351,8106250000,891000000
4352,8108750000,891000000
4353,8111250000,891000000
4354,8113750000,891000000
4355,8116250000,891000000
4356,8118750000,892000000
4357,8121250000,892000000
4358,8123750000,892000000
4359,8126250000,892000000
4360,8128750000,892000000
4361,8131250000,893000000
4362,8133750000,893000000
4363,8136250000,893000000
4364,8138750000,893000000
4365,8141250000,893000000
4366,8143750000,894000000
4367,8146250000,894000000
4368,8148750000,894000000
4369,8151250000,894000000
4370,8153750000,894000000
4371,8156250000,895000000
4372,8158750000,895000000
4373,8161250000,895000000
4374,8163750000,895000000
4375,8166250000,896000000
4376,8168750000,896000000
4377,8171250000,896000000
4378,8173750000,896000000
4379,8176250000,896000000
4380,8178750000,897000000
4381,8181250000,897000000
4382,8183750000,897000000
4383,8186250000,897000000
4384,8188750000,897000000
4385,8191250000,898000000
4386,8193750000,898000000
4387,8196250000,898000000
4388,8198750000,898000000
4389,8201250000,898000000
4390,8203750000,899000000
4391,8206250000,899000000
4392,8208750000,899000000
4393,8211250000,899000000
4394,8213750000,899000000
4395,8216250000,900000000
4396,8218750000,900000000
4397,8221250000,900000000
4398,8223750000,900000000
4399,8226250000,900000000
4400,8228750000,901000000
4401,8231250000,901000000
4402,8233750000,901000000
4403,8236250000,901000000
4404,8238750000,901000000
4405,8241250000,902000000
4406,8243750000,902000000
4407,8246250000,902000000
4408,8248750000,902000000
4409,8251250000,902000000
4410,8253750000,903000000
4411,8256250000,903000000
4412,8258750000,903000000
4413,8261250000,903000000
4414,8263750000,903000000
4415,8266250000,904000000
4416,8268750000,904000000
4417,8271250000,904000000
4418,8273750000,904000000
4419,8276250000,905000000
4420,8278750000,905000000
4421,8281250000,905000000
4422,8283750000,905000000
4423,8286250000,905000000
4424,8288750000,906000000
4425,8291250000,906000000
4426,8293750000,906000000
4427,8296250000,906000000
4428,8298750000,906000000
4429,8301250000,907000000
4430,8303750000,907000000
4431,8306250000,907000000
4432,8308750000,907000000
4433,8311250000,907000000
4434,8313750000,908000000
4435,8316250000,908000000
4436,8318750000,908000000
4437,8321250000,908000000
4438,8323750000,908000000
4439,8326250000,909000000
4440,8328750000,909000000
4441,8331250000,909000000
4442,8333750000,909000000
4443,8336250000,909000000
4444,8338750000,910000000
4445,8341250000,910000000
4446,8343750000,910000000
4447,8346250000,910000000
4448,8348750000,910000000
4449,8351250000,911000000
4450,8353750000,911000000
4451,8356250000,911000000
4452,8358750000,911000000
4453,8361250000,911000000
4454,8363750000,912000000
4455,8366250000,912000000
4456,8368750000,912000000
4457,8371250000,912000000
4458,8373750000,912000000
4459,8376250000,913000000
4460,8378750000,913000000
4461,8381250000,913000000
4462,8383750000,913000000
4463,8386250000,914000000
4464,8388750000,914000000
4465,8391250000,914000000
4466,8393750000,914000000
4467,8396250000,914000000
4468,8398750000,915000000
4469,8401250000,915000000
4470,8403750000,915000000
4471,8406250000,915000000
4472,8408750000,915000000
4473,8411250000,916000000
4474,8413750000,916000000
4475,8416250000,916000000
4476,8418750000,916000000
4477,8421250000,916000000
4478,8423750000,917000000
4479,8426250000,917000000
4480,8428750000,917000000
4481,8431250000,917000000
4482,8433750000,917000000
4483,8436250000,918000000
4484,8438750000,918000000
4485,8441250000,918000000
4486,8443750000,918000000
4487,8446250000,918000000
4488,8448750000,919000000
4489,8451250000,919000000
4490,8453750000,919000000
4491,8456250000,919000000
4492,8458750000,919000000
4493,8461250000,920000000
4494,8463750000,920000000
4495,8466250000,920000000
4496,8468750000,920000000
4497,8471250000,920000000
4498,8473750000,921000000
4499,8476250000,921000000
4500,8478750000,921000000
4501,8481250000,921000000
4502,8483750000,922000000
4503,8486250000,922000000
4504,8488750000,922000000
4505,8491250000,922000000
4506,8493750000,922000000
4507,8496250000,923000000
4508,8498750000,923000000
4509,8501250000,923000000
4510,8503750000,923000000
4511,8506250000,923000000
4512,8508750000,924000000
4513,8511250000,924000000
4514,8513750000,924000000
4515,8516250000,924000000
4516,8518750000,924000000
4517,8521250000,925000000
4518,8523750000,925000000
4519,8526250000,925000000
4520,8528750000,925000000
4521,8531250000,925000000
4522,8533750000,926000000
4523,8536250000,926000000
4524,8538750000,926000000
4525,8541250000,926000000
4526,8543750000,926000000
4527,8546250000,927000000
4528,8548750000,927000000
4529,8551250000,927000000
4530,8553750000,927000000
4531,8556250000,927000000
4532,8558750000,928000000
4533,8561250000,928000000
4534,8563750000,928000000
4535,8566250000,928000000
4536,8568750000,928000000
4537,8571250000,929000000
4538,8573750000,929000000
4539,8576250000,929000000
4540,8578750000,929000000
4541,8581250000,929000000
4542,8583750000,930000000
4543,8586250000,930000000
4544,8588750000,930000000
4545,8591250000,930000000
4546,8593750000,931000000
4547,8596250000,931000000
4548,8598750000,931000000
4549,8601250000,931000000
4550,8603750000,931000000
4551,8606250000,932000000
4552,8608750000,932000000
4553,8611250000,932000000
4554,8613750000,932000000
4555,8616250000,932000000
4556,8618750000,933000000
4557,8621250000,933000000
4558,8623750000,933000000
4559,8626250000,933000000
4560,8628750000,933000000
4561,8631250000,934000000
4562,8633750000,934000000
4563,8636250000,934000000
4564,8638750000,934000000
4565,8641250000,934000000
4566,8643750000,935000000
4567,8646250000,935000000
4568,8648750000,935000000
4569,8651250000,935000000
4570,8653750000,935000000
4571,8656250000,936000000
4572,8658750000,936000000
4573,8661250000,936000000
4574,8663750000,936000000
4575,8666250000,936000000
4576,8668750000,937000000
4577,8671250000,937000000
4578,8673750000,937000000
4579,8676250000,937000000
4580,8678750000,937000000
4581,8681250000,938000000
4582,8683750000,938000000
4583,8686250000,938000000
4584,8688750000,938000000
4585,8691250000,939000000
4586,8693750000,939000000
4587,8696250000,939000000
4588,8698750000,939000000
4589,8701250000,939000000
4590,8703750000,940000000
4591,8706250000,940000000
4592,8708750000,940000000
4593,8711250000,940000000
4594,8713750000,940000000
4595,8716250000,941000000
4596,8718750000,941000000
4597,8721250000,941000000
4598,8723750000,941000000
4599,8726250000,941000000
4600,8728750000,942000000
4601,8731250000,942000000
4602,8733750000,942000000
4603,8736250000,942000000
4604,8738750000,942000000
4605,8741250000,943000000
4606,8743750000,943000000
4607,8746250000,943000000
4608,8748750000,943000000
4609,8751250000,943000000
4610,8753750000,944000000
4611,8756250000,944000000
4612,8758750000,944000000
4613,8761250000,944000000
4614,8763750000,944000000
4615,8766250000,945000000
4616,8768750000,945000000
4617,8771250000,945000000
4618,8773750000,945000000
4619,8776250000,945000000
4620,8778750000,946000000
4621,8781250000,946000000
4622,8783750000,946000000
4623,8786250000,946000000
4624,8788750000,946000000
4625,8791250000,947000000
4626,8793750000,947000000
4627,8796250000,947000000
4628,8798750000,947000000
4629,8801250000,948000000
4630,8803750000,948000000
4631,8806250000,948000000
4632,8808750000,948000000
4633,8811250000,948000000
4634,8813750000,949000000
4635,8816250000,949000000
4636,8818750000,949000000
4637,8821250000,949000000
4638,8823750000,949000000
4639,8826250000,950000000
4640,8828750000,950000000
4641,8831250000,950000000
4642,8833750000,950000000
4643,8836250000,950000000
4644,8838750000,951000000
4645,8841250000,951000000
4646,8843750000,951000000
4647,8846250000,951000000
4648,8848750000,951000000
4649,8851250000,952000000
4650,8853750000,952000000
4651,8856250000,952000000
4652,8858750000,952000000
4653,8861250000,952000000
4654,8863750000,953000000
4655,8866250000,953000000
4656,8868750000,953000000
4657,8871250000,953000000
4658,8873750000,953000000
4659,8876250000,954000000
4660,8878750000,954000000
4661,8881250000,954000000
4662,8883750000,954000000
4663,8886250000,954000000
4664,8888750000,955000000
4665,8891250000,955000000
4666,8893750000,955000000
4667,8896250000,955000000
4668,8898750000,956000000
4669,8901250000,956000000
4670,8903750000,956000000
4671,8906250000,956000000
4672,8908750000,956000000
4673,8911250000,957000000
4674,8913750000,957000000
4675,8916250000,957000000
4676,8918750000,957000000
4677,8921250000,957000000
4678,8923750000,958000000
4679,8926250000,958000000
4680,8928750000,958000000
4681,8931250000,958000000
4682,8933750000,958000000
4683,8936250000,959000000
4684,8938750000,959000000
4685,8941250000,959000000
4686,8943750000,959000000
4687,8946250000,959000000
4688,8948750000,960000000
4689,8951250000,960000000
4690,8953750000,960000000
4691,8956250000,960000000
4692,8958750000,960000000
4693,8961250000,961000000
4694,8963750000,961000000
4695,8966250000,961000000
4696,8968750000,961000000
4697,8971250000,961000000
4698,8973750000,962000000
4699,8976250000,962000000
4700,8978750000,962000000
4701,8981250000,962000000
4702,8983750000,962000000
4703,8986250000,963000000
4704,8988750000,963000000
4705,8991250000,963000000
4706,8993750000,963000000
4707,8996250000,963000000
4708,8998750000,964000000
4709,9001250000,964000000
4710,9003750000,964000000
4711,9006250000,964000000
4712,9008750000,965000000
4713,9011250000,965000000
4714,9013750000,965000000
4715,9016250000,965000000
4716,9018750000,965000000
4717,9021250000,966000000
4718,9023750000,966000000
4719,9026250000,966000000
4720,9028750000,966000000
4721,9031250000,966000000
4722,9033750000,967000000
4723,9036250000,967000000
4724,9038750000,967000000
4725,9041250000,967000000
4726,9043750000,967000000
4727,9046250000,968000000
4728,9048750000,968000000
4729,9051250000,968000000
4730,9053750000,968000000
4731,9056250000,968000000
4732,9058750000,969000000
4733,9061250000,969000000
4734,9063750000,969000000
4735,9066250000,969000000
4736,9068750000,969000000
4737,9071250000,970000000
4738,9073750000,970000000
4739,9076250000,970000000
4740,9078750000,970000000
4741,9081250000,970000000
4742,9083750000,971000000
4743,9086250000,971000000
4744,9088750000,971000000
4745,9091250000,971000000
4746,9093750000,971000000
4747,9096250000,972000000
4748,9098750000,972000000
4749,9101250000,972000000
4750,9103750000,972000000
4751,9106250000,973000000
4752,9108750000,973000000
4753,9111250000,973000000
4754,9113750000,973000000
4755,9116250000,973000000
4756,9118750000,974000000
4757,9121250000,974000000
4758,9123750000,974000000
4759,9126250000,974000000
4760,9128750000,974000000
4761,9131250000,975000000
4762,9133750000,975000000
4763,9136250000,975000000
4764,9138750000,975000000
4765,9141250000,975000000
4766,9143750000,976000000
4767,9146250000,976000000
4768,9148750000,976000000
4769,9151250000,976000000
4770,9153750000,976000000
4771,9156250000,977000000
4772,9158750000,977000000
4773,9161250000,977000000
4774,9163750000,977000000
4775,9166250000,977000000
4776,9168750000,978000000
4777,9171250000,978000000
4778,9173750000,978000000
4779,9176250000,978000000
4780,9178750000,978000000
4781,9181250000,979000000
4782,9183750000,979000000
4783,9186250000,979000000
4784,9188750000,979000000
4785,9191250000,979000000
4786,9193750000,980000000
4787,9196250000,980000000
4788,9198750000,980000000
4789,9201250000,980000000
4790,9203750000,980000000
4791,9206250000,981000000
4792,9208750000,981000000
4793,9211250000,981000000
4794,9213750000,981000000
4795,9216250000,982000000
4796,9218750000,982000000
4797,9221250000,982000000
4798,9223750000,982000000
4799,9226250000,982000000
4800,9228750000,983000000
4801,9231250000,983000000
4802,9233750000,983000000
4803,9236250000,983000000
4804,9238750000,983000000
4805,9241250000,984000000
4806,9243750000,984000000
4807,9246250000,984000000
4808,9248750000,984000000
4809,9251250000,984000000
4810,9253750000,985000000
4811,9256250000,985000000
4812,9258750000,985000000
4813,9261250000,985000000
4814,9263750000,985000000
4815,9266250000,986000000
4816,9268750000,986000000
4817,9271250000,986000000
4818,9273750000,986000000
4819,9276250000,986000000
4820,9278750000,987000000
4821,9281250000,987000000
4822,9283750000,987000000
4823,9286250000,987000000
4824,9288750000,987000000
4825,9291250000,988000000
4826,9293750000,988000000
4827,9296250000,988000000
4828,9298750000,988000000
4829,9301250000,988000000
4830,9303750000,989000000
4831,9306250000,989000000
4832,9308750000,989000000
4833,9311250000,989000000
4834,9313750000,990000000
4835,9316250000,990000000
4836,9318750000,990000000
4837,9321250000,990000000
4838,9323750000,990000000
4839,9326250000,991000000
4840,9328750000,991000000
4841,9331250000,991000000
4842,9333750000,991000000
4843,9336250000,991000000
4844,9338750000,992000000
4845,9341250000,992000000
4846,9343750000,992000000
4847,9346250000,992000000
4848,9348750000,992000000
4849,9351250000,993000000
4850,9353750000,993000000
4851,9356250000,993000000
4852,9358750000,993000000
4853,9361250000,993000000
4854,9363750000,994000000
4855,9366250000,994000000
4856,9368750000,994000000
4857,9371250000,994000000
4858,9373750000,994000000
4859,9376250000,995000000
4860,9378750000,995000000
4861,9381250000,995000000
4862,9383750000,995000000
4863,9386250000,995000000
4864,9388750000,996000000
4865,9391250000,996000000
4866,9393750000,996000000
4867,9396250000,996000000
4868,9398750000,996000000
4869,9401250000,997000000
4870,9403750000,997000000
4871,9406250000,997000000
4872,9408750000,997000000
4873,9411250000,997000000
4874,9413750000,998000000
4875,9416250000,998000000
4876,9418750000,998000000
4877,9421250000,998000000
4878,9423750000,999000000
4879,9426250000,999000000
4880,9428750000,999000000
4881,9431250000,999000000
4882,9433750000,999000000
4883,9436250000,1000000000
4884,9438750000,1000000000
4885,9441250000,1000000000
4886,9443750000,1000000000
4887,9446250000,1000000000
4888,9448750000,1000000000
4889,9451250000,1000000000
4890,9453750000,1000000000
4891,9456250000,1000000000
4892,9458750000,1000000000
4893,9461250000,1000000000
4894,9463750000,1000000000
4895,9466250000,1000000000
4896,9468750000,1000000000
4897,9471250000,1000000000
4898,9473750000,1000000000
4899,9476250000,1000000000
4900,9478750000,1000000000
4901,9481250000,1000000000
4902,9483750000,1000000000
4903,9486250000,1000000000
4904,9488750000,1000000000
4905,9491250000,1000000000
4906,9493750000,1000000000
4907,9496250000,1000000000
4908,9498750000,1000000000
4909,9501250000,1000000000
4910,9503750000,1000000000
4911,9506250000,1000000000
4912,9508750000,1000000000
4913,9511250000,1000000000
4914,9513750000,1000000000
4915,9516250000,1000000000
4916,9518750000,1000000000
4917,9521250000,1000000000
4918,9523750000,1000000000
4919,9526250000,1000000000
4920,9528750000,1000000000
4921,9531250000,1000000000
4922,9533750000,1000000000
4923,9536250000,1000000000
4924,9538750000,1000000000
4925,9541250000,1000000000
4926,9543750000,1000000000
4927,9546250000,1000000000
4928,9548750000,1000000000
4929,9551250000,1000000000
4930,9553750000,1000000000
4931,9556250000,1000000000
4932,9558750000,1010000000
4933,9561250000,1010000000
4934,9563750000,1010000000
4935,9566250000,1010000000
4936,9568750000,1010000000
4937,9571250000,1010000000
4938,9573750000,1010000000
4939,9576250000,1010000000
4940,9578750000,1010000000
4941,9581250000,1010000000
4942,9583750000,1010000000
4943,9586250000,1010000000
4944,9588750000,1010000000
4945,9591250000,1010000000
4946,9593750000,1010000000
4947,9596250000,1010000000
4948,9598750000,1010000000
4949,9601250000,1010000000
4950,9603750000,1010000000
4951,9606250000,1010000000
4952,9608750000,1010000000
4953,9611250000,1010000000
4954,9613750000,1010000000
4955,9616250000,1010000000
4956,9618750000,1010000000
4957,9621250000,1010000000
4958,9623750000,1010000000
4959,9626250000,1010000000
4960,9628750000,1010000000
4961,9631250000,1010000000
4962,9633750000,1010000000
4963,9636250000,1010000000
4964,9638750000,1010000000
4965,9641250000,1010000000
4966,9643750000,1010000000
4967,9646250000,1010000000
4968,9648750000,1010000000
4969,9651250000,1010000000
4970,9653750000,1010000000
4971,9656250000,1010000000
4972,9658750000,1010000000
4973,9661250000,1010000000
4974,9663750000,1010000000
4975,9666250000,1010000000
4976,9668750000,1010000000
4977,9671250000,1010000000
4978,9673750000,1010000000
4979,9676250000,1010000000
4980,9678750000,1010000000
4981,9681250000,1020000000
4982,9683750000,1020000000
4983,9686250000,1020000000
4984,9688750000,1020000000
4985,9691250000,1020000000
4986,9693750000,1020000000
4987,9696250000,1020000000
4988,9698750000,1020000000
4989,9701250000,1020000000
4990,9703750000,1020000000
4991,9706250000,1020000000
4992,9708750000,1020000000
4993,9711250000,1020000000
4994,9713750000,1020000000
4995,9716250000,1020000000
4996,9718750000,1020000000
4997,9721250000,1020000000
4998,9723750000,1020000000
4999,9726250000,1020000000
5000,9728750000,1020000000
5001,10010000000,1020000000
5002,10020000000,1020000000
5003,10030000000,1020000000
5004,10040000000,1020000000
5005,10050000000,1020000000
5006,10060000000,1020000000
5007,10070000000,1020000000
5008,10080000000,1020000000
5009,10090000000,1020000000
5010,10100000000,1020000000
5011,10110000000,1020000000
5012,10120000000,1020000000
5013,10130000000,1020000000
5014,10140000000,1020000000
5015,10150000000,1020000000
5016,10160000000,1020000000
5017,10170000000,1020000000
5018,10180000000,1020000000
5019,10190000000,1020000000
5020,10200000000,1020000000
5021,10210000000,1020000000
5022,10220000000,1020000000
5023,10230000000,1020000000
5024,10240000000,1020000000
5025,10250000000,1020000000
5026,10260000000,1020000000
5027,10270000000,1020000000
5028,10280000000,1020000000
5029,10290000000,1020000000
5030,10300000000,1030000000
5031,10310000000,1030000000
5032,10320000000,1030000000
5033,10330000000,1030000000
5034,10340000000,1030000000
5035,10350000000,1030000000
5036,10360000000,1030000000
5037,10370000000,1030000000
5038,10380000000,1030000000
5039,10390000000,1030000000
5040,10400000000,1030000000
5041,10410000000,1030000000
5042,10420000000,1030000000
5043,10430000000,1030000000
5044,10440000000,1030000000
5045,10450000000,1030000000
5046,10460000000,1030000000
5047,10470000000,1030000000
5048,10480000000,1030000000
5049,10490000000,1030000000
5050,10500000000,1030000000
5051,10510000000,1030000000
5052,10520000000,1030000000
5053,10530000000,1030000000
5054,10540000000,1030000000
5055,10550000000,1030000000
5056,10560000000,1030000000
5057,10570000000,1030000000
5058,10580000000,1030000000
5059,10590000000,1030000000
5060,10600000000,1030000000
5061,10610000000,1030000000
5062,10620000000,1030000000
5063,10630000000,1030000000
5064,10640000000,1030000000
5065,10650000000,1030000000
5066,10660000000,1030000000
5067,10670000000,1030000000
5068,10680000000,1030000000
5069,10690000000,1030000000
5070,10700000000,1030000000
5071,10710000000,1030000000
5072,10720000000,1030000000
5073,10730000000,1030000000
5074,10740000000,1030000000
5075,10750000000,1030000000
5076,10760000000,1030000000
5077,10770000000,1030000000
5078,10780000000,1030000000
5079,10790000000,1040000000
5080,10800000000,1040000000
5081,10810000000,1040000000
5082,10820000000,1040000000
5083,10830000000,1040000000
5084,10840000000,1040000000
5085,10850000000,1040000000
5086,10860000000,1040000000
5087,10870000000,1040000000
5088,10880000000,1040000000
5089,10890000000,1040000000
5090,10900000000,1040000000
5091,10910000000,1040000000
5092,10920000000,1040000000
5093,10930000000,1040000000
5094,10940000000,1040000000
5095,10950000000,1040000000
5096,10960000000,1040000000
5097,10970000000,1040000000
5098,10980000000,1040000000
5099,10990000000,1040000000
5100,11000000000,1040000000
5101,11010000000,1040000000
5102,11020000000,1040000000
5103,11030000000,1040000000
5104,11040000000,1040000000
5105,11050000000,1040000000
5106,11060000000,1040000000
5107,11070000000,1040000000
5108,11080000000,1040000000
5109,11090000000,1040000000
5110,11100000000,1040000000
5111,11110000000,1040000000
5112,11120000000,1040000000
5113,11130000000,1040000000
5114,11140000000,1040000000
5115,11150000000,1040000000
5116,11160000000,1040000000
5117,11170000000,1040000000
5118,11180000000,1040000000
5119,11190000000,1040000000
5120,11200000000,1040000000
5121,11210000000,1040000000
5122,11220000000,1040000000
5123,11230000000,1040000000
5124,11240000000,1040000000
5125,11250000000,1040000000
5126,11260000000,1040000000
5127,11270000000,1050000000
5128,11280000000,1050000000
5129,11290000000,1050000000
5130,11300000000,1050000000
5131,11310000000,1050000000
5132,11320000000,1050000000
5133,11330000000,1050000000
5134,11340000000,1050000000
5135,11350000000,1050000000
5136,11360000000,1050000000
5137,11370000000,1050000000
5138,11380000000,1050000000
5139,11390000000,1050000000
5140,11400000000,1050000000
5141,11410000000,1050000000
5142,11420000000,1050000000
5143,11430000000,1050000000
5144,11440000000,1050000000
5145,11450000000,1050000000
5146,11460000000,1050000000
5147,11470000000,1050000000
5148,11480000000,1050000000
5149,11490000000,1050000000
5150,11500000000,1050000000
5151,11510000000,1050000000
5152,11520000000,1050000000
5153,11530000000,1050000000
5154,11540000000,1050000000
5155,11550000000,1050000000
5156,11560000000,1050000000
5157,11570000000,1050000000
5158,11580000000,1050000000
5159,11590000000,1050000000
5160,11600000000,1050000000
5161,11610000000,1050000000
5162,11620000000,1050000000
5163,11630000000,1050000000
5164,11640000000,1050000000
5165,11650000000,1050000000
5166,11660000000,1050000000
5167,11670000000,1050000000
5168,11680000000,1050000000
5169,11690000000,1050000000
5170,11700000000,1050000000
5171,11710000000,1050000000
5172,11720000000,1050000000
5173,11730000000,1050000000
5174,11740000000,1050000000
5175,11750000000,1050000000
5176,11760000000,1060000000
5177,11770000000,1060000000
5178,11780000000,1060000000
5179,11790000000,1060000000
5180,11800000000,1060000000
5181,11810000000,1060000000
5182,11820000000,1060000000
5183,11830000000,1060000000
5184,11840000000,1060000000
5185,11850000000,1060000000
5186,11860000000,1060000000
5187,11870000000,1060000000
5188,11880000000,1060000000
5189,11890000000,1060000000
5190,11900000000,1060000000
5191,11910000000,1060000000
5192,11920000000,1060000000
5193,11930000000,1060000000
5194,11940000000,1060000000
5195,11950000000,1060000000
5196,11960000000,1060000000
5197,11970000000,1060000000
5198,11980000000,1060000000
5199,11990000000,1060000000
5200,12000000000,1060000000
5201,12010000000,1060000000
5202,12020000000,1060000000
5203,12030000000,1060000000
5204,12040000000,1060000000
5205,12050000000,1060000000
5206,12060000000,1060000000
5207,12070000000,1060000000
5208,12080000000,1060000000
5209,12090000000,1060000000
5210,12100000000,1060000000
5211,12110000000,1060000000
5212,12120000000,1060000000
5213,12130000000,1060000000
5214,12140000000,1060000000
5215,12150000000,1060000000
5216,12160000000,1060000000
5217,12170000000,1060000000
5218,12180000000,1060000000
5219,12190000000,1060000000
5220,12200000000,1060000000
5221,12210000000,1060000000
5222,12220000000,1060000000
5223,12230000000,1060000000
5224,12240000000,1060000000
5225,12250000000,1070000000
5226,12260000000,1070000000
5227,12270000000,1070000000
5228,12280000000,1070000000
5229,12290000000,1070000000
5230,12300000000,1070000000
5231,12310000000,1070000000
5232,12320000000,1070000000
5233,12330000000,1070000000
5234,12340000000,1070000000
5235,12350000000,1070000000
5236,12360000000,1070000000
5237,12370000000,1070000000
5238,12380000000,1070000000
5239,12390000000,1070000000
5240,12400000000,1070000000
5241,12410000000,1070000000
5242,12420000000,1070000000
5243,12430000000,1070000000
5244,12440000000,1070000000
5245,12450000000,1070000000
5246,12460000000,1070000000
5247,12470000000,1070000000
5248,12480000000,1070000000
5249,12490000000,1070000000
5250,12500000000,1070000000
5251,12510000000,1070000000
5252,12520000000,1070000000
5253,12530000000,1070000000
5254,12540000000,1070000000
5255,12550000000,1070000000
5256,12560000000,1070000000
5257,12570000000,1070000000
5258,12580000000,1070000000
5259,12590000000,1070000000
5260,12600000000,1070000000
5261,12610000000,1070000000
5262,12620000000,1070000000
5263,12630000000,1070000000
5264,12640000000,1070000000
5265,12650000000,1070000000
5266,12660000000,1070000000
5267,12670000000,1070000000
5268,12680000000,1070000000
5269,12690000000,1070000000
5270,12700000000,1070000000
5271,12710000000,1070000000
5272,12720000000,1070000000
5273,12730000000,1070000000
5274,12740000000,1080000000
5275,12750000000,1080000000
5276,12760000000,1080000000
5277,12770000000,1080000000
5278,12780000000,1080000000
5279,12790000000,1080000000
5280,12800000000,1080000000
5281,12810000000,1080000000
5282,12820000000,1080000000
5283,12830000000,1080000000
5284,12840000000,1080000000
5285,12850000000,1080000000
5286,12860000000,1080000000
5287,12870000000,1080000000
5288,12880000000,1080000000
5289,12890000000,1080000000
5290,12900000000,1080000000
5291,12910000000,1080000000
5292,12920000000,1080000000
5293,12930000000,1080000000
5294,12940000000,1080000000
5295,12950000000,1080000000
5296,12960000000,1080000000
5297,12970000000,1080000000
5298,12980000000,1080000000
5299,12990000000,1080000000
5300,13000000000,1080000000
5301,13010000000,1080000000
5302,13020000000,1080000000
5303,13030000000,1080000000
5304,13040000000,1080000000
5305,13050000000,1080000000
5306,13060000000,1080000000
5307,13070000000,1080000000
5308,13080000000,1080000000
5309,13090000000,1080000000
5310,13100000000,1080000000
5311,13110000000,1080000000
5312,13120000000,1080000000
5313,13130000000,1080000000
5314,13140000000,1080000000
5315,13150000000,1080000000
5316,13160000000,1080000000
5317,13170000000,1080000000
5318,13180000000,1080000000
5319,13190000000,1080000000
5320,13200000000,1080000000
5321,13210000000,1080000000
5322,13220000000,1080000000
5323,13230000000,1090000000
5324,13240000000,1090000000
5325,13250000000,1090000000
5326,13260000000,1090000000
5327,13270000000,1090000000
5328,13280000000,1090000000
5329,13290000000,1090000000
5330,13300000000,1090000000
5331,13310000000,1090000000
5332,13320000000,1090000000
5333,13330000000,1090000000
5334,13340000000,1090000000
5335,13350000000,1090000000
5336,13360000000,1090000000
5337,13370000000,1090000000
5338,13380000000,1090000000
5339,13390000000,1090000000
5340,13400000000,1090000000
5341,13410000000,1090000000
5342,13420000000,1090000000
5343,13430000000,1090000000
5344,13440000000,1090000000
5345,13450000000,1090000000
5346,13460000000,1090000000
5347,13470000000,1090000000
5348,13480000000,1090000000
5349,13490000000,1090000000
5350,13500000000,1090000000
5351,13510000000,1090000000
5352,13520000000,1090000000
5353,13530000000,1090000000
5354,13540000000,1090000000
5355,13550000000,1090000000
5356,13560000000,1090000000
5357,13570000000,1090000000
5358,13580000000,1090000000
5359,13590000000,1090000000
5360,13600000000,1090000000
5361,13610000000,1090000000
5362,13620000000,1090000000
5363,13630000000,1090000000
5364,13640000000,1090000000
5365,13650000000,1090000000
5366,13660000000,1090000000
5367,13670000000,1090000000
5368,13680000000,1090000000
5369,13690000000,1090000000
5370,13700000000,1090000000
5371,13710000000,1090000000
5372,13720000000,1100000000
5373,13730000000,1100000000
5374,13740000000,1100000000
5375,13750000000,1100000000
5376,13760000000,1100000000
5377,13770000000,1100000000
5378,13780000000,1100000000
5379,13790000000,1100000000
5380,13800000000,1100000000
5381,13810000000,1100000000
5382,13820000000,1100000000
5383,13830000000,1100000000
5384,13840000000,1100000000
5385,13850000000,1100000000
5386,13860000000,1100000000
5387,13870000000,1100000000
5388,13880000000,1100000000
5389,13890000000,1100000000
5390,13900000000,1100000000
5391,13910000000,1100000000
5392,13920000000,1100000000
5393,13930000000,1100000000
5394,13940000000,1100000000
5395,13950000000,1100000000
5396,13960000000,1100000000
5397,13970000000,1100000000
5398,13980000000,1100000000
5399,13990000000,1100000000
5400,14000000000,1100000000
5401,14010000000,1100000000
5402,14020000000,1100000000
5403,14030000000,1100000000
5404,14040000000,1100000000
5405,14050000000,1100000000
5406,14060000000,1100000000
5407,14070000000,1100000000
5408,14080000000,1100000000
5409,14090000000,1100000000
5410,14100000000,1100000000
5411,14110000000,1100000000
5412,14120000000,1100000000
5413,14130000000,1100000000
5414,14140000000,1100000000
5415,14150000000,1100000000
5416,14160000000,1100000000
5417,14170000000,1100000000
5418,14180000000,1100000000
5419,14190000000,1100000000
5420,14200000000,1110000000
5421,14210000000,1110000000
5422,14220000000,1110000000
5423,14230000000,1110000000
5424,14240000000,1110000000
5425,14250000000,1110000000
5426,14260000000,1110000000
5427,14270000000,1110000000
5428,14280000000,1110000000
5429,14290000000,1110000000
5430,14300000000,1110000000
5431,14310000000,1110000000
5432,14320000000,1110000000
5433,14330000000,1110000000
5434,14340000000,1110000000
5435,14350000000,1110000000
5436,14360000000,1110000000
5437,14370000000,1110000000
5438,14380000000,1110000000
5439,14390000000,1110000000
5440,14400000000,1110000000
5441,14410000000,1110000000
5442,14420000000,1110000000
5443,14430000000,1110000000
5444,14440000000,1110000000
5445,14450000000,1110000000
5446,14460000000,1110000000
5447,14470000000,1110000000
5448,14480000000,1110000000
5449,14490000000,1110000000
5450,14500000000,1110000000
5451,14510000000,1110000000
5452,14520000000,1110000000
5453,14530000000,1110000000
5454,14540000000,1110000000
5455,14550000000,1110000000
5456,14560000000,1110000000
5457,14570000000,1110000000
5458,14580000000,1110000000
5459,14590000000,1110000000
5460,14600000000,1110000000
5461,14610000000,1110000000
5462,14620000000,1110000000
5463,14630000000,1110000000
5464,14640000000,1110000000
5465,14650000000,1110000000
5466,14660000000,1110000000
5467,14670000000,1110000000
5468,14680000000,1110000000
5469,14690000000,1120000000
5470,14700000000,1120000000
5471,14710000000,1120000000
5472,14720000000,1120000000
5473,14730000000,1120000000
5474,14740000000,1120000000
5475,14750000000,1120000000
5476,14760000000,1120000000
5477,14770000000,1120000000
5478,14780000000,1120000000
5479,14790000000,1120000000
5480,14800000000,1120000000
5481,14810000000,1120000000
5482,14820000000,1120000000
5483,14830000000,1120000000
5484,14840000000,1120000000
5485,14850000000,1120000000
5486,14860000000,1120000000
5487,14870000000,1120000000
5488,14880000000,1120000000
5489,14890000000,1120000000
5490,14900000000,1120000000
5491,14910000000,1120000000
5492,14920000000,1120000000
5493,14930000000,1120000000
5494,14940000000,1120000000
5495,14950000000,1120000000
5496,14960000000,1120000000
5497,14970000000,1120000000
5498,14980000000,1120000000
5499,14990000000,1120000000
5500,15000000000,1120000000
5501,15010000000,1120000000
5502,15020000000,1120000000
5503,15030000000,1120000000
5504,15040000000,1120000000
5505,15050000000,1120000000
5506,15060000000,1120000000
5507,15070000000,1120000000
5508,15080000000,1120000000
5509,15090000000,1120000000
5510,15100000000,1120000000
5511,15110000000,1120000000
5512,15120000000,1120000000
5513,15130000000,1120000000
5514,15140000000,1120000000
5515,15150000000,1120000000
5516,15160000000,1120000000
5517,15170000000,1120000000
5518,15180000000,1130000000
5519,15190000000,1130000000
5520,15200000000,1130000000
5521,15210000000,1130000000
5522,15220000000,1130000000
5523,15230000000,1130000000
5524,15240000000,1130000000
5525,15250000000,1130000000
5526,15260000000,1130000000
5527,15270000000,1130000000
5528,15280000000,1130000000
5529,15290000000,1130000000
5530,15300000000,1130000000
5531,15310000000,1130000000
5532,15320000000,1130000000
5533,15330000000,1130000000
5534,15340000000,1130000000
5535,15350000000,1130000000
5536,15360000000,1130000000
5537,15370000000,1130000000
5538,15380000000,1130000000
5539,15390000000,1130000000
5540,15400000000,1130000000
5541,15410000000,1130000000
5542,15420000000,1130000000
5543,15430000000,1130000000
5544,15440000000,1130000000
5545,15450000000,1130000000
5546,15460000000,1130000000
5547,15470000000,1130000000
5548,15480000000,1130000000
5549,15490000000,1130000000
5550,15500000000,1130000000
5551,15510000000,1130000000
5552,15520000000,1130000000
5553,15530000000,1130000000
5554,15540000000,1130000000
5555,15550000000,1130000000
5556,15560000000,1130000000
5557,15570000000,1130000000
5558,15580000000,1130000000
5559,15590000000,1130000000
5560,15600000000,1130000000
5561,15610000000,1130000000
5562,15620000000,1130000000
5563,15630000000,1130000000
5564,15640000000,1130000000
5565,15650000000,1130000000
5566,15660000000,1130000000
5567,15670000000,1140000000
5568,15680000000,1140000000
5569,15690000000,1140000000
5570,15700000000,1140000000
5571,15710000000,1140000000
5572,15720000000,1140000000
5573,15730000000,1140000000
5574,15740000000,1140000000
5575,15750000000,1140000000
5576,15760000000,1140000000
5577,15770000000,1140000000
5578,15780000000,1140000000
5579,15790000000,1140000000
5580,15800000000,1140000000
5581,15810000000,1140000000
5582,15820000000,1140000000
5583,15830000000,1140000000
5584,15840000000,1140000000
5585,15850000000,1140000000
5586,15860000000,1140000000
5587,15870000000,1140000000
5588,15880000000,1140000000
5589,15890000000,1140000000
5590,15900000000,1140000000
5591,15910000000,1140000000
5592,15920000000,1140000000
5593,15930000000,1140000000
5594,15940000000,1140000000
5595,15950000000,1140000000
5596,15960000000,1140000000
5597,15970000000,1140000000
5598,15980000000,1140000000
5599,15990000000,1140000000
5600,16000000000,1140000000
5601,16010000000,1140000000
5602,16020000000,1140000000
5603,16030000000,1140000000
5604,16040000000,1140000000
5605,16050000000,1140000000
5606,16060000000,1140000000
5607,16070000000,1140000000
5608,16080000000,1140000000
5609,16090000000,1140000000
5610,16100000000,1140000000
5611,16110000000,1140000000
5612,16120000000,1140000000
5613,16130000000,1140000000
5614,16140000000,1140000000
5615,16150000000,1140000000
5616,16160000000,1150000000
5617,16170000000,1150000000
5618,16180000000,1150000000
5619,16190000000,1150000000
5620,16200000000,1150000000
5621,16210000000,1150000000
5622,16220000000,1150000000
5623,16230000000,1150000000
5624,16240000000,1150000000
5625,16250000000,1150000000
5626,16260000000,1150000000
5627,16270000000,1150000000
5628,16280000000,1150000000
5629,16290000000,1150000000
5630,16300000000,1150000000
5631,16310000000,1150000000
5632,16320000000,1150000000
5633,16330000000,1150000000
5634,16340000000,1150000000
5635,16350000000,1150000000
5636,16360000000,1150000000
5637,16370000000,1150000000
5638,16380000000,1150000000
5639,16390000000,1150000000
5640,16400000000,1150000000
5641,16410000000,1150000000
5642,16420000000,1150000000
5643,16430000000,1150000000
5644,16440000000,1150000000
5645,16450000000,1150000000
5646,16460000000,1150000000
5647,16470000000,1150000000
5648,16480000000,1150000000
5649,16490000000,1150000000
5650,16500000000,1150000000
5651,16510000000,1150000000
5652,16520000000,1150000000
5653,16530000000,1150000000
5654,16540000000,1150000000
5655,16550000000,1150000000
5656,16560000000,1150000000
5657,16570000000,1150000000
5658,16580000000,1150000000
5659,16590000000,1150000000
5660,16600000000,1150000000
5661,16610000000,1150000000
5662,16620000000,1150000000
5663,16630000000,1150000000
5664,16640000000,1150000000
5665,16650000000,1160000000
5666,16660000000,1160000000
5667,16670000000,1160000000
5668,16680000000,1160000000
5669,16690000000,1160000000
5670,16700000000,1160000000
5671,16710000000,1160000000
5672,16720000000,1160000000
5673,16730000000,1160000000
5674,16740000000,1160000000
5675,16750000000,1160000000
5676,16760000000,1160000000
5677,16770000000,1160000000
5678,16780000000,1160000000
5679,16790000000,1160000000
5680,16800000000,1160000000
5681,16810000000,1160000000
5682,16820000000,1160000000
5683,16830000000,1160000000
5684,16840000000,1160000000
5685,16850000000,1160000000
5686,16860000000,1160000000
5687,16870000000,1160000000
5688,16880000000,1160000000
5689,16890000000,1160000000
5690,16900000000,1160000000
5691,16910000000,1160000000
5692,16920000000,1160000000
5693,16930000000,1160000000
5694,16940000000,1160000000
5695,16950000000,1160000000
5696,16960000000,1160000000
5697,16970000000,1160000000
5698,16980000000,1160000000
5699,16990000000,1160000000
5700,17000000000,1160000000
5701,17010000000,1160000000
5702,17020000000,1160000000
5703,17030000000,1160000000
5704,17040000000,1160000000
5705,17050000000,1160000000
5706,17060000000,1160000000
5707,17070000000,1160000000
5708,17080000000,1160000000
5709,17090000000,1160000000
5710,17100000000,1160000000
5711,17110000000,1160000000
5712,17120000000,1160000000
5713,17130000000,1170000000
5714,17140000000,1170000000
5715,17150000000,1170000000
5716,17160000000,1170000000
5717,17170000000,1170000000
5718,17180000000,1170000000
5719,17190000000,1170000000
5720,17200000000,1170000000
5721,17210000000,1170000000
5722,17220000000,1170000000
5723,17230000000,1170000000
5724,17240000000,1170000000
5725,17250000000,1170000000
5726,17260000000,1170000000
5727,17270000000,1170000000
5728,17280000000,1170000000
5729,17290000000,1170000000
5730,17300000000,1170000000
5731,17310000000,1170000000
5732,17320000000,1170000000
5733,17330000000,1170000000
5734,17340000000,1170000000
5735,17350000000,1170000000
5736,17360000000,1170000000
5737,17370000000,1170000000
5738,17380000000,1170000000
5739,17390000000,1170000000
5740,17400000000,1170000000
5741,17410000000,1170000000
5742,17420000000,1170000000
5743,17430000000,1170000000
5744,17440000000,1170000000
5745,17450000000,1170000000
5746,17460000000,1170000000
5747,17470000000,1170000000
5748,17480000000,1170000000
5749,17490000000,1170000000
5750,17500000000,1170000000
5751,17510000000,1170000000
5752,17520000000,1170000000
5753,17530000000,1170000000
5754,17540000000,1170000000
5755,17550000000,1170000000
5756,17560000000,1170000000
5757,17570000000,1170000000
5758,17580000000,1170000000
5759,17590000000,1170000000
5760,17600000000,1170000000
5761,17610000000,1170000000
5762,17620000000,1180000000
5763,17630000000,1180000000
5764,17640000000,1180000000
5765,17650000000,1180000000
5766,17660000000,1180000000
5767,17670000000,1180000000
5768,17680000000,1180000000
5769,17690000000,1180000000
5770,17700000000,1180000000
5771,17710000000,1180000000
5772,17720000000,1180000000
5773,17730000000,1180000000
5774,17740000000,1180000000
5775,17750000000,1180000000
5776,17760000000,1180000000
5777,17770000000,1180000000
5778,17780000000,1180000000
5779,17790000000,1180000000
5780,17800000000,1180000000
5781,17810000000,1180000000
5782,17820000000,1180000000
5783,17830000000,1180000000
5784,17840000000,1180000000
5785,17850000000,1180000000
5786,17860000000,1180000000
5787,17870000000,1180000000
5788,17880000000,1180000000
5789,17890000000,1180000000
5790,17900000000,1180000000
5791,17910000000,1180000000
5792,17920000000,1180000000
5793,17930000000,1180000000
5794,17940000000,1180000000
5795,17950000000,1180000000
5796,17960000000,1180000000
5797,17970000000,1180000000
5798,17980000000,1180000000
5799,17990000000,1180000000
5800,18000000000,1180000000
5801,18010000000,1180000000
5802,18020000000,1180000000
5803,18030000000,1180000000
5804,18040000000,1180000000
5805,18050000000,1180000000
5806,18060000000,1180000000
5807,18070000000,1180000000
5808,18080000000,1180000000
5809,18090000000,1180000000
5810,18100000000,1180000000
5811,18110000000,1190000000
5812,18120000000,1190000000
5813,18130000000,1190000000
5814,18140000000,1190000000
5815,18150000000,1190000000
5816,18160000000,1190000000
5817,18170000000,1190000000
5818,18180000000,1190000000
5819,18190000000,1190000000
5820,18200000000,1190000000
5821,18210000000,1190000000
5822,18220000000,1190000000
5823,18230000000,1190000000
5824,18240000000,1190000000
5825,18250000000,1190000000
5826,18260000000,1190000000
5827,18270000000,1190000000
5828,18280000000,1190000000
5829,18290000000,1190000000
5830,18300000000,1190000000
5831,18310000000,1190000000
5832,18320000000,1190000000
5833,18330000000,1190000000
5834,18340000000,1190000000
5835,18350000000,1190000000
5836,18360000000,1190000000
5837,18370000000,1190000000
5838,18380000000,1190000000
5839,18390000000,1190000000
5840,18400000000,1190000000
5841,18410000000,1190000000
5842,18420000000,1190000000
5843,18430000000,1190000000
5844,18440000000,1190000000
5845,18450000000,1190000000
5846,18460000000,1190000000
5847,18470000000,1190000000
5848,18480000000,1190000000
5849,18490000000,1190000000
5850,18500000000,1190000000
5851,18510000000,1190000000
5852,18520000000,1190000000
5853,18530000000,1190000000
5854,18540000000,1190000000
5855,18550000000,1190000000
5856,18560000000,1190000000
5857,18570000000,1190000000
5858,18580000000,1190000000
5859,18590000000,1190000000
5860,18600000000,1200000000
5861,18610000000,1200000000
5862,18620000000,1200000000
5863,18630000000,1200000000
5864,18640000000,1200000000
5865,18650000000,1200000000
5866,18660000000,1200000000
5867,18670000000,1200000000
5868,18680000000,1200000000
5869,18690000000,1200000000
5870,18700000000,1200000000
5871,18710000000,1200000000
5872,18720000000,1200000000
5873,18730000000,1200000000
5874,18740000000,1200000000
5875,18750000000,1200000000
5876,18760000000,1200000000
5877,18770000000,1200000000
5878,18780000000,1200000000
5879,18790000000,1200000000
5880,18800000000,1200000000
5881,18810000000,1200000000
5882,18820000000,1200000000
5883,18830000000,1200000000
5884,18840000000,1200000000
5885,18850000000,1200000000
5886,18860000000,1200000000
5887,18870000000,1200000000
5888,18880000000,1200000000
5889,18890000000,1200000000
5890,18900000000,1200000000
5891,18910000000,1200000000
5892,18920000000,1200000000
5893,18930000000,1200000000
5894,18940000000,1200000000
5895,18950000000,1200000000
5896,18960000000,1200000000
5897,18970000000,1200000000
5898,18980000000,1200000000
5899,18990000000,1200000000
5900,19000000000,1200000000
5901,19010000000,1200000000
5902,19020000000,1200000000
5903,19030000000,1200000000
5904,19040000000,1200000000
5905,19050000000,1200000000
5906,19060000000,1200000000
5907,19070000000,1200000000
5908,19080000000,1200000000
5909,19090000000,1210000000
5910,19100000000,1210000000
5911,19110000000,1210000000
5912,19120000000,1210000000
5913,19130000000,1210000000
5914,19140000000,1210000000
5915,19150000000,1210000000
5916,19160000000,1210000000
5917,19170000000,1210000000
5918,19180000000,1210000000
5919,19190000000,1210000000
5920,19200000000,1210000000
5921,19210000000,1210000000
5922,19220000000,1210000000
5923,19230000000,1210000000
5924,19240000000,1210000000
5925,19250000000,1210000000
5926,19260000000,1210000000
5927,19270000000,1210000000
5928,19280000000,1210000000
5929,19290000000,1210000000
5930,19300000000,1210000000
5931,19310000000,1210000000
5932,19320000000,1210000000
5933,19330000000,1210000000
5934,19340000000,1210000000
5935,19350000000,1210000000
5936,19360000000,1210000000
5937,19370000000,1210000000
5938,19380000000,1210000000
5939,19390000000,1210000000
5940,19400000000,1210000000
5941,19410000000,1210000000
5942,19420000000,1210000000
5943,19430000000,1210000000
5944,19440000000,1210000000
5945,19450000000,1210000000
5946,19460000000,1210000000
5947,19470000000,1210000000
5948,19480000000,1210000000
5949,19490000000,1210000000
5950,19500000000,1210000000
5951,19510000000,1210000000
5952,19520000000,1210000000
5953,19530000000,1210000000
5954,19540000000,1210000000
5955,19550000000,1210000000
5956,19560000000,1210000000
5957,19570000000,1210000000
5958,19580000000,1220000000
5959,19590000000,1220000000
5960,19600000000,1220000000
5961,19610000000,1220000000
5962,19620000000,1220000000
5963,19630000000,1220000000
5964,19640000000,1220000000
5965,19650000000,1220000000
5966,19660000000,1220000000
5967,19670000000,1220000000
5968,19680000000,1220000000
5969,19690000000,1220000000
5970,19700000000,1220000000
5971,19710000000,1220000000
5972,19720000000,1220000000
5973,19730000000,1220000000
5974,19740000000,1220000000
5975,19750000000,1220000000
5976,19760000000,1220000000
5977,19770000000,1220000000
5978,19780000000,1220000000
5979,19790000000,1220000000
5980,19800000000,1220000000
5981,19810000000,1220000000
5982,19820000000,1220000000
5983,19830000000,1220000000
5984,19840000000,1220000000
5985,19850000000,1220000000
5986,19860000000,1220000000
5987,19870000000,1220000000
5988,19880000000,1220000000
5989,19890000000,1220000000
5990,19900000000,1220000000
5991,19910000000,1220000000
5992,19920000000,1220000000
5993,19930000000,1220000000
5994,19940000000,1220000000
5995,19950000000,1220000000
5996,19960000000,1220000000
5997,19970000000,1220000000
5998,19980000000,1220000000
5999,19990000000,1220000000
6000,20000000000,1220000000
6001,20020000000,1220000000
6002,20040000000,1220000000
6003,20060000000,1220000000
6004,20080000000,1220000000
6005,20100000000,1220000000
6006,20120000000,1230000000
6007,20140000000,1230000000
6008,20160000000,1230000000
6009,20180000000,1230000000
6010,20200000000,1230000000
6011,20220000000,1230000000
6012,20240000000,1230000000
6013,20260000000,1230000000
6014,20280000000,1230000000
6015,20300000000,1230000000
6016,20320000000,1230000000
6017,20340000000,1230000000
6018,20360000000,1230000000
6019,20380000000,1230000000
6020,20400000000,1230000000
6021,20420000000,1230000000
6022,20440000000,1230000000
6023,20460000000,1230000000
6024,20480000000,1230000000
6025,20500000000,1230000000
6026,20520000000,1230000000
6027,20540000000,1230000000
6028,20560000000,1230000000
6029,20580000000,1230000000
6030,20600000000,1230000000
6031,20620000000,1230000000
6032,20640000000,1230000000
6033,20660000000,1230000000
6034,20680000000,1230000000
6035,20700000000,1230000000
6036,20720000000,1230000000
6037,20740000000,1230000000
6038,20760000000,1230000000
6039,20780000000,1230000000
6040,20800000000,1230000000
6041,20820000000,1230000000
6042,20840000000,1230000000
6043,20860000000,1230000000
6044,20880000000,1230000000
6045,20900000000,1230000000
6046,20920000000,1230000000
6047,20940000000,1230000000
6048,20960000000,1230000000
6049,20980000000,1230000000
6050,21000000000,1230000000
6051,21020000000,1230000000
6052,21040000000,1230000000
6053,21060000000,1230000000
6054,21080000000,1230000000
6055,21100000000,1240000000
6056,21120000000,1240000000
6057,21140000000,1240000000
6058,21160000000,1240000000
6059,21180000000,1240000000
6060,21200000000,1240000000
6061,21220000000,1240000000
6062,21240000000,1240000000
6063,21260000000,1240000000
6064,21280000000,1240000000
6065,21300000000,1240000000
6066,21320000000,1240000000
6067,21340000000,1240000000
6068,21360000000,1240000000
6069,21380000000,1240000000
6070,21400000000,1240000000
6071,21420000000,1240000000
6072,21440000000,1240000000
6073,21460000000,1240000000
6074,21480000000,1240000000
6075,21500000000,1240000000
6076,21520000000,1240000000
6077,21540000000,1240000000
6078,21560000000,1240000000
6079,21580000000,1240000000
6080,21600000000,1240000000
6081,21620000000,1240000000
6082,21640000000,1240000000
6083,21660000000,1240000000
6084,21680000000,1240000000
6085,21700000000,1240000000
6086,21720000000,1240000000
6087,21740000000,1240000000
6088,21760000000,1240000000
6089,21780000000,1240000000
6090,21800000000,1240000000
6091,21820000000,1240000000
6092,21840000000,1240000000
6093,21860000000,1240000000
6094,21880000000,1240000000
6095,21900000000,1240000000
6096,21920000000,1240000000
6097,21940000000,1240000000
6098,21960000000,1240000000
6099,21980000000,1240000000
6100,22000000000,1240000000
6101,22020000000,1240000000
6102,22040000000,1240000000
6103,22060000000,1240000000
6104,22080000000,1250000000
6105,22100000000,1250000000
6106,22120000000,1250000000
6107,22140000000,1250000000
6108,22160000000,1250000000
6109,22180000000,1250000000
6110,22200000000,1250000000
6111,22220000000,1250000000
6112,22240000000,1250000000
6113,22260000000,1250000000
6114,22280000000,1250000000
6115,22300000000,1250000000
6116,22320000000,1250000000
6117,22340000000,1250000000
6118,22360000000,1250000000
6119,22380000000,1250000000
6120,22400000000,1250000000
6121,22420000000,1250000000
6122,22440000000,1250000000
6123,22460000000,1250000000
6124,22480000000,1250000000
6125,22500000000,1250000000
6126,22520000000,1250000000
6127,22540000000,1250000000
6128,22560000000,1250000000
6129,22580000000,1250000000
6130,22600000000,1250000000
6131,22620000000,1250000000
6132,22640000000,1250000000
6133,22660000000,1250000000
6134,22680000000,1250000000
6135,22700000000,1250000000
6136,22720000000,1250000000
6137,22740000000,1250000000
6138,22760000000,1250000000
6139,22780000000,1250000000
6140,22800000000,1250000000
6141,22820000000,1250000000
6142,22840000000,1250000000
6143,22860000000,1250000000
6144,22880000000,1250000000
6145,22900000000,1250000000
6146,22920000000,1250000000
6147,22940000000,1250000000
6148,22960000000,1250000000
6149,22980000000,1250000000
6150,23000000000,1250000000
6151,23020000000,1250000000
6152,23040000000,1250000000
6153,23060000000,1260000000
6154,23080000000,1260000000
6155,23100000000,1260000000
6156,23120000000,1260000000
6157,23140000000,1260000000
6158,23160000000,1260000000
6159,23180000000,1260000000
6160,23200000000,1260000000
6161,23220000000,1260000000
6162,23240000000,1260000000
6163,23260000000,1260000000
6164,23280000000,1260000000
6165,23300000000,1260000000
6166,23320000000,1260000000
6167,23340000000,1260000000
6168,23360000000,1260000000
6169,23380000000,1260000000
6170,23400000000,1260000000
6171,23420000000,1260000000
6172,23440000000,1260000000
6173,23460000000,1260000000
6174,23480000000,1260000000
6175,23500000000,1260000000
6176,23520000000,1260000000
6177,23540000000,1260000000
6178,23560000000,1260000000
6179,23580000000,1260000000
6180,23600000000,1260000000
6181,23620000000,1260000000
6182,23640000000,1260000000
6183,23660000000,1260000000
6184,23680000000,1260000000
6185,23700000000,1260000000
6186,23720000000,1260000000
6187,23740000000,1260000000
6188,23760000000,1260000000
6189,23780000000,1260000000
6190,23800000000,1260000000
6191,23820000000,1260000000
6192,23840000000,1260000000
6193,23860000000,1260000000
6194,23880000000,1260000000
6195,23900000000,1260000000
6196,23920000000,1260000000
6197,23940000000,1260000000
6198,23960000000,1260000000
6199,23980000000,1260000000
6200,24000000000,1260000000
6201,24020000000,1260000000
6202,24040000000,1270000000
6203,24060000000,1270000000
6204,24080000000,1270000000
6205,24100000000,1270000000
6206,24120000000,1270000000
6207,24140000000,1270000000
6208,24160000000,1270000000
6209,24180000000,1270000000
6210,24200000000,1270000000
6211,24220000000,1270000000
6212,24240000000,1270000000
6213,24260000000,1270000000
6214,24280000000,1270000000
6215,24300000000,1270000000
6216,24320000000,1270000000
6217,24340000000,1270000000
6218,24360000000,1270000000
6219,24380000000,1270000000
6220,24400000000,1270000000
6221,24420000000,1270000000
6222,24440000000,1270000000
6223,24460000000,1270000000
6224,24480000000,1270000000
6225,24500000000,1270000000
6226,24520000000,1270000000
6227,24540000000,1270000000
6228,24560000000,1270000000
6229,24580000000,1270000000
6230,24600000000,1270000000
6231,24620000000,1270000000
6232,24640000000,1270000000
6233,24660000000,1270000000
6234,24680000000,1270000000
6235,24700000000,1270000000
6236,24720000000,1270000000
6237,24740000000,1270000000
6238,24760000000,1270000000
6239,24780000000,1270000000
6240,24800000000,1270000000
6241,24820000000,1270000000
6242,24840000000,1270000000
6243,24860000000,1270000000
6244,24880000000,1270000000
6245,24900000000,1270000000
6246,24920000000,1270000000
6247,24940000000,1270000000
6248,24960000000,1270000000
6249,24980000000,1270000000
6250,25000000000,1280000000
6251,25020000000,1280000000
6252,25040000000,1280000000
6253,25060000000,1280000000
6254,25080000000,1280000000
6255,25100000000,1280000000
6256,25120000000,1280000000
6257,25140000000,1280000000
6258,25160000000,1280000000
6259,25180000000,1280000000
6260,25200000000,1280000000
6261,25220000000,1280000000
6262,25240000000,1280000000
6263,25260000000,1280000000
6264,25280000000,1280000000
6265,25300000000,1280000000
6266,25320000000,1280000000
6267,25340000000,1280000000
6268,25360000000,1280000000
6269,25380000000,1280000000
6270,25400000000,1280000000
6271,25420000000,1280000000
6272,25440000000,1280000000
6273,25460000000,1280000000
6274,25480000000,1280000000
6275,25500000000,1280000000
6276,25520000000,1280000000
6277,25540000000,1280000000
6278,25560000000,1280000000
6279,25580000000,1280000000
6280,25600000000,1280000000
6281,25620000000,1280000000
6282,25640000000,1280000000
6283,25660000000,1280000000
6284,25680000000,1280000000
6285,25700000000,1280000000
6286,25720000000,1280000000
6287,25740000000,1280000000
6288,25760000000,1280000000
6289,25780000000,1280000000
6290,25800000000,1280000000
6291,25820000000,1280000000
6292,25840000000,1280000000
6293,25860000000,1280000000
6294,25880000000,1280000000
6295,25900000000,1280000000
6296,25920000000,1280000000
6297,25940000000,1280000000
6298,25960000000,1280000000
6299,25980000000,1290000000
6300,26000000000,1290000000
6301,26020000000,1290000000
6302,26040000000,1290000000
6303,26060000000,1290000000
6304,26080000000,1290000000
6305,26100000000,1290000000
6306,26120000000,1290000000
6307,26140000000,1290000000
6308,26160000000,1290000000
6309,26180000000,1290000000
6310,26200000000,1290000000
6311,26220000000,1290000000
6312,26240000000,1290000000
6313,26260000000,1290000000
6314,26280000000,1290000000
6315,26300000000,1290000000
6316,26320000000,1290000000
6317,26340000000,1290000000
6318,26360000000,1290000000
6319,26380000000,1290000000
6320,26400000000,1290000000
6321,26420000000,1290000000
6322,26440000000,1290000000
6323,26460000000,1290000000
6324,26480000000,1290000000
6325,26500000000,1290000000
6326,26520000000,1290000000
6327,26540000000,1290000000
6328,26560000000,1290000000
6329,26580000000,1290000000
6330,26600000000,1290000000
6331,26620000000,1290000000
6332,26640000000,1290000000
6333,26660000000,1290000000
6334,26680000000,1290000000
6335,26700000000,1290000000
6336,26720000000,1290000000
6337,26740000000,1290000000
6338,26760000000,1290000000
6339,26780000000,1290000000
6340,26800000000,1290000000
6341,26820000000,1290000000
6342,26840000000,1290000000
6343,26860000000,1290000000
6344,26880000000,1290000000
6345,26900000000,1290000000
6346,26920000000,1290000000
6347,26940000000,1290000000
6348,26960000000,1300000000
6349,26980000000,1300000000
6350,27000000000,1300000000
6351,27020000000,1300000000
6352,27040000000,1300000000
6353,27060000000,1300000000
6354,27080000000,1300000000
6355,27100000000,1300000000
6356,27120000000,1300000000
6357,27140000000,1300000000
6358,27160000000,1300000000
6359,27180000000,1300000000
6360,27200000000,1300000000
6361,27220000000,1300000000
6362,27240000000,1300000000
6363,27260000000,1300000000
6364,27280000000,1300000000
6365,27300000000,1300000000
6366,27320000000,1300000000
6367,27340000000,1300000000
6368,27360000000,1300000000
6369,27380000000,1300000000
6370,27400000000,1300000000
6371,27420000000,1300000000
6372,27440000000,1300000000
6373,27460000000,1300000000
6374,27480000000,1300000000
6375,27500000000,1300000000
6376,27520000000,1300000000
6377,27540000000,1300000000
6378,27560000000,1300000000
6379,27580000000,1300000000
6380,27600000000,1300000000
6381,27620000000,1300000000
6382,27640000000,1300000000
6383,27660000000,1300000000
6384,27680000000,1300000000
6385,27700000000,1300000000
6386,27720000000,1300000000
6387,27740000000,1300000000
6388,27760000000,1300000000
6389,27780000000,1300000000
6390,27800000000,1300000000
6391,27820000000,1300000000
6392,27840000000,1300000000
6393,27860000000,1300000000
6394,27880000000,1300000000
6395,27900000000,1300000000
6396,27920000000,1300000000
6397,27940000000,1310000000
6398,27960000000,1310000000
6399,27980000000,1310000000
6400,28000000000,1310000000
6401,28020000000,1310000000
6402,28040000000,1310000000
6403,28060000000,1310000000
6404,28080000000,1310000000
6405,28100000000,1310000000
6406,28120000000,1310000000
6407,28140000000,1310000000
6408,28160000000,1310000000
6409,28180000000,1310000000
6410,28200000000,1310000000
6411,28220000000,1310000000
6412,28240000000,1310000000
6413,28260000000,1310000000
6414,28280000000,1310000000
6415,28300000000,1310000000
6416,28320000000,1310000000
6417,28340000000,1310000000
6418,28360000000,1310000000
6419,28380000000,1310000000
6420,28400000000,1310000000
6421,28420000000,1310000000
6422,28440000000,1310000000
6423,28460000000,1310000000
6424,28480000000,1310000000
6425,28500000000,1310000000
6426,28520000000,1310000000
6427,28540000000,1310000000
6428,28560000000,1310000000
6429,28580000000,1310000000
6430,28600000000,1310000000
6431,28620000000,1310000000
6432,28640000000,1310000000
6433,28660000000,1310000000
6434,28680000000,1310000000
6435,28700000000,1310000000
6436,28720000000,1310000000
6437,28740000000,1310000000
6438,28760000000,1310000000
6439,28780000000,1310000000
6440,28800000000,1310000000
6441,28820000000,1310000000
6442,28840000000,1310000000
6443,28860000000,1310000000
6444,28880000000,1310000000
6445,28900000000,1310000000
6446,28920000000,1320000000
6447,28940000000,1320000000
6448,28960000000,1320000000
6449,28980000000,1320000000
6450,29000000000,1320000000
6451,29020000000,1320000000
6452,29040000000,1320000000
6453,29060000000,1320000000
6454,29080000000,1320000000
6455,29100000000,1320000000
6456,29120000000,1320000000
6457,29140000000,1320000000
6458,29160000000,1320000000
6459,29180000000,1320000000
6460,29200000000,1320000000
6461,29220000000,1320000000
6462,29240000000,1320000000
6463,29260000000,1320000000
6464,29280000000,1320000000
6465,29300000000,1320000000
6466,29320000000,1320000000
6467,29340000000,1320000000
6468,29360000000,1320000000
6469,29380000000,1320000000
6470,29400000000,1320000000
6471,29420000000,1320000000
6472,29440000000,1320000000
6473,29460000000,1320000000
6474,29480000000,1320000000
6475,29500000000,1320000000
6476,29520000000,1320000000
6477,29540000000,1320000000
6478,29560000000,1320000000
6479,29580000000,1320000000
6480,29600000000,1320000000
6481,29620000000,1320000000
6482,29640000000,1320000000
6483,29660000000,1320000000
6484,29680000000,1320000000
6485,29700000000,1320000000
6486,29720000000,1320000000
6487,29740000000,1320000000
6488,29760000000,1320000000
6489,29780000000,1320000000
6490,29800000000,1320000000
6491,29820000000,1320000000
6492,29840000000,1320000000
6493,29860000000,1320000000
6494,29880000000,1320000000
6495,29900000000,1330000000
6496,29920000000,1330000000
6497,29940000000,1330000000
6498,29960000000,1330000000
6499,29980000000,1330000000
6500,30000000000,1330000000
6501,30050000000,1330000000
6502,30100000000,1330000000
6503,30150000000,1330000000
6504,30200000000,1330000000
6505,30250000000,1330000000
6506,30300000000,1330000000
6507,30350000000,1330000000
6508,30400000000,1330000000
6509,30450000000,1330000000
6510,30500000000,1330000000
6511,30550000000,1330000000
6512,30600000000,1330000000
6513,30650000000,1330000000
6514,30700000000,1330000000
6515,30750000000,1330000000
6516,30800000000,1330000000
6517,30850000000,1330000000
6518,30900000000,1330000000
6519,30950000000,1330000000
6520,31000000000,1330000000
6521,31050000000,1330000000
6522,31100000000,1330000000
6523,31150000000,1330000000
6524,31200000000,1330000000
6525,31250000000,1330000000
6526,31300000000,1330000000
6527,31350000000,1330000000
6528,31400000000,1330000000
6529,31450000000,1330000000
6530,31500000000,1330000000
6531,31550000000,1330000000
6532,31600000000,1330000000
6533,31650000000,1330000000
6534,31700000000,1330000000
6535,31750000000,1330000000
6536,31800000000,1330000000
6537,31850000000,1330000000
6538,31900000000,1330000000
6539,31950000000,1330000000
6540,32000000000,1330000000
6541,32050000000,1330000000
6542,32100000000,1330000000
6543,32150000000,1340000000
6544,32200000000,1340000000
6545,32250000000,1340000000
6546,32300000000,1340000000
6547,32350000000,1340000000
6548,32400000000,1340000000
6549,32450000000,1340000000
6550,32500000000,1340000000
6551,32550000000,1340000000
6552,32600000000,1340000000
6553,32650000000,1340000000
6554,32700000000,1340000000
6555,32750000000,1340000000
6556,32800000000,1340000000
6557,32850000000,1340000000
6558,32900000000,1340000000
6559,32950000000,1340000000
6560,33000000000,1340000000
6561,33050000000,1340000000
6562,33100000000,1340000000
6563,33150000000,1340000000
6564,33200000000,1340000000
6565,33250000000,1340000000
6566,33300000000,1340000000
6567,33350000000,1340000000
6568,33400000000,1340000000
6569,33450000000,1340000000
6570,33500000000,1340000000
6571,33550000000,1340000000
6572,33600000000,1340000000
6573,33650000000,1340000000
6574,33700000000,1340000000
6575,33750000000,1340000000
6576,33800000000,1340000000
6577,33850000000,1340000000
6578,33900000000,1340000000
6579,33950000000,1340000000
6580,34000000000,1340000000
6581,34050000000,1340000000
6582,34100000000,1340000000
6583,34150000000,1340000000
6584,34200000000,1340000000
6585,34250000000,1340000000
6586,34300000000,1340000000
6587,34350000000,1340000000
6588,34400000000,1340000000
6589,34450000000,1340000000
6590,34500000000,1340000000
6591,34550000000,1340000000
6592,34600000000,1350000000
6593,34650000000,1350000000
6594,34700000000,1350000000
6595,34750000000,1350000000
6596,34800000000,1350000000
6597,34850000000,1350000000
6598,34900000000,1350000000
6599,34950000000,1350000000
6600,35000000000,1350000000
6601,35050000000,1350000000
6602,35100000000,1350000000
6603,35150000000,1350000000
6604,35200000000,1350000000
6605,35250000000,1350000000
6606,35300000000,1350000000
6607,35350000000,1350000000
6608,35400000000,1350000000
6609,35450000000,1350000000
6610,35500000000,1350000000
6611,35550000000,1350000000
6612,35600000000,1350000000
6613,35650000000,1350000000
6614,35700000000,1350000000
6615,35750000000,1350000000
6616,35800000000,1350000000
6617,35850000000,1350000000
6618,35900000000,1350000000
6619,35950000000,1350000000
6620,36000000000,1350000000
6621,36050000000,1350000000
6622,36100000000,1350000000
6623,36150000000,1350000000
6624,36200000000,1350000000
6625,36250000000,1350000000
6626,36300000000,1350000000
6627,36350000000,1350000000
6628,36400000000,1350000000
6629,36450000000,1350000000
6630,36500000000,1350000000
6631,36550000000,1350000000
6632,36600000000,1350000000
6633,36650000000,1350000000
6634,36700000000,1350000000
6635,36750000000,1350000000
6636,36800000000,1350000000
6637,36850000000,1350000000
6638,36900000000,1350000000
6639,36950000000,1350000000
6640,37000000000,1350000000
6641,37050000000,1360000000
6642,37100000000,1360000000
6643,37150000000,1360000000
6644,37200000000,1360000000
6645,37250000000,1360000000
6646,37300000000,1360000000
6647,37350000000,1360000000
6648,37400000000,1360000000
6649,37450000000,1360000000
6650,37500000000,1360000000
6651,37550000000,1360000000
6652,37600000000,1360000000
6653,37650000000,1360000000
6654,37700000000,1360000000
6655,37750000000,1360000000
6656,37800000000,1360000000
6657,37850000000,1360000000
6658,37900000000,1360000000
6659,37950000000,1360000000
6660,38000000000,1360000000
6661,38050000000,1360000000
6662,38100000000,1360000000
6663,38150000000,1360000000
6664,38200000000,1360000000
6665,38250000000,1360000000
6666,38300000000,1360000000
6667,38350000000,1360000000
6668,38400000000,1360000000
6669,38450000000,1360000000
6670,38500000000,1360000000
6671,38550000000,1360000000
6672,38600000000,1360000000
6673,38650000000,1360000000
6674,38700000000,1360000000
6675,38750000000,1360000000
6676,38800000000,1360000000
6677,38850000000,1360000000
6678,38900000000,1360000000
6679,38950000000,1360000000
6680,39000000000,1360000000
6681,39050000000,1360000000
6682,39100000000,1360000000
6683,39150000000,1360000000
6684,39200000000,1360000000
6685,39250000000,1360000000
6686,39300000000,1360000000
6687,39350000000,1360000000
6688,39400000000,1360000000
6689,39450000000,1360000000
6690,39500000000,1370000000
6691,39550000000,1370000000
6692,39600000000,1370000000
6693,39650000000,1370000000
6694,39700000000,1370000000
6695,39750000000,1370000000
6696,39800000000,1370000000
6697,39850000000,1370000000
6698,39900000000,1370000000
6699,39950000000,1370000000
6700,40000000000,1370000000
6701,40100000000,1370000000
6702,40200000000,1370000000
6703,40300000000,1370000000
6704,40400000000,1370000000
6705,40500000000,1370000000
6706,40600000000,1370000000
6707,40700000000,1370000000
6708,40800000000,1370000000
6709,40900000000,1370000000
6710,41000000000,1370000000
6711,41100000000,1370000000
6712,41200000000,1370000000
6713,41300000000,1370000000
6714,41400000000,1370000000
6715,41500000000,1370000000
6716,41600000000,1370000000
6717,41700000000,1370000000
6718,41800000000,1370000000
6719,41900000000,1370000000
6720,42000000000,1370000000
6721,42100000000,1370000000
6722,42200000000,1370000000
6723,42300000000,1370000000
6724,42400000000,1370000000
6725,42500000000,1370000000
6726,42600000000,1370000000
6727,42700000000,1370000000
6728,42800000000,1370000000
6729,42900000000,1370000000
6730,43000000000,1370000000
6731,43100000000,1370000000
6732,43200000000,1370000000
6733,43300000000,1370000000
6734,43400000000,1370000000
6735,43500000000,1370000000
6736,43600000000,1370000000
6737,43700000000,1370000000
6738,43800000000,1370000000
6739,43900000000,1380000000
6740,44000000000,1380000000
6741,44100000000,1380000000
6742,44200000000,1380000000
6743,44300000000,1380000000
6744,44400000000,1380000000
6745,44500000000,1380000000
6746,44600000000,1380000000
6747,44700000000,1380000000
6748,44800000000,1380000000
6749,44900000000,1380000000
6750,45000000000,1380000000
6751,45100000000,1380000000
6752,45200000000,1380000000
6753,45300000000,1380000000
6754,45400000000,1380000000
6755,45500000000,1380000000
6756,45600000000,1380000000
6757,45700000000,1380000000
6758,45800000000,1380000000
6759,45900000000,1380000000
6760,46000000000,1380000000
6761,46100000000,1380000000
6762,46200000000,1380000000
6763,46300000000,1380000000
6764,46400000000,1380000000
6765,46500000000,1380000000
6766,46600000000,1380000000
6767,46700000000,1380000000
6768,46800000000,1380000000
6769,46900000000,1380000000
6770,47000000000,1380000000
6771,47100000000,1380000000
6772,47200000000,1380000000
6773,47300000000,1380000000
6774,47400000000,1380000000
6775,47500000000,1380000000
6776,47600000000,1380000000
6777,47700000000,1380000000
6778,47800000000,1380000000
6779,47900000000,1380000000
6780,48000000000,1380000000
6781,48100000000,1380000000
6782,48200000000,1380000000
6783,48300000000,1380000000
6784,48400000000,1380000000
6785,48500000000,1380000000
6786,48600000000,1380000000
6787,48700000000,1380000000
6788,48800000000,1390000000
6789,48900000000,1390000000
6790,49000000000,1390000000
6791,49100000000,1390000000
6792,49200000000,1390000000
6793,49300000000,1390000000
6794,49400000000,1390000000
6795,49500000000,1390000000
6796,49600000000,1390000000
6797,49700000000,1390000000
6798,49800000000,1390000000
6799,49900000000,1390000000
6800,50000000000,1390000000
6801,50100000000,1390000000
6802,50200000000,1390000000
6803,50300000000,1390000000
6804,50400000000,1390000000
6805,50500000000,1390000000
6806,50600000000,1390000000
6807,50700000000,1390000000
6808,50800000000,1390000000
6809,50900000000,1390000000
6810,51000000000,1390000000
6811,51100000000,1390000000
6812,51200000000,1390000000
6813,51300000000,1390000000
6814,51400000000,1390000000
6815,51500000000,1390000000
6816,51600000000,1390000000
6817,51700000000,1390000000
6818,51800000000,1390000000
6819,51900000000,1390000000
6820,52000000000,1390000000
6821,52100000000,1390000000
6822,52200000000,1390000000
6823,52300000000,1390000000
6824,52400000000,1390000000
6825,52500000000,1390000000
6826,52600000000,1390000000
6827,52700000000,1390000000
6828,52800000000,1390000000
6829,52900000000,1390000000
6830,53000000000,1390000000
6831,53100000000,1390000000
6832,53200000000,1390000000
6833,53300000000,1390000000
6834,53400000000,1390000000
6835,53500000000,1390000000
6836,53600000000,1400000000
6837,53700000000,1400000000
6838,53800000000,1400000000
6839,53900000000,1400000000
6840,54000000000,1400000000
6841,54100000000,1400000000
6842,54200000000,1400000000
6843,54300000000,1400000000
6844,54400000000,1400000000
6845,54500000000,1400000000
6846,54600000000,1400000000
6847,54700000000,1400000000
6848,54800000000,1400000000
6849,54900000000,1400000000
6850,55000000000,1400000000
6851,55100000000,1400000000
6852,55200000000,1400000000
6853,55300000000,1400000000
6854,55400000000,1400000000
6855,55500000000,1400000000
6856,55600000000,1400000000
6857,55700000000,1400000000
6858,55800000000,1400000000
6859,55900000000,1400000000
6860,56000000000,1400000000
6861,56100000000,1400000000
6862,56200000000,1400000000
6863,56300000000,1400000000
6864,56400000000,1400000000
6865,56500000000,1400000000
6866,56600000000,1400000000
6867,56700000000,1400000000
6868,56800000000,1400000000
6869,56900000000,1400000000
6870,57000000000,1400000000
6871,57100000000,1400000000
6872,57200000000,1400000000
6873,57300000000,1400000000
6874,57400000000,1400000000
6875,57500000000,1400000000
6876,57600000000,1400000000
6877,57700000000,1400000000
6878,57800000000,1400000000
6879,57900000000,1400000000
6880,58000000000,1400000000
6881,58100000000,1400000000
6882,58200000000,1400000000
6883,58300000000,1400000000
6884,58400000000,1400000000
6885,58500000000,1410000000
6886,58600000000,1410000000
6887,58700000000,1410000000
6888,58800000000,1410000000
6889,58900000000,1410000000
6890,59000000000,1410000000
6891,59100000000,1410000000
6892,59200000000,1410000000
6893,59300000000,1410000000
6894,59400000000,1410000000
6895,59500000000,1410000000
6896,59600000000,1410000000
6897,59700000000,1410000000
6898,59800000000,1410000000
6899,59900000000,1410000000
6900,60000000000,1410000000
6901,60100000000,1410000000
6902,60200000000,1410000000
6903,60300000000,1410000000
6904,60400000000,1410000000
6905,60500000000,1410000000
6906,60600000000,1410000000
6907,60700000000,1410000000
6908,60800000000,1410000000
6909,60900000000,1410000000
6910,61000000000,1410000000
6911,61100000000,1410000000
6912,61200000000,1410000000
6913,61300000000,1410000000
6914,61400000000,1410000000
6915,61500000000,1410000000
6916,61600000000,1410000000
6917,61700000000,1410000000
6918,61800000000,1410000000
6919,61900000000,1410000000
6920,62000000000,1410000000
6921,62100000000,1410000000
6922,62200000000,1410000000
6923,62300000000,1410000000
6924,62400000000,1410000000
6925,62500000000,1410000000
6926,62600000000,1410000000
6927,62700000000,1410000000
6928,62800000000,1410000000
6929,62900000000,1410000000
6930,63000000000,1410000000
6931,63100000000,1410000000
6932,63200000000,1410000000
6933,63300000000,1410000000
6934,63400000000,1420000000
6935,63500000000,1420000000
6936,63600000000,1420000000
6937,63700000000,1420000000
6938,63800000000,1420000000
6939,63900000000,1420000000
6940,64000000000,1420000000
6941,64100000000,1420000000
6942,64200000000,1420000000
6943,64300000000,1420000000
6944,64400000000,1420000000
6945,64500000000,1420000000
6946,64600000000,1420000000
6947,64700000000,1420000000
6948,64800000000,1420000000
6949,64900000000,1420000000
6950,65000000000,1420000000
6951,65100000000,1420000000
6952,65200000000,1420000000
6953,65300000000,1420000000
6954,65400000000,1420000000
6955,65500000000,1420000000
6956,65600000000,1420000000
6957,65700000000,1420000000
6958,65800000000,1420000000
6959,65900000000,1420000000
6960,66000000000,1420000000
6961,66100000000,1420000000
6962,66200000000,1420000000
6963,66300000000,1420000000
6964,66400000000,1420000000
6965,66500000000,1420000000
6966,66600000000,1420000000
6967,66700000000,1420000000
6968,66800000000,1420000000
6969,66900000000,1420000000
6970,67000000000,1420000000
6971,67100000000,1420000000
6972,67200000000,1420000000
6973,67300000000,1420000000
6974,67400000000,1420000000
6975,67500000000,1420000000
6976,67600000000,1420000000
6977,67700000000,1420000000
6978,67800000000,1420000000
6979,67900000000,1420000000
6980,68000000000,1420000000
6981,68100000000,1420000000
6982,68200000000,1420000000
6983,68300000000,1430000000
6984,68400000000,1430000000
6985,68500000000,1430000000
6986,68600000000,1430000000
6987,68700000000,1430000000
6988,68800000000,1430000000
6989,68900000000,1430000000
6990,69000000000,1430000000
6991,69100000000,1430000000
6992,69200000000,1430000000
6993,69300000000,1430000000
6994,69400000000,1430000000
6995,69500000000,1430000000
6996,69600000000,1430000000
6997,69700000000,1430000000
6998,69800000000,1430000000
6999,69900000000,1430000000
7000,70000000000,1430000000
7001,70100000000,1430000000
7002,70200000000,1430000000
7003,70300000000,1430000000
7004,70400000000,1430000000
7005,70500000000,1430000000
7006,70600000000,1430000000
7007,70700000000,1430000000
7008,70800000000,1430000000
7009,70900000000,1430000000
7010,71000000000,1430000000
7011,71100000000,1430000000
7012,71200000000,1430000000
7013,71300000000,1430000000
7014,71400000000,1430000000
7015,71500000000,1430000000
7016,71600000000,1430000000
7017,71700000000,1430000000
7018,71800000000,1430000000
7019,71900000000,1430000000
7020,72000000000,1430000000
7021,72100000000,1430000000
7022,72200000000,1430000000
7023,72300000000,1430000000
7024,72400000000,1430000000
7025,72500000000,1430000000
7026,72600000000,1430000000
7027,72700000000,1430000000
7028,72800000000,1430000000
7029,72900000000,1430000000
7030,73000000000,1430000000
7031,73100000000,1430000000
7032,73200000000,1440000000
7033,73300000000,1440000000
7034,73400000000,1440000000
7035,73500000000,1440000000
7036,73600000000,1440000000
7037,73700000000,1440000000
7038,73800000000,1440000000
7039,73900000000,1440000000
7040,74000000000,1440000000
7041,74100000000,1440000000
7042,74200000000,1440000000
7043,74300000000,1440000000
7044,74400000000,1440000000
7045,74500000000,1440000000
7046,74600000000,1440000000
7047,74700000000,1440000000
7048,74800000000,1440000000
7049,74900000000,1440000000
7050,75000000000,1440000000
7051,75100000000,1440000000
7052,75200000000,1440000000
7053,75300000000,1440000000
7054,75400000000,1440000000
7055,75500000000,1440000000
7056,75600000000,1440000000
7057,75700000000,1440000000
7058,75800000000,1440000000
7059,75900000000,1440000000
7060,76000000000,1440000000
7061,76100000000,1440000000
7062,76200000000,1440000000
7063,76300000000,1440000000
7064,76400000000,1440000000
7065,76500000000,1440000000
7066,76600000000,1440000000
7067,76700000000,1440000000
7068,76800000000,1440000000
7069,76900000000,1440000000
7070,77000000000,1440000000
7071,77100000000,1440000000
7072,77200000000,1440000000
7073,77300000000,1440000000
7074,77400000000,1440000000
7075,77500000000,1440000000
7076,77600000000,1440000000
7077,77700000000,1440000000
7078,77800000000,1440000000
7079,77900000000,1440000000
7080,78000000000,1440000000
7081,78100000000,1450000000
7082,78200000000,1450000000
7083,78300000000,1450000000
7084,78400000000,1450000000
7085,78500000000,1450000000
7086,78600000000,1450000000
7087,78700000000,1450000000
7088,78800000000,1450000000
7089,78900000000,1450000000
7090,79000000000,1450000000
7091,79100000000,1450000000
7092,79200000000,1450000000
7093,79300000000,1450000000
7094,79400000000,1450000000
7095,79500000000,1450000000
7096,79600000000,1450000000
7097,79700000000,1450000000
7098,79800000000,1450000000
7099,79900000000,1450000000
7100,80000000000,1450000000
7101,80100000000,1450000000
7102,80200000000,1450000000
7103,80300000000,1450000000
7104,80400000000,1450000000
7105,80500000000,1450000000
7106,80600000000,1450000000
7107,80700000000,1450000000
7108,80800000000,1450000000
7109,80900000000,1450000000
7110,81000000000,1450000000
7111,81100000000,1450000000
7112,81200000000,1450000000
7113,81300000000,1450000000
7114,81400000000,1450000000
7115,81500000000,1450000000
7116,81600000000,1450000000
7117,81700000000,1450000000
7118,81800000000,1450000000
7119,81900000000,1450000000
7120,82000000000,1450000000
7121,82100000000,1450000000
7122,82200000000,1450000000
7123,82300000000,1450000000
7124,82400000000,1450000000
7125,82500000000,1450000000
7126,82600000000,1450000000
7127,82700000000,1450000000
7128,82800000000,1450000000
7129,82900000000,1460000000
7130,83000000000,1460000000
7131,83100000000,1460000000
7132,83200000000,1460000000
7133,83300000000,1460000000
7134,83400000000,1460000000
7135,83500000000,1460000000
7136,83600000000,1460000000
7137,83700000000,1460000000
7138,83800000000,1460000000
7139,83900000000,1460000000
7140,84000000000,1460000000
7141,84100000000,1460000000
7142,84200000000,1460000000
7143,84300000000,1460000000
7144,84400000000,1460000000
7145,84500000000,1460000000
7146,84600000000,1460000000
7147,84700000000,1460000000
7148,84800000000,1460000000
7149,84900000000,1460000000
7150,85000000000,1460000000
7151,85100000000,1460000000
7152,85200000000,1460000000
7153,85300000000,1460000000
7154,85400000000,1460000000
7155,85500000000,1460000000
7156,85600000000,1460000000
7157,85700000000,1460000000
7158,85800000000,1460000000
7159,85900000000,1460000000
7160,86000000000,1460000000
7161,86100000000,1460000000
7162,86200000000,1460000000
7163,86300000000,1460000000
7164,86400000000,1460000000
7165,86500000000,1460000000
7166,86600000000,1460000000
7167,86700000000,1460000000
7168,86800000000,1460000000
7169,86900000000,1460000000
7170,87000000000,1460000000
7171,87100000000,1460000000
7172,87200000000,1460000000
7173,87300000000,1460000000
7174,87400000000,1460000000
7175,87500000000,1460000000
7176,87600000000,1460000000
7177,87700000000,1460000000
7178,87800000000,1470000000
7179,87900000000,1470000000
7180,88000000000,1470000000
7181,88100000000,1470000000
7182,88200000000,1470000000
7183,88300000000,1470000000
7184,88400000000,1470000000
7185,88500000000,1470000000
7186,88600000000,1470000000
7187,88700000000,1470000000
7188,88800000000,1470000000
7189,88900000000,1470000000
7190,89000000000,1470000000
7191,89100000000,1470000000
7192,89200000000,1470000000
7193,89300000000,1470000000
7194,89400000000,1470000000
7195,89500000000,1470000000
7196,89600000000,1470000000
7197,89700000000,1470000000
7198,89800000000,1470000000
7199,89900000000,1470000000
7200,90000000000,1470000000
7201,90100000000,1470000000
7202,90200000000,1470000000
7203,90300000000,1470000000
7204,90400000000,1470000000
7205,90500000000,1470000000
7206,90600000000,1470000000
7207,90700000000,1470000000
7208,90800000000,1470000000
7209,90900000000,1470000000
7210,91000000000,1470000000
7211,91100000000,1470000000
7212,91200000000,1470000000
7213,91300000000,1470000000
7214,91400000000,1470000000
7215,91500000000,1470000000
7216,91600000000,1470000000
7217,91700000000,1470000000
7218,91800000000,1470000000
7219,91900000000,1470000000
7220,92000000000,1470000000
7221,92100000000,1470000000
7222,92200000000,1470000000
7223,92300000000,1470000000
7224,92400000000,1470000000
7225,92500000000,1470000000
7226,92600000000,1470000000
7227,92700000000,1480000000
7228,92800000000,1480000000
7229,92900000000,1480000000
7230,93000000000,1480000000
7231,93100000000,1480000000
7232,93200000000,1480000000
7233,93300000000,1480000000
7234,93400000000,1480000000
7235,93500000000,1480000000
7236,93600000000,1480000000
7237,93700000000,1480000000
7238,93800000000,1480000000
7239,93900000000,1480000000
7240,94000000000,1480000000
7241,94100000000,1480000000
7242,94200000000,1480000000
7243,94300000000,1480000000
7244,94400000000,1480000000
7245,94500000000,1480000000
7246,94600000000,1480000000
7247,94700000000,1480000000
7248,94800000000,1480000000
7249,94900000000,1480000000
7250,95000000000,1480000000
7251,95100000000,1480000000
7252,95200000000,1480000000
7253,95300000000,1480000000
7254,95400000000,1480000000
7255,95500000000,1480000000
7256,95600000000,1480000000
7257,95700000000,1480000000
7258,95800000000,1480000000
7259,95900000000,1480000000
7260,96000000000,1480000000
7261,96100000000,1480000000
7262,96200000000,1480000000
7263,96300000000,1480000000
7264,96400000000,1480000000
7265,96500000000,1480000000
7266,96600000000,1480000000
7267,96700000000,1480000000
7268,96800000000,1480000000
7269,96900000000,1480000000
7270,97000000000,1480000000
7271,97100000000,1480000000
7272,97200000000,1480000000
7273,97300000000,1480000000
7274,97400000000,1480000000
7275,97500000000,1480000000
7276,97600000000,1490000000
7277,97700000000,1490000000
7278,97800000000,1490000000
7279,97900000000,1490000000
7280,98000000000,1490000000
7281,98100000000,1490000000
7282,98200000000,1490000000
7283,98300000000,1490000000
7284,98400000000,1490000000
7285,98500000000,1490000000
7286,98600000000,1490000000
7287,98700000000,1490000000
7288,98800000000,1490000000
7289,98900000000,1490000000
7290,99000000000,1490000000
7291,99100000000,1490000000
7292,99200000000,1490000000
7293,99300000000,1490000000
7294,99400000000,1490000000
7295,99500000000,1490000000
7296,99600000000,1490000000
7297,99700000000,1490000000
7298,99800000000,1490000000
7299,99900000000,1490000000
7300,100000000000,1490000000
7301,100100000000,1490000000
7302,100200000000,1490000000
7303,100300000000,1490000000
7304,100400000000,1490000000
7305,100500000000,1490000000
7306,100600000000,1490000000
7307,100700000000,1490000000
7308,100800000000,1490000000
7309,100900000000,1490000000
7310,101000000000,1490000000
7311,101100000000,1490000000
7312,101200000000,1490000000
7313,101300000000,1490000000
7314,101400000000,1490000000
7315,101500000000,1490000000
7316,101600000000,1490000000
7317,101700000000,1490000000
7318,101800000000,1490000000
7319,101900000000,1490000000
7320,102000000000,1490000000
7321,102100000000,1490000000
7322,102200000000,1490000000
7323,102300000000,1490000000
7324,102400000000,1490000000
7325,102500000000,1500000000
7326,102600000000,1500000000
7327,102700000000,1500000000
7328,102800000000,1500000000
7329,102900000000,1500000000
7330,103000000000,1500000000
7331,103100000000,1500000000
7332,103200000000,1500000000
7333,103300000000,1500000000
7334,103400000000,1500000000
7335,103500000000,1500000000
7336,103600000000,1500000000
7337,103700000000,1500000000
7338,103800000000,1500000000
7339,103900000000,1500000000
7340,104000000000,1500000000
7341,104100000000,1500000000
7342,104200000000,1500000000
7343,104300000000,1500000000
7344,104400000000,1500000000
7345,104500000000,1500000000
7346,104600000000,1500000000
7347,104700000000,1500000000
7348,104800000000,1500000000
7349,104900000000,1500000000
7350,105000000000,1500000000
7351,105100000000,1500000000
7352,105200000000,1500000000
7353,105300000000,1500000000
7354,105400000000,1500000000
7355,105500000000,1500000000
7356,105600000000,1500000000
7357,105700000000,1500000000
7358,105800000000,1500000000
7359,105900000000,1500000000
7360,106000000000,1500000000
7361,106100000000,1500000000
7362,106200000000,1500000000
7363,106300000000,1500000000
7364,106400000000,1500000000
7365,106500000000,1500000000
7366,106600000000,1500000000
7367,106700000000,1500000000
7368,106800000000,1500000000
7369,106900000000,1500000000
7370,107000000000,1500000000
7371,107100000000,1500000000
7372,107200000000,1500000000
7373,107300000000,1500000000
7374,107400000000,1510000000
7375,107500000000,1510000000
7376,107600000000,1510000000
7377,107700000000,1510000000
7378,107800000000,1510000000
7379,107900000000,1510000000
7380,108000000000,1510000000
7381,108100000000,1510000000
7382,108200000000,1510000000
7383,108300000000,1510000000
7384,108400000000,1510000000
7385,108500000000,1510000000
7386,108600000000,1510000000
7387,108700000000,1510000000
7388,108800000000,1510000000
7389,108900000000,1510000000
7390,109000000000,1510000000
7391,109100000000,1510000000
7392,109200000000,1510000000
7393,109300000000,1510000000
7394,109400000000,1510000000
7395,109500000000,1510000000
7396,109600000000,1510000000
7397,109700000000,1510000000
7398,109800000000,1510000000
7399,109900000000,1510000000
7400,110000000000,1510000000
7401,110100000000,1510000000
7402,110200000000,1510000000
7403,110300000000,1510000000
7404,110400000000,1510000000
7405,110500000000,1510000000
7406,110600000000,1510000000
7407,110700000000,1510000000
7408,110800000000,1510000000
7409,110900000000,1510000000
7410,111000000000,1510000000
7411,111100000000,1510000000
7412,111200000000,1510000000
7413,111300000000,1510000000
7414,111400000000,1510000000
7415,111500000000,1510000000
7416,111600000000,1510000000
7417,111700000000,1510000000
7418,111800000000,1510000000
7419,111900000000,1510000000
7420,112000000000,1510000000
7421,112100000000,1510000000
7422,112200000000,1520000000
7423,112300000000,1520000000
7424,112400000000,1520000000
7425,112500000000,1520000000
7426,112600000000,1520000000
7427,112700000000,1520000000
7428,112800000000,1520000000
7429,112900000000,1520000000
7430,113000000000,1520000000
7431,113100000000,1520000000
7432,113200000000,1520000000
7433,113300000000,1520000000
7434,113400000000,1520000000
7435,113500000000,1520000000
7436,113600000000,1520000000
7437,113700000000,1520000000
7438,113800000000,1520000000
7439,113900000000,1520000000
7440,114000000000,1520000000
7441,114100000000,1520000000
7442,114200000000,1520000000
7443,114300000000,1520000000
7444,114400000000,1520000000
7445,114500000000,1520000000
7446,114600000000,1520000000
7447,114700000000,1520000000
7448,114800000000,1520000000
7449,114900000000,1520000000
7450,115000000000,1520000000
7451,115100000000,1520000000
7452,115200000000,1520000000
7453,115300000000,1520000000
7454,115400000000,1520000000
7455,115500000000,1520000000
7456,115600000000,1520000000
7457,115700000000,1520000000
7458,115800000000,1520000000
7459,115900000000,1520000000
7460,116000000000,1520000000
7461,116100000000,1520000000
7462,116200000000,1520000000
7463,116300000000,1520000000
7464,116400000000,1520000000
7465,116500000000,1520000000
7466,116600000000,1520000000
7467,116700000000,1520000000
7468,116800000000,1520000000
7469,116900000000,1520000000
7470,117000000000,1520000000
7471,117100000000,1530000000
7472,117200000000,1530000000
7473,117300000000,1530000000
7474,117400000000,1530000000
7475,117500000000,1530000000
7476,117600000000,1530000000
7477,117700000000,1530000000
7478,117800000000,1530000000
7479,117900000000,1530000000
7480,118000000000,1530000000
7481,118100000000,1530000000
7482,118200000000,1530000000
7483,118300000000,1530000000
7484,118400000000,1530000000
7485,118500000000,1530000000
7486,118600000000,1530000000
7487,118700000000,1530000000
7488,118800000000,1530000000
7489,118900000000,1530000000
7490,119000000000,1530000000
7491,119100000000,1530000000
7492,119200000000,1530000000
7493,119300000000,1530000000
7494,119400000000,1530000000
7495,119500000000,1530000000
7496,119600000000,1530000000
7497,119700000000,1530000000
7498,119800000000,1530000000
7499,119900000000,1530000000
7500,120000000000,1530000000
7501,120100000000,1530000000
7502,120200000000,1530000000
7503,120300000000,1530000000
7504,120400000000,1530000000
7505,120500000000,1530000000
7506,120600000000,1530000000
7507,120700000000,1530000000
7508,120800000000,1530000000
7509,120900000000,1530000000
7510,121000000000,1530000000
7511,121100000000,1530000000
7512,121200000000,1530000000
7513,121300000000,1530000000
7514,121400000000,1530000000
7515,121500000000,1530000000
7516,121600000000,1530000000
7517,121700000000,1530000000
7518,121800000000,1530000000
7519,121900000000,1530000000
7520,122000000000,1540000000
7521,122100000000,1540000000
7522,122200000000,1540000000
7523,122300000000,1540000000
7524,122400000000,1540000000
7525,122500000000,1540000000
7526,122600000000,1540000000
7527,122700000000,1540000000
7528,122800000000,1540000000
7529,122900000000,1540000000
7530,123000000000,1540000000
7531,123100000000,1540000000
7532,123200000000,1540000000
7533,123300000000,1540000000
7534,123400000000,1540000000
7535,123500000000,1540000000
7536,123600000000,1540000000
7537,123700000000,1540000000
7538,123800000000,1540000000
7539,123900000000,1540000000
7540,124000000000,1540000000
7541,124100000000,1540000000
7542,124200000000,1540000000
7543,124300000000,1540000000
7544,124400000000,1540000000
7545,124500000000,1540000000
7546,124600000000,1540000000
7547,124700000000,1540000000
7548,124800000000,1540000000
7549,124900000000,1540000000
7550,125000000000,1540000000
7551,125100000000,1540000000
7552,125200000000,1540000000
7553,125300000000,1540000000
7554,125400000000,1540000000
7555,125500000000,1540000000
7556,125600000000,1540000000
7557,125700000000,1540000000
7558,125800000000,1540000000
7559,125900000000,1540000000
7560,126000000000,1540000000
7561,126100000000,1540000000
7562,126200000000,1540000000
7563,126300000000,1540000000
7564,126400000000,1540000000
7565,126500000000,1540000000
7566,126600000000,1540000000
7567,126700000000,1540000000
7568,126800000000,1540000000
7569,126900000000,1550000000
7570,127000000000,1550000000
7571,127100000000,1550000000
7572,127200000000,1550000000
7573,127300000000,1550000000
7574,127400000000,1550000000
7575,127500000000,1550000000
7576,127600000000,1550000000
7577,127700000000,1550000000
7578,127800000000,1550000000
7579,127900000000,1550000000
7580,128000000000,1550000000
7581,128100000000,1550000000
7582,128200000000,1550000000
7583,128300000000,1550000000
7584,128400000000,1550000000
7585,128500000000,1550000000
7586,128600000000,1550000000
7587,128700000000,1550000000
7588,128800000000,1550000000
7589,128900000000,1550000000
7590,129000000000,1550000000
7591,129100000000,1550000000
7592,129200000000,1550000000
7593,129300000000,1550000000
7594,129400000000,1550000000
7595,129500000000,1550000000
7596,129600000000,1550000000
7597,129700000000,1550000000
7598,129800000000,1550000000
7599,129900000000,1550000000
7600,130000000000,1550000000
7601,130100000000,1550000000
7602,130200000000,1550000000
7603,130300000000,1550000000
7604,130400000000,1550000000
7605,130500000000,1550000000
7606,130600000000,1550000000
7607,130700000000,1550000000
7608,130800000000,1550000000
7609,130900000000,1550000000
7610,131000000000,1550000000
7611,131100000000,1550000000
7612,131200000000,1550000000
7613,131300000000,1550000000
7614,131400000000,1550000000
7615,131500000000,1550000000
7616,131600000000,1550000000
7617,131700000000,1550000000
7618,131800000000,1560000000
7619,131900000000,1560000000
7620,132000000000,1560000000
7621,132100000000,1560000000
7622,132200000000,1560000000
7623,132300000000,1560000000
7624,132400000000,1560000000
7625,132500000000,1560000000
7626,132600000000,1560000000
7627,132700000000,1560000000
7628,132800000000,1560000000
7629,132900000000,1560000000
7630,133000000000,1560000000
7631,133100000000,1560000000
7632,133200000000,1560000000
7633,133300000000,1560000000
7634,133400000000,1560000000
7635,133500000000,1560000000
7636,133600000000,1560000000
7637,133700000000,1560000000
7638,133800000000,1560000000
7639,133900000000,1560000000
7640,134000000000,1560000000
7641,134100000000,1560000000
7642,134200000000,1560000000
7643,134300000000,1560000000
7644,134400000000,1560000000
7645,134500000000,1560000000
7646,134600000000,1560000000
7647,134700000000,1560000000
7648,134800000000,1560000000
7649,134900000000,1560000000
7650,135000000000,1560000000
7651,135100000000,1560000000
7652,135200000000,1560000000
7653,135300000000,1560000000
7654,135400000000,1560000000
7655,135500000000,1560000000
7656,135600000000,1560000000
7657,135700000000,1560000000
7658,135800000000,1560000000
7659,135900000000,1560000000
7660,136000000000,1560000000
7661,136100000000,1560000000
7662,136200000000,1560000000
7663,136300000000,1560000000
7664,136400000000,1560000000
7665,136500000000,1560000000
7666,136600000000,1560000000
7667,136700000000,1570000000
7668,136800000000,1570000000
7669,136900000000,1570000000
7670,137000000000,1570000000
7671,137100000000,1570000000
7672,137200000000,1570000000
7673,137300000000,1570000000
7674,137400000000,1570000000
7675,137500000000,1570000000
7676,137600000000,1570000000
7677,137700000000,1570000000
7678,137800000000,1570000000
7679,137900000000,1570000000
7680,138000000000,1570000000
7681,138100000000,1570000000
7682,138200000000,1570000000
7683,138300000000,1570000000
7684,138400000000,1570000000
7685,138500000000,1570000000
7686,138600000000,1570000000
7687,138700000000,1570000000
7688,138800000000,1570000000
7689,138900000000,1570000000
7690,139000000000,1570000000
7691,139100000000,1570000000
7692,139200000000,1570000000
7693,139300000000,1570000000
7694,139400000000,1570000000
7695,139500000000,1570000000
7696,139600000000,1570000000
7697,139700000000,1570000000
7698,139800000000,1570000000
7699,139900000000,1570000000
7700,140000000000,1570000000
7701,140100000000,1570000000
7702,140200000000,1570000000
7703,140300000000,1570000000
7704,140400000000,1570000000
7705,140500000000,1570000000
7706,140600000000,1570000000
7707,140700000000,1570000000
7708,140800000000,1570000000
7709,140900000000,1570000000
7710,141000000000,1570000000
7711,141100000000,1570000000
7712,141200000000,1570000000
7713,141300000000,1570000000
7714,141400000000,1570000000
7715,141500000000,1580000000
7716,141600000000,1580000000
7717,141700000000,1580000000
7718,141800000000,1580000000
7719,141900000000,1580000000
7720,142000000000,1580000000
7721,142100000000,1580000000
7722,142200000000,1580000000
7723,142300000000,1580000000
7724,142400000000,1580000000
7725,142500000000,1580000000
7726,142600000000,1580000000
7727,142700000000,1580000000
7728,142800000000,1580000000
7729,142900000000,1580000000
7730,143000000000,1580000000
7731,143100000000,1580000000
7732,143200000000,1580000000
7733,143300000000,1580000000
7734,143400000000,1580000000
7735,143500000000,1580000000
7736,143600000000,1580000000
7737,143700000000,1580000000
7738,143800000000,1580000000
7739,143900000000,1580000000
7740,144000000000,1580000000
7741,144100000000,1580000000
7742,144200000000,1580000000
7743,144300000000,1580000000
7744,144400000000,1580000000
7745,144500000000,1580000000
7746,144600000000,1580000000
7747,144700000000,1580000000
7748,144800000000,1580000000
7749,144900000000,1580000000
7750,145000000000,1580000000
7751,145100000000,1580000000
7752,145200000000,1580000000
7753,145300000000,1580000000
7754,145400000000,1580000000
7755,145500000000,1580000000
7756,145600000000,1580000000
7757,145700000000,1580000000
7758,145800000000,1580000000
7759,145900000000,1580000000
7760,146000000000,1580000000
7761,146100000000,1580000000
7762,146200000000,1580000000
7763,146300000000,1580000000
7764,146400000000,1590000000
7765,146500000000,1590000000
7766,146600000000,1590000000
7767,146700000000,1590000000
7768,146800000000,1590000000
7769,146900000000,1590000000
7770,147000000000,1590000000
7771,147100000000,1590000000
7772,147200000000,1590000000
7773,147300000000,1590000000
7774,147400000000,1590000000
7775,147500000000,1590000000
7776,147600000000,1590000000
7777,147700000000,1590000000
7778,147800000000,1590000000
7779,147900000000,1590000000
7780,148000000000,1590000000
7781,148100000000,1590000000
7782,148200000000,1590000000
7783,148300000000,1590000000
7784,148400000000,1590000000
7785,148500000000,1590000000
7786,148600000000,1590000000
7787,148700000000,1590000000
7788,148800000000,1590000000
7789,148900000000,1590000000
7790,149000000000,1590000000
7791,149100000000,1590000000
7792,149200000000,1590000000
7793,149300000000,1590000000
7794,149400000000,1590000000
7795,149500000000,1590000000
7796,149600000000,1590000000
7797,149700000000,1590000000
7798,149800000000,1590000000
7799,149900000000,1590000000
7800,150000000000,1590000000
7801,150100000000,1590000000
7802,150200000000,1590000000
7803,150300000000,1590000000
7804,150400000000,1590000000
7805,150500000000,1590000000
7806,150600000000,1590000000
7807,150700000000,1590000000
7808,150800000000,1590000000
7809,150900000000,1590000000
7810,151000000000,1590000000
7811,151100000000,1590000000
7812,151200000000,1590000000
7813,151300000000,1600000000
7814,151400000000,1600000000
7815,151500000000,1600000000
7816,151600000000,1600000000
7817,151700000000,1600000000
7818,151800000000,1600000000
7819,151900000000,1600000000
7820,152000000000,1600000000
7821,152100000000,1600000000
7822,152200000000,1600000000
7823,152300000000,1600000000
7824,152400000000,1600000000
7825,152500000000,1600000000
7826,152600000000,1600000000
7827,152700000000,1600000000
7828,152800000000,1600000000
7829,152900000000,1600000000
7830,153000000000,1600000000
7831,153100000000,1600000000
7832,153200000000,1600000000
7833,153300000000,1600000000
7834,153400000000,1600000000
7835,153500000000,1600000000
7836,153600000000,1600000000
7837,153700000000,1600000000
7838,153800000000,1600000000
7839,153900000000,1600000000
7840,154000000000,1600000000
7841,154100000000,1600000000
7842,154200000000,1600000000
7843,154300000000,1600000000
7844,154400000000,1600000000
7845,154500000000,1600000000
7846,154600000000,1600000000
7847,154700000000,1600000000
7848,154800000000,1600000000
7849,154900000000,1600000000
7850,155000000000,1600000000
7851,155100000000,1600000000
7852,155200000000,1600000000
7853,155300000000,1600000000
7854,155400000000,1600000000
7855,155500000000,1600000000
7856,155600000000,1600000000
7857,155700000000,1600000000
7858,155800000000,1600000000
7859,155900000000,1600000000
7860,156000000000,1600000000
7861,156100000000,1600000000
7862,156200000000,1610000000
7863,156300000000,1610000000
7864,156400000000,1610000000
7865,156500000000,1610000000
7866,156600000000,1610000000
7867,156700000000,1610000000
7868,156800000000,1610000000
7869,156900000000,1610000000
7870,157000000000,1610000000
7871,157100000000,1610000000
7872,157200000000,1610000000
7873,157300000000,1610000000
7874,157400000000,1610000000
7875,157500000000,1610000000
7876,157600000000,1610000000
7877,157700000000,1610000000
7878,157800000000,1610000000
7879,157900000000,1610000000
7880,158000000000,1610000000
7881,158100000000,1610000000
7882,158200000000,1610000000
7883,158300000000,1610000000
7884,158400000000,1610000000
7885,158500000000,1610000000
7886,158600000000,1610000000
7887,158700000000,1610000000
7888,158800000000,1610000000
7889,158900000000,1610000000
7890,159000000000,1610000000
7891,159100000000,1610000000
7892,159200000000,1610000000
7893,159300000000,1610000000
7894,159400000000,1610000000
7895,159500000000,1610000000
7896,159600000000,1610000000
7897,159700000000,1610000000
7898,159800000000,1610000000
7899,159900000000,1610000000
7900,160000000000,1610000000
7901,160100000000,1610000000
7902,160200000000,1610000000
7903,160300000000,1610000000
7904,160400000000,1610000000
7905,160500000000,1610000000
7906,160600000000,1610000000
7907,160700000000,1610000000
7908,160800000000,1610000000
7909,160900000000,1610000000
7910,161000000000,1610000000
7911,161100000000,1620000000
7912,161200000000,1620000000
7913,161300000000,1620000000
7914,161400000000,1620000000
7915,161500000000,1620000000
7916,161600000000,1620000000
7917,161700000000,1620000000
7918,161800000000,1620000000
7919,161900000000,1620000000
7920,162000000000,1620000000
7921,162100000000,1620000000
7922,162200000000,1620000000
7923,162300000000,1620000000
7924,162400000000,1620000000
7925,162500000000,1620000000
7926,162600000000,1620000000
7927,162700000000,1620000000
7928,162800000000,1620000000
7929,162900000000,1620000000
7930,163000000000,1620000000
7931,163100000000,1620000000
7932,163200000000,1620000000
7933,163300000000,1620000000
7934,163400000000,1620000000
7935,163500000000,1620000000
7936,163600000000,1620000000
7937,163700000000,1620000000
7938,163800000000,1620000000
7939,163900000000,1620000000
7940,164000000000,1620000000
7941,164100000000,1620000000
7942,164200000000,1620000000
7943,164300000000,1620000000
7944,164400000000,1620000000
7945,164500000000,1620000000
7946,164600000000,1620000000
7947,164700000000,1620000000
7948,164800000000,1620000000
7949,164900000000,1620000000
7950,165000000000,1620000000
7951,165100000000,1620000000
7952,165200000000,1620000000
7953,165300000000,1620000000
7954,165400000000,1620000000
7955,165500000000,1620000000
7956,165600000000,1620000000
7957,165700000000,1620000000
7958,165800000000,1620000000
7959,165900000000,1630000000
7960,166000000000,1630000000
7961,166100000000,1630000000
7962,166200000000,1630000000
7963,166300000000,1630000000
7964,166400000000,1630000000
7965,166500000000,1630000000
7966,166600000000,1630000000
7967,166700000000,1630000000
7968,166800000000,1630000000
7969,166900000000,1630000000
7970,167000000000,1630000000
7971,167100000000,1630000000
7972,167200000000,1630000000
7973,167300000000,1630000000
7974,167400000000,1630000000
7975,167500000000,1630000000
7976,167600000000,1630000000
7977,167700000000,1630000000
7978,167800000000,1630000000
7979,167900000000,1630000000
7980,168000000000,1630000000
7981,168100000000,1630000000
7982,168200000000,1630000000
7983,168300000000,1630000000
7984,168400000000,1630000000
7985,168500000000,1630000000
7986,168600000000,1630000000
7987,168700000000,1630000000
7988,168800000000,1630000000
7989,168900000000,1630000000
7990,169000000000,1630000000
7991,169100000000,1630000000
7992,169200000000,1630000000
7993,169300000000,1630000000
7994,169400000000,1630000000
7995,169500000000,1630000000
7996,169600000000,1630000000
7997,169700000000,1630000000
7998,169800000000,1630000000
7999,169900000000,1630000000
8000,170000000000,1630000000
8001,170100000000,1630000000
8002,170200000000,1630000000
8003,170300000000,1630000000
8004,170400000000,1630000000
8005,170500000000,1630000000
8006,170600000000,1630000000
8007,170700000000,1630000000
8008,170800000000,1640000000
8009,170900000000,1640000000
8010,171000000000,1640000000
8011,171100000000,1640000000
8012,171200000000,1640000000
8013,171300000000,1640000000
8014,171400000000,1640000000
8015,171500000000,1640000000
8016,171600000000,1640000000
8017,171700000000,1640000000
8018,171800000000,1640000000
8019,171900000000,1640000000
8020,172000000000,1640000000
8021,172100000000,1640000000
8022,172200000000,1640000000
8023,172300000000,1640000000
8024,172400000000,1640000000
8025,172500000000,1640000000
8026,172600000000,1640000000
8027,172700000000,1640000000
8028,172800000000,1640000000
8029,172900000000,1640000000
8030,173000000000,1640000000
8031,173100000000,1640000000
8032,173200000000,1640000000
8033,173300000000,1640000000
8034,173400000000,1640000000
8035,173500000000,1640000000
8036,173600000000,1640000000
8037,173700000000,1640000000
8038,173800000000,1640000000
8039,173900000000,1640000000
8040,174000000000,1640000000
8041,174100000000,1640000000
8042,174200000000,1640000000
8043,174300000000,1640000000
8044,174400000000,1640000000
8045,174500000000,1640000000
8046,174600000000,1640000000
8047,174700000000,1640000000
8048,174800000000,1640000000
8049,174900000000,1640000000
8050,175000000000,1640000000
8051,175100000000,1640000000
8052,175200000000,1640000000
8053,175300000000,1640000000
8054,175400000000,1640000000
8055,175500000000,1640000000
8056,175600000000,1640000000
8057,175700000000,1650000000
8058,175800000000,1650000000
8059,175900000000,1650000000
8060,176000000000,1650000000
8061,176100000000,1650000000
8062,176200000000,1650000000
8063,176300000000,1650000000
8064,176400000000,1650000000
8065,176500000000,1650000000
8066,176600000000,1650000000
8067,176700000000,1650000000
8068,176800000000,1650000000
8069,176900000000,1650000000
8070,177000000000,1650000000
8071,177100000000,1650000000
8072,177200000000,1650000000
8073,177300000000,1650000000
8074,177400000000,1650000000
8075,177500000000,1650000000
8076,177600000000,1650000000
8077,177700000000,1650000000
8078,177800000000,1650000000
8079,177900000000,1650000000
8080,178000000000,1650000000
8081,178100000000,1650000000
8082,178200000000,1650000000
8083,178300000000,1650000000
8084,178400000000,1650000000
8085,178500000000,1650000000
8086,178600000000,1650000000
8087,178700000000,1650000000
8088,178800000000,1650000000
8089,178900000000,1650000000
8090,179000000000,1650000000
8091,179100000000,1650000000
8092,179200000000,1650000000
8093,179300000000,1650000000
8094,179400000000,1650000000
8095,179500000000,1650000000
8096,179600000000,1650000000
8097,179700000000,1650000000
8098,179800000000,1650000000
8099,179900000000,1650000000
8100,180000000000,1650000000
8101,180100000000,1650000000
8102,180200000000,1650000000
8103,180300000000,1650000000
8104,180400000000,1650000000
8105,180500000000,1650000000
8106,180600000000,1660000000
8107,180700000000,1660000000
8108,180800000000,1660000000
8109,180900000000,1660000000
8110,181000000000,1660000000
8111,181100000000,1660000000
8112,181200000000,1660000000
8113,181300000000,1660000000
8114,181400000000,1660000000
8115,181500000000,1660000000
8116,181600000000,1660000000
8117,181700000000,1660000000
8118,181800000000,1660000000
8119,181900000000,1660000000
8120,182000000000,1660000000
8121,182100000000,1660000000
8122,182200000000,1660000000
8123,182300000000,1660000000
8124,182400000000,1660000000
8125,182500000000,1660000000
8126,182600000000,1660000000
8127,182700000000,1660000000
8128,182800000000,1660000000
8129,182900000000,1660000000
8130,183000000000,1660000000
8131,183100000000,1660000000
8132,183200000000,1660000000
8133,183300000000,1660000000
8134,183400000000,1660000000
8135,183500000000,1660000000
8136,183600000000,1660000000
8137,183700000000,1660000000
8138,183800000000,1660000000
8139,183900000000,1660000000
8140,184000000000,1660000000
8141,184100000000,1660000000
8142,184200000000,1660000000
8143,184300000000,1660000000
8144,184400000000,1660000000
8145,184500000000,1660000000
8146,184600000000,1660000000
8147,184700000000,1660000000
8148,184800000000,1660000000
8149,184900000000,1660000000
8150,185000000000,1660000000
8151,185100000000,1660000000
8152,185200000000,1660000000
8153,185300000000,1660000000
8154,185400000000,1660000000
8155,185500000000,1670000000
8156,185600000000,1670000000
8157,185700000000,1670000000
8158,185800000000,1670000000
8159,185900000000,1670000000
8160,186000000000,1670000000
8161,186100000000,1670000000
8162,186200000000,1670000000
8163,186300000000,1670000000
8164,186400000000,1670000000
8165,186500000000,1670000000
8166,186600000000,1670000000
8167,186700000000,1670000000
8168,186800000000,1670000000
8169,186900000000,1670000000
8170,187000000000,1670000000
8171,187100000000,1670000000
8172,187200000000,1670000000
8173,187300000000,1670000000
8174,187400000000,1670000000
8175,187500000000,1670000000
8176,187600000000,1670000000
8177,187700000000,1670000000
8178,187800000000,1670000000
8179,187900000000,1670000000
8180,188000000000,1670000000
8181,188100000000,1670000000
8182,188200000000,1670000000
8183,188300000000,1670000000
8184,188400000000,1670000000
8185,188500000000,1670000000
8186,188600000000,1670000000
8187,188700000000,1670000000
8188,188800000000,1670000000
8189,188900000000,1670000000
8190,189000000000,1670000000
8191,189100000000,1670000000
8192,189200000000,1670000000
8193,189300000000,1670000000
8194,189400000000,1670000000
8195,189500000000,1670000000
8196,189600000000,1670000000
8197,189700000000,1670000000
8198,189800000000,1670000000
8199,189900000000,1670000000
8200,190000000000,1670000000
8201,190100000000,1670000000
8202,190200000000,1670000000
8203,190300000000,1670000000
8204,190400000000,1680000000
8205,190500000000,1680000000
8206,190600000000,1680000000
8207,190700000000,1680000000
8208,190800000000,1680000000
8209,190900000000,1680000000
8210,191000000000,1680000000
8211,191100000000,1680000000
8212,191200000000,1680000000
8213,191300000000,1680000000
8214,191400000000,1680000000
8215,191500000000,1680000000
8216,191600000000,1680000000
8217,191700000000,1680000000
8218,191800000000,1680000000
8219,191900000000,1680000000
8220,192000000000,1680000000
8221,192100000000,1680000000
8222,192200000000,1680000000
8223,192300000000,1680000000
8224,192400000000,1680000000
8225,192500000000,1680000000
8226,192600000000,1680000000
8227,192700000000,1680000000
8228,192800000000,1680000000
8229,192900000000,1680000000
8230,193000000000,1680000000
8231,193100000000,1680000000
8232,193200000000,1680000000
8233,193300000000,1680000000
8234,193400000000,1680000000
8235,193500000000,1680000000
8236,193600000000,1680000000
8237,193700000000,1680000000
8238,193800000000,1680000000
8239,193900000000,1680000000
8240,194000000000,1680000000
8241,194100000000,1680000000
8242,194200000000,1680000000
8243,194300000000,1680000000
8244,194400000000,1680000000
8245,194500000000,1680000000
8246,194600000000,1680000000
8247,194700000000,1680000000
8248,194800000000,1680000000
8249,194900000000,1680000000
8250,195000000000,1680000000
8251,195100000000,1680000000
8252,195200000000,1690000000
8253,195300000000,1690000000
8254,195400000000,1690000000
8255,195500000000,1690000000
8256,195600000000,1690000000
8257,195700000000,1690000000
8258,195800000000,1690000000
8259,195900000000,1690000000
8260,196000000000,1690000000
8261,196100000000,1690000000
8262,196200000000,1690000000
8263,196300000000,1690000000
8264,196400000000,1690000000
8265,196500000000,1690000000
8266,196600000000,1690000000
8267,196700000000,1690000000
8268,196800000000,1690000000
8269,196900000000,1690000000
8270,197000000000,1690000000
8271,197100000000,1690000000
8272,197200000000,1690000000
8273,197300000000,1690000000
8274,197400000000,1690000000
8275,197500000000,1690000000
8276,197600000000,1690000000
8277,197700000000,1690000000
8278,197800000000,1690000000
8279,197900000000,1690000000
8280,198000000000,1690000000
8281,198100000000,1690000000
8282,198200000000,1690000000
8283,198300000000,1690000000
8284,198400000000,1690000000
8285,198500000000,1690000000
8286,198600000000,1690000000
8287,198700000000,1690000000
8288,198800000000,1690000000
8289,198900000000,1690000000
8290,199000000000,1690000000
8291,199100000000,1690000000
8292,199200000000,1690000000
8293,199300000000,1690000000
8294,199400000000,1690000000
8295,199500000000,1690000000
8296,199600000000,1690000000
8297,199700000000,1690000000
8298,199800000000,1690000000
8299,199900000000,1690000000
8300,200000000000,1690000000
8301,200100000000,1700000000
8302,200200000000,1700000000
8303,200300000000,1700000000
8304,200400000000,1700000000
8305,200500000000,1700000000
8306,200600000000,1700000000
8307,200700000000,1700000000
8308,200800000000,1700000000
8309,200900000000,1700000000
8310,201000000000,1700000000
8311,201100000000,1700000000
8312,201200000000,1700000000
8313,201300000000,1700000000
8314,201400000000,1700000000
8315,201500000000,1700000000
8316,201600000000,1700000000
8317,201700000000,1700000000
8318,201800000000,1700000000
8319,201900000000,1700000000
8320,202000000000,1700000000
8321,202100000000,1700000000
8322,202200000000,1700000000
8323,202300000000,1700000000
8324,202400000000,1700000000
8325,202500000000,1700000000
8326,202600000000,1700000000
8327,202700000000,1700000000
8328,202800000000,1700000000
8329,202900000000,1700000000
8330,203000000000,1700000000
8331,203100000000,1700000000
8332,203200000000,1700000000
8333,203300000000,1700000000
8334,203400000000,1700000000
8335,203500000000,1700000000
8336,203600000000,1700000000
8337,203700000000,1700000000
8338,203800000000,1700000000
8339,203900000000,1700000000
8340,204000000000,1700000000
8341,204100000000,1700000000
8342,204200000000,1700000000
8343,204300000000,1700000000
8344,204400000000,1700000000
8345,204500000000,1700000000
8346,204600000000,1700000000
8347,204700000000,1700000000
8348,204800000000,1700000000
8349,204900000000,1700000000
8350,205000000000,1710000000
8351,205100000000,1710000000
8352,205200000000,1710000000
8353,205300000000,1710000000
8354,205400000000,1710000000
8355,205500000000,1710000000
8356,205600000000,1710000000
8357,205700000000,1710000000
8358,205800000000,1710000000
8359,205900000000,1710000000
8360,206000000000,1710000000
8361,206100000000,1710000000
8362,206200000000,1710000000
8363,206300000000,1710000000
8364,206400000000,1710000000
8365,206500000000,1710000000
8366,206600000000,1710000000
8367,206700000000,1710000000
8368,206800000000,1710000000
8369,206900000000,1710000000
8370,207000000000,1710000000
8371,207100000000,1710000000
8372,207200000000,1710000000
8373,207300000000,1710000000
8374,207400000000,1710000000
8375,207500000000,1710000000
8376,207600000000,1710000000
8377,207700000000,1710000000
8378,207800000000,1710000000
8379,207900000000,1710000000
8380,208000000000,1710000000
8381,208100000000,1710000000
8382,208200000000,1710000000
8383,208300000000,1710000000
8384,208400000000,1710000000
8385,208500000000,1710000000
8386,208600000000,1710000000
8387,208700000000,1710000000
8388,208800000000,1710000000
8389,208900000000,1710000000
8390,209000000000,1710000000
8391,209100000000,1710000000
8392,209200000000,1710000000
8393,209300000000,1710000000
8394,209400000000,1710000000
8395,209500000000,1710000000
8396,209600000000,1710000000
8397,209700000000,1710000000
8398,209800000000,1710000000
8399,209900000000,1720000000
8400,210000000000,1720000000
8401,210100000000,1720000000
8402,210200000000,1720000000
8403,210300000000,1720000000
8404,210400000000,1720000000
8405,210500000000,1720000000
8406,210600000000,1720000000
8407,210700000000,1720000000
8408,210800000000,1720000000
8409,210900000000,1720000000
8410,211000000000,1720000000
8411,211100000000,1720000000
8412,211200000000,1720000000
8413,211300000000,1720000000
8414,211400000000,1720000000
8415,211500000000,1720000000
8416,211600000000,1720000000
8417,211700000000,1720000000
8418,211800000000,1720000000
8419,211900000000,1720000000
8420,212000000000,1720000000
8421,212100000000,1720000000
8422,212200000000,1720000000
8423,212300000000,1720000000
8424,212400000000,1720000000
8425,212500000000,1720000000
8426,212600000000,1720000000
8427,212700000000,1720000000
8428,212800000000,1720000000
8429,212900000000,1720000000
8430,213000000000,1720000000
8431,213100000000,1720000000
8432,213200000000,1720000000
8433,213300000000,1720000000
8434,213400000000,1720000000
8435,213500000000,1720000000
8436,213600000000,1720000000
8437,213700000000,1720000000
8438,213800000000,1720000000
8439,213900000000,1720000000
8440,214000000000,1720000000
8441,214100000000,1720000000
8442,214200000000,1720000000
8443,214300000000,1720000000
8444,214400000000,1720000000
8445,214500000000,1720000000
8446,214600000000,1720000000
8447,214700000000,1720000000
8448,214800000000,1730000000
8449,214900000000,1730000000
8450,215000000000,1730000000
8451,215100000000,1730000000
8452,215200000000,1730000000
8453,215300000000,1730000000
8454,215400000000,1730000000
8455,215500000000,1730000000
8456,215600000000,1730000000
8457,215700000000,1730000000
8458,215800000000,1730000000
8459,215900000000,1730000000
8460,216000000000,1730000000
8461,216100000000,1730000000
8462,216200000000,1730000000
8463,216300000000,1730000000
8464,216400000000,1730000000
8465,216500000000,1730000000
8466,216600000000,1730000000
8467,216700000000,1730000000
8468,216800000000,1730000000
8469,216900000000,1730000000
8470,217000000000,1730000000
8471,217100000000,1730000000
8472,217200000000,1730000000
8473,217300000000,1730000000
8474,217400000000,1730000000
8475,217500000000,1730000000
8476,217600000000,1730000000
8477,217700000000,1730000000
8478,217800000000,1730000000
8479,217900000000,1730000000
8480,218000000000,1730000000
8481,218100000000,1730000000
8482,218200000000,1730000000
8483,218300000000,1730000000
8484,218400000000,1730000000
8485,218500000000,1730000000
8486,218600000000,1730000000
8487,218700000000,1730000000
8488,218800000000,1730000000
8489,218900000000,1730000000
8490,219000000000,1730000000
8491,219100000000,1730000000
8492,219200000000,1730000000
8493,219300000000,1730000000
8494,219400000000,1730000000
8495,219500000000,1730000000
8496,219600000000,1730000000
8497,219700000000,1740000000
8498,219800000000,1740000000
8499,219900000000,1740000000
8500,220000000000,1740000000
8501,220100000000,1740000000
8502,220200000000,1740000000
8503,220300000000,1740000000
8504,220400000000,1740000000
8505,220500000000,1740000000
8506,220600000000,1740000000
8507,220700000000,1740000000
8508,220800000000,1740000000
8509,220900000000,1740000000
8510,221000000000,1740000000
8511,221100000000,1740000000
8512,221200000000,1740000000
8513,221300000000,1740000000
8514,221400000000,1740000000
8515,221500000000,1740000000
8516,221600000000,1740000000
8517,221700000000,1740000000
8518,221800000000,1740000000
8519,221900000000,1740000000
8520,222000000000,1740000000
8521,222100000000,1740000000
8522,222200000000,1740000000
8523,222300000000,1740000000
8524,222400000000,1740000000
8525,222500000000,1740000000
8526,222600000000,1740000000
8527,222700000000,1740000000
8528,222800000000,1740000000
8529,222900000000,1740000000
8530,223000000000,1740000000
8531,223100000000,1740000000
8532,223200000000,1740000000
8533,223300000000,1740000000
8534,223400000000,1740000000
8535,223500000000,1740000000
8536,223600000000,1740000000
8537,223700000000,1740000000
8538,223800000000,1740000000
8539,223900000000,1740000000
8540,224000000000,1740000000
8541,224100000000,1740000000
8542,224200000000,1740000000
8543,224300000000,1740000000
8544,224400000000,1740000000
8545,224500000000,1750000000
8546,224600000000,1750000000
8547,224700000000,1750000000
8548,224800000000,1750000000
8549,224900000000,1750000000
8550,225000000000,1750000000
8551,225100000000,1750000000
8552,225200000000,1750000000
8553,225300000000,1750000000
8554,225400000000,1750000000
8555,225500000000,1750000000
8556,225600000000,1750000000
8557,225700000000,1750000000
8558,225800000000,1750000000
8559,225900000000,1750000000
8560,226000000000,1750000000
8561,226100000000,1750000000
8562,226200000000,1750000000
8563,226300000000,1750000000
8564,226400000000,1750000000
8565,226500000000,1750000000
8566,226600000000,1750000000
8567,226700000000,1750000000
8568,226800000000,1750000000
8569,226900000000,1750000000
8570,227000000000,1750000000
8571,227100000000,1750000000
8572,227200000000,1750000000
8573,227300000000,1750000000
8574,227400000000,1750000000
8575,227500000000,1750000000
8576,227600000000,1750000000
8577,227700000000,1750000000
8578,227800000000,1750000000
8579,227900000000,1750000000
8580,228000000000,1750000000
8581,228100000000,1750000000
8582,228200000000,1750000000
8583,228300000000,1750000000
8584,228400000000,1750000000
8585,228500000000,1750000000
8586,228600000000,1750000000
8587,228700000000,1750000000
8588,228800000000,1750000000
8589,228900000000,1750000000
8590,229000000000,1750000000
8591,229100000000,1750000000
8592,229200000000,1750000000
8593,229300000000,1750000000
8594,229400000000,1760000000
8595,229500000000,1760000000
8596,229600000000,1760000000
8597,229700000000,1760000000
8598,229800000000,1760000000
8599,229900000000,1760000000
8600,230000000000,1760000000
8601,230100000000,1760000000
8602,230200000000,1760000000
8603,230300000000,1760000000
8604,230400000000,1760000000
8605,230500000000,1760000000
8606,230600000000,1760000000
8607,230700000000,1760000000
8608,230800000000,1760000000
8609,230900000000,1760000000
8610,231000000000,1760000000
8611,231100000000,1760000000
8612,231200000000,1760000000
8613,231300000000,1760000000
8614,231400000000,1760000000
8615,231500000000,1760000000
8616,231600000000,1760000000
8617,231700000000,1760000000
8618,231800000000,1760000000
8619,231900000000,1760000000
8620,232000000000,1760000000
8621,232100000000,1760000000
8622,232200000000,1760000000
8623,232300000000,1760000000
8624,232400000000,1760000000
8625,232500000000,1760000000
8626,232600000000,1760000000
8627,232700000000,1760000000
8628,232800000000,1760000000
8629,232900000000,1760000000
8630,233000000000,1760000000
8631,233100000000,1760000000
8632,233200000000,1760000000
8633,233300000000,1760000000
8634,233400000000,1760000000
8635,233500000000,1760000000
8636,233600000000,1760000000
8637,233700000000,1760000000
8638,233800000000,1760000000
8639,233900000000,1760000000
8640,234000000000,1760000000
8641,234100000000,1760000000
8642,234200000000,1760000000
8643,234300000000,1770000000
8644,234400000000,1770000000
8645,234500000000,1770000000
8646,234600000000,1770000000
8647,234700000000,1770000000
8648,234800000000,1770000000
8649,234900000000,1770000000
8650,235000000000,1770000000
8651,235100000000,1770000000
8652,235200000000,1770000000
8653,235300000000,1770000000
8654,235400000000,1770000000
8655,235500000000,1770000000
8656,235600000000,1770000000
8657,235700000000,1770000000
8658,235800000000,1770000000
8659,235900000000,1770000000
8660,236000000000,1770000000
8661,236100000000,1770000000
8662,236200000000,1770000000
8663,236300000000,1770000000
8664,236400000000,1770000000
8665,236500000000,1770000000
8666,236600000000,1770000000
8667,236700000000,1770000000
8668,236800000000,1770000000
8669,236900000000,1770000000
8670,237000000000,1770000000
8671,237100000000,1770000000
8672,237200000000,1770000000
8673,237300000000,1770000000
8674,237400000000,1770000000
8675,237500000000,1770000000
8676,237600000000,1770000000
8677,237700000000,1770000000
8678,237800000000,1770000000
8679,237900000000,1770000000
8680,238000000000,1770000000
8681,238100000000,1770000000
8682,238200000000,1770000000
8683,238300000000,1770000000
8684,238400000000,1770000000
8685,238500000000,1770000000
8686,238600000000,1770000000
8687,238700000000,1770000000
8688,238800000000,1770000000
8689,238900000000,1770000000
8690,239000000000,1770000000
8691,239100000000,1770000000
8692,239200000000,1780000000
8693,239300000000,1780000000
8694,239400000000,1780000000
8695,239500000000,1780000000
8696,239600000000,1780000000
8697,239700000000,1780000000
8698,239800000000,1780000000
8699,239900000000,1780000000
8700,240000000000,1780000000
8701,240100000000,1780000000
8702,240200000000,1780000000
8703,240300000000,1780000000
8704,240400000000,1780000000
8705,240500000000,1780000000
8706,240600000000,1780000000
8707,240700000000,1780000000
8708,240800000000,1780000000
8709,240900000000,1780000000
8710,241000000000,1780000000
8711,241100000000,1780000000
8712,241200000000,1780000000
8713,241300000000,1780000000
8714,241400000000,1780000000
8715,241500000000,1780000000
8716,241600000000,1780000000
8717,241700000000,1780000000
8718,241800000000,1780000000
8719,241900000000,1780000000
8720,242000000000,1780000000
8721,242100000000,1780000000
8722,242200000000,1780000000
8723,242300000000,1780000000
8724,242400000000,1780000000
8725,242500000000,1780000000
8726,242600000000,1780000000
8727,242700000000,1780000000
8728,242800000000,1780000000
8729,242900000000,1780000000
8730,243000000000,1780000000
8731,243100000000,1780000000
8732,243200000000,1780000000
8733,243300000000,1780000000
8734,243400000000,1780000000
8735,243500000000,1780000000
8736,243600000000,1780000000
8737,243700000000,1780000000
8738,243800000000,1780000000
8739,243900000000,1780000000
8740,244000000000,1780000000
8741,244100000000,1790000000
8742,244200000000,1790000000
8743,244300000000,1790000000
8744,244400000000,1790000000
8745,244500000000,1790000000
8746,244600000000,1790000000
8747,244700000000,1790000000
8748,244800000000,1790000000
8749,244900000000,1790000000
8750,245000000000,1790000000
8751,245100000000,1790000000
8752,245200000000,1790000000
8753,245300000000,1790000000
8754,245400000000,1790000000
8755,245500000000,1790000000
8756,245600000000,1790000000
8757,245700000000,1790000000
8758,245800000000,1790000000
8759,245900000000,1790000000
8760,246000000000,1790000000
8761,246100000000,1790000000
8762,246200000000,1790000000
8763,246300000000,1790000000
8764,246400000000,1790000000
8765,246500000000,1790000000
8766,246600000000,1790000000
8767,246700000000,1790000000
8768,246800000000,1790000000
8769,246900000000,1790000000
8770,247000000000,1790000000
8771,247100000000,1790000000
8772,247200000000,1790000000
8773,247300000000,1790000000
8774,247400000000,1790000000
8775,247500000000,1790000000
8776,247600000000,1790000000
8777,247700000000,1790000000
8778,247800000000,1790000000
8779,247900000000,1790000000
8780,248000000000,1790000000
8781,248100000000,1790000000
8782,248200000000,1790000000
8783,248300000000,1790000000
8784,248400000000,1790000000
8785,248500000000,1790000000
8786,248600000000,1790000000
8787,248700000000,1790000000
8788,248800000000,1790000000
8789,248900000000,1790000000
8790,249000000000,1800000000
8791,249100000000,1800000000
8792,249200000000,1800000000
8793,249300000000,1800000000
8794,249400000000,1800000000
8795,249500000000,1800000000
8796,249600000000,1800000000
8797,249700000000,1800000000
8798,249800000000,1800000000
8799,249900000000,1800000000
8800,250000000000,1800000000
8801,250100000000,1800000000
8802,250200000000,1800000000
8803,250300000000,1800000000
8804,250400000000,1800000000
8805,250500000000,1800000000
8806,250600000000,1800000000
8807,250700000000,1800000000
8808,250800000000,1800000000
8809,250900000000,1800000000
8810,251000000000,1800000000
8811,251100000000,1800000000
8812,251200000000,1800000000
8813,251300000000,1800000000
8814,251400000000,1800000000
8815,251500000000,1800000000
8816,251600000000,1800000000
8817,251700000000,1800000000
8818,251800000000,1800000000
8819,251900000000,1800000000
8820,252000000000,1800000000
8821,252100000000,1800000000
8822,252200000000,1800000000
8823,252300000000,1800000000
8824,252400000000,1800000000
8825,252500000000,1800000000
8826,252600000000,1800000000
8827,252700000000,1800000000
8828,252800000000,1800000000
8829,252900000000,1800000000
8830,253000000000,1800000000
8831,253100000000,1800000000
8832,253200000000,1800000000
8833,253300000000,1800000000
8834,253400000000,1800000000
8835,253500000000,1800000000
8836,253600000000,1800000000
8837,253700000000,1800000000
8838,253800000000,1810000000
8839,253900000000,1810000000
8840,254000000000,1810000000
8841,254100000000,1810000000
8842,254200000000,1810000000
8843,254300000000,1810000000
8844,254400000000,1810000000
8845,254500000000,1810000000
8846,254600000000,1810000000
8847,254700000000,1810000000
8848,254800000000,1810000000
8849,254900000000,1810000000
8850,255000000000,1810000000
8851,255100000000,1810000000
8852,255200000000,1810000000
8853,255300000000,1810000000
8854,255400000000,1810000000
8855,255500000000,1810000000
8856,255600000000,1810000000
8857,255700000000,1810000000
8858,255800000000,1810000000
8859,255900000000,1810000000
8860,256000000000,1810000000
8861,256100000000,1810000000
8862,256200000000,1810000000
8863,256300000000,1810000000
8864,256400000000,1810000000
8865,256500000000,1810000000
8866,256600000000,1810000000
8867,256700000000,1810000000
8868,256800000000,1810000000
8869,256900000000,1810000000
8870,257000000000,1810000000
8871,257100000000,1810000000
8872,257200000000,1810000000
8873,257300000000,1810000000
8874,257400000000,1810000000
8875,257500000000,1810000000
8876,257600000000,1810000000
8877,257700000000,1810000000
8878,257800000000,1810000000
8879,257900000000,1810000000
8880,258000000000,1810000000
8881,258100000000,1810000000
8882,258200000000,1810000000
8883,258300000000,1810000000
8884,258400000000,1810000000
8885,258500000000,1810000000
8886,258600000000,1810000000
8887,258700000000,1820000000
8888,258800000000,1820000000
8889,258900000000,1820000000
8890,259000000000,1820000000
8891,259100000000,1820000000
8892,259200000000,1820000000
8893,259300000000,1820000000
8894,259400000000,1820000000
8895,259500000000,1820000000
8896,259600000000,1820000000
8897,259700000000,1820000000
8898,259800000000,1820000000
8899,259900000000,1820000000
8900,260000000000,1820000000
8901,260100000000,1820000000
8902,260200000000,1820000000
8903,260300000000,1820000000
8904,260400000000,1820000000
8905,260500000000,1820000000
8906,260600000000,1820000000
8907,260700000000,1820000000
8908,260800000000,1820000000
8909,260900000000,1820000000
8910,261000000000,1820000000
8911,261100000000,1820000000
8912,261200000000,1820000000
8913,261300000000,1820000000
8914,261400000000,1820000000
8915,261500000000,1820000000
8916,261600000000,1820000000
8917,261700000000,1820000000
8918,261800000000,1820000000
8919,261900000000,1820000000
8920,262000000000,1820000000
8921,262100000000,1820000000
8922,262200000000,1820000000
8923,262300000000,1820000000
8924,262400000000,1820000000
8925,262500000000,1820000000
8926,262600000000,1820000000
8927,262700000000,1820000000
8928,262800000000,1820000000
8929,262900000000,1820000000
8930,263000000000,1820000000
8931,263100000000,1820000000
8932,263200000000,1820000000
8933,263300000000,1820000000
8934,263400000000,1820000000
8935,263500000000,1820000000
8936,263600000000,1830000000
8937,263700000000,1830000000
8938,263800000000,1830000000
8939,263900000000,1830000000
8940,264000000000,1830000000
8941,264100000000,1830000000
8942,264200000000,1830000000
8943,264300000000,1830000000
8944,264400000000,1830000000
8945,264500000000,1830000000
8946,264600000000,1830000000
8947,264700000000,1830000000
8948,264800000000,1830000000
8949,264900000000,1830000000
8950,265000000000,1830000000
8951,265100000000,1830000000
8952,265200000000,1830000000
8953,265300000000,1830000000
8954,265400000000,1830000000
8955,265500000000,1830000000
8956,265600000000,1830000000
8957,265700000000,1830000000
8958,265800000000,1830000000
8959,265900000000,1830000000
8960,266000000000,1830000000
8961,266100000000,1830000000
8962,266200000000,1830000000
8963,266300000000,1830000000
8964,266400000000,1830000000
8965,266500000000,1830000000
8966,266600000000,1830000000
8967,266700000000,1830000000
8968,266800000000,1830000000
8969,266900000000,1830000000
8970,267000000000,1830000000
8971,267100000000,1830000000
8972,267200000000,1830000000
8973,267300000000,1830000000
8974,267400000000,1830000000
8975,267500000000,1830000000
8976,267600000000,1830000000
8977,267700000000,1830000000
8978,267800000000,1830000000
8979,267900000000,1830000000
8980,268000000000,1830000000
8981,268100000000,1830000000
8982,268200000000,1830000000
8983,268300000000,1830000000
8984,268400000000,1830000000
8985,268500000000,1840000000
8986,268600000000,1840000000
8987,268700000000,1840000000
8988,268800000000,1840000000
8989,268900000000,1840000000
8990,269000000000,1840000000
8991,269100000000,1840000000
8992,269200000000,1840000000
8993,269300000000,1840000000
8994,269400000000,1840000000
8995,269500000000,1840000000
8996,269600000000,1840000000
8997,269700000000,1840000000
8998,269800000000,1840000000
8999,269900000000,1840000000
9000,270000000000,1840000000
9001,270100000000,1840000000
9002,270200000000,1840000000
9003,270300000000,1840000000
9004,270400000000,1840000000
9005,270500000000,1840000000
9006,270600000000,1840000000
9007,270700000000,1840000000
9008,270800000000,1840000000
9009,270900000000,1840000000
9010,271000000000,1840000000
9011,271100000000,1840000000
9012,271200000000,1840000000
9013,271300000000,1840000000
9014,271400000000,1840000000
9015,271500000000,1840000000
9016,271600000000,1840000000
9017,271700000000,1840000000
9018,271800000000,1840000000
9019,271900000000,1840000000
9020,272000000000,1840000000
9021,272100000000,1840000000
9022,272200000000,1840000000
9023,272300000000,1840000000
9024,272400000000,1840000000
9025,272500000000,1840000000
9026,272600000000,1840000000
9027,272700000000,1840000000
9028,272800000000,1840000000
9029,272900000000,1840000000
9030,273000000000,1840000000
9031,273100000000,1840000000
9032,273200000000,1840000000
9033,273300000000,1840000000
9034,273400000000,1850000000
9035,273500000000,1850000000
9036,273600000000,1850000000
9037,273700000000,1850000000
9038,273800000000,1850000000
9039,273900000000,1850000000
9040,274000000000,1850000000
9041,274100000000,1850000000
9042,274200000000,1850000000
9043,274300000000,1850000000
9044,274400000000,1850000000
9045,274500000000,1850000000
9046,274600000000,1850000000
9047,274700000000,1850000000
9048,274800000000,1850000000
9049,274900000000,1850000000
9050,275000000000,1850000000
9051,275100000000,1850000000
9052,275200000000,1850000000
9053,275300000000,1850000000
9054,275400000000,1850000000
9055,275500000000,1850000000
9056,275600000000,1850000000
9057,275700000000,1850000000
9058,275800000000,1850000000
9059,275900000000,1850000000
9060,276000000000,1850000000
9061,276100000000,1850000000
9062,276200000000,1850000000
9063,276300000000,1850000000
9064,276400000000,1850000000
9065,276500000000,1850000000
9066,276600000000,1850000000
9067,276700000000,1850000000
9068,276800000000,1850000000
9069,276900000000,1850000000
9070,277000000000,1850000000
9071,277100000000,1850000000
9072,277200000000,1850000000
9073,277300000000,1850000000
9074,277400000000,1850000000
9075,277500000000,1850000000
9076,277600000000,1850000000
9077,277700000000,1850000000
9078,277800000000,1850000000
9079,277900000000,1850000000
9080,278000000000,1850000000
9081,278100000000,1850000000
9082,278200000000,1850000000
9083,278300000000,1860000000
9084,278400000000,1860000000
9085,278500000000,1860000000
9086,278600000000,1860000000
9087,278700000000,1860000000
9088,278800000000,1860000000
9089,278900000000,1860000000
9090,279000000000,1860000000
9091,279100000000,1860000000
9092,279200000000,1860000000
9093,279300000000,1860000000
9094,279400000000,1860000000
9095,279500000000,1860000000
9096,279600000000,1860000000
9097,279700000000,1860000000
9098,279800000000,1860000000
9099,279900000000,1860000000
9100,280000000000,1860000000
9101,280100000000,1860000000
9102,280200000000,1860000000
9103,280300000000,1860000000
9104,280400000000,1860000000
9105,280500000000,1860000000
9106,280600000000,1860000000
9107,280700000000,1860000000
9108,280800000000,1860000000
9109,280900000000,1860000000
9110,281000000000,1860000000
9111,281100000000,1860000000
9112,281200000000,1860000000
9113,281300000000,1860000000
9114,281400000000,1860000000
9115,281500000000,1860000000
9116,281600000000,1860000000
9117,281700000000,1860000000
9118,281800000000,1860000000
9119,281900000000,1860000000
9120,282000000000,1860000000
9121,282100000000,1860000000
9122,282200000000,1860000000
9123,282300000000,1860000000
9124,282400000000,1860000000
9125,282500000000,1860000000
9126,282600000000,1860000000
9127,282700000000,1860000000
9128,282800000000,1860000000
9129,282900000000,1860000000
9130,283000000000,1860000000
9131,283100000000,1870000000
9132,283200000000,1870000000
9133,283300000000,1870000000
9134,283400000000,1870000000
9135,283500000000,1870000000
9136,283600000000,1870000000
9137,283700000000,1870000000
9138,283800000000,1870000000
9139,283900000000,1870000000
9140,284000000000,1870000000
9141,284100000000,1870000000
9142,284200000000,1870000000
9143,284300000000,1870000000
9144,284400000000,1870000000
9145,284500000000,1870000000
9146,284600000000,1870000000
9147,284700000000,1870000000
9148,284800000000,1870000000
9149,284900000000,1870000000
9150,285000000000,1870000000
9151,285100000000,1870000000
9152,285200000000,1870000000
9153,285300000000,1870000000
9154,285400000000,1870000000
9155,285500000000,1870000000
9156,285600000000,1870000000
9157,285700000000,1870000000
9158,285800000000,1870000000
9159,285900000000,1870000000
9160,286000000000,1870000000
9161,286100000000,1870000000
9162,286200000000,1870000000
9163,286300000000,1870000000
9164,286400000000,1870000000
9165,286500000000,1870000000
9166,286600000000,1870000000
9167,286700000000,1870000000
9168,286800000000,1870000000
9169,286900000000,1870000000
9170,287000000000,1870000000
9171,287100000000,1870000000
9172,287200000000,1870000000
9173,287300000000,1870000000
9174,287400000000,1870000000
9175,287500000000,1870000000
9176,287600000000,1870000000
9177,287700000000,1870000000
9178,287800000000,1870000000
9179,287900000000,1870000000
9180,288000000000,1880000000
9181,288100000000,1880000000
9182,288200000000,1880000000
9183,288300000000,1880000000
9184,288400000000,1880000000
9185,288500000000,1880000000
9186,288600000000,1880000000
9187,288700000000,1880000000
9188,288800000000,1880000000
9189,288900000000,1880000000
9190,289000000000,1880000000
9191,289100000000,1880000000
9192,289200000000,1880000000
9193,289300000000,1880000000
9194,289400000000,1880000000
9195,289500000000,1880000000
9196,289600000000,1880000000
9197,289700000000,1880000000
9198,289800000000,1880000000
9199,289900000000,1880000000
9200,290000000000,1880000000
9201,290100000000,1880000000
9202,290200000000,1880000000
9203,290300000000,1880000000
9204,290400000000,1880000000
9205,290500000000,1880000000
9206,290600000000,1880000000
9207,290700000000,1880000000
9208,290800000000,1880000000
9209,290900000000,1880000000
9210,291000000000,1880000000
9211,291100000000,1880000000
9212,291200000000,1880000000
9213,291300000000,1880000000
9214,291400000000,1880000000
9215,291500000000,1880000000
9216,291600000000,1880000000
9217,291700000000,1880000000
9218,291800000000,1880000000
9219,291900000000,1880000000
9220,292000000000,1880000000
9221,292100000000,1880000000
9222,292200000000,1880000000
9223,292300000000,1880000000
9224,292400000000,1880000000
9225,292500000000,1880000000
9226,292600000000,1880000000
9227,292700000000,1880000000
9228,292800000000,1880000000
9229,292900000000,1890000000
9230,293000000000,1890000000
9231,293100000000,1890000000
9232,293200000000,1890000000
9233,293300000000,1890000000
9234,293400000000,1890000000
9235,293500000000,1890000000
9236,293600000000,1890000000
9237,293700000000,1890000000
9238,293800000000,1890000000
9239,293900000000,1890000000
9240,294000000000,1890000000
9241,294100000000,1890000000
9242,294200000000,1890000000
9243,294300000000,1890000000
9244,294400000000,1890000000
9245,294500000000,1890000000
9246,294600000000,1890000000
9247,294700000000,1890000000
9248,294800000000,1890000000
9249,294900000000,1890000000
9250,295000000000,1890000000
9251,295100000000,1890000000
9252,295200000000,1890000000
9253,295300000000,1890000000
9254,295400000000,1890000000
9255,295500000000,1890000000
9256,295600000000,1890000000
9257,295700000000,1890000000
9258,295800000000,1890000000
9259,295900000000,1890000000
9260,296000000000,1890000000
9261,296100000000,1890000000
9262,296200000000,1890000000
9263,296300000000,1890000000
9264,296400000000,1890000000
9265,296500000000,1890000000
9266,296600000000,1890000000
9267,296700000000,1890000000
9268,296800000000,1890000000
9269,296900000000,1890000000
9270,297000000000,1890000000
9271,297100000000,1890000000
9272,297200000000,1890000000
9273,297300000000,1890000000
9274,297400000000,1890000000
9275,297500000000,1890000000
9276,297600000000,1890000000
9277,297700000000,1890000000
9278,297800000000,1900000000
9279,297900000000,1900000000
9280,298000000000,1900000000
9281,298100000000,1900000000
9282,298200000000,1900000000
9283,298300000000,1900000000
9284,298400000000,1900000000
9285,298500000000,1900000000
9286,298600000000,1900000000
9287,298700000000,1900000000
9288,298800000000,1900000000
9289,298900000000,1900000000
9290,299000000000,1900000000
9291,299100000000,1900000000
9292,299200000000,1900000000
9293,299300000000,1900000000
9294,299400000000,1900000000
9295,299500000000,1900000000
9296,299600000000,1900000000
9297,299700000000,1900000000
9298,299800000000,1900000000
9299,299900000000,1900000000
9300,300000000000,1900000000
9301,300100000000,1900000000
9302,300200000000,1900000000
9303,300300000000,1900000000
9304,300400000000,1900000000
9305,300500000000,1900000000
9306,300600000000,1900000000
9307,300700000000,1900000000
9308,300800000000,1900000000
9309,300900000000,1900000000
9310,301000000000,1900000000
9311,301100000000,1900000000
9312,301200000000,1900000000
9313,301300000000,1900000000
9314,301400000000,1900000000
9315,301500000000,1900000000
9316,301600000000,1900000000
9317,301700000000,1900000000
9318,301800000000,1900000000
9319,301900000000,1900000000
9320,302000000000,1900000000
9321,302100000000,1900000000
9322,302200000000,1900000000
9323,302300000000,1900000000
9324,302400000000,1900000000
9325,302500000000,1900000000
9326,302600000000,1900000000
9327,302700000000,1910000000
9328,302800000000,1910000000
9329,302900000000,1910000000
9330,303000000000,1910000000
9331,303100000000,1910000000
9332,303200000000,1910000000
9333,303300000000,1910000000
9334,303400000000,1910000000
9335,303500000000,1910000000
9336,303600000000,1910000000
9337,303700000000,1910000000
9338,303800000000,1910000000
9339,303900000000,1910000000
9340,304000000000,1910000000
9341,304100000000,1910000000
9342,304200000000,1910000000
9343,304300000000,1910000000
9344,304400000000,1910000000
9345,304500000000,1910000000
9346,304600000000,1910000000
9347,304700000000,1910000000
9348,304800000000,1910000000
9349,304900000000,1910000000
9350,305000000000,1910000000
9351,305100000000,1910000000
9352,305200000000,1910000000
9353,305300000000,1910000000
9354,305400000000,1910000000
9355,305500000000,1910000000
9356,305600000000,1910000000
9357,305700000000,1910000000
9358,305800000000,1910000000
9359,305900000000,1910000000
9360,306000000000,1910000000
9361,306100000000,1910000000
9362,306200000000,1910000000
9363,306300000000,1910000000
9364,306400000000,1910000000
9365,306500000000,1910000000
9366,306600000000,1910000000
9367,306700000000,1910000000
9368,306800000000,1910000000
9369,306900000000,1910000000
9370,307000000000,1910000000
9371,307100000000,1910000000
9372,307200000000,1910000000
9373,307300000000,1910000000
9374,307400000000,1910000000
9375,307500000000,1920000000
9376,307600000000,1920000000
9377,307700000000,1920000000
9378,307800000000,1920000000
9379,307900000000,1920000000
9380,308000000000,1920000000
9381,308100000000,1920000000
9382,308200000000,1920000000
9383,308300000000,1920000000
9384,308400000000,1920000000
9385,308500000000,1920000000
9386,308600000000,1920000000
9387,308700000000,1920000000
9388,308800000000,1920000000
9389,308900000000,1920000000
9390,309000000000,1920000000
9391,309100000000,1920000000
9392,309200000000,1920000000
9393,309300000000,1920000000
9394,309400000000,1920000000
9395,309500000000,1920000000
9396,309600000000,1920000000
9397,309700000000,1920000000
9398,309800000000,1920000000
9399,309900000000,1920000000
9400,310000000000,1920000000
9401,310100000000,1920000000
9402,310200000000,1920000000
9403,310300000000,1920000000
9404,310400000000,1920000000
9405,310500000000,1920000000
9406,310600000000,1920000000
9407,310700000000,1920000000
9408,310800000000,1920000000
9409,310900000000,1920000000
9410,311000000000,1920000000
9411,311100000000,1920000000
9412,311200000000,1920000000
9413,311300000000,1920000000
9414,311400000000,1920000000
9415,311500000000,1920000000
9416,311600000000,1920000000
9417,311700000000,1920000000
9418,311800000000,1920000000
9419,311900000000,1920000000
9420,312000000000,1920000000
9421,312100000000,1920000000
9422,312200000000,1920000000
9423,312300000000,1920000000
9424,312400000000,1930000000
9425,312500000000,1930000000
9426,312600000000,1930000000
9427,312700000000,1930000000
9428,312800000000,1930000000
9429,312900000000,1930000000
9430,313000000000,1930000000
9431,313100000000,1930000000
9432,313200000000,1930000000
9433,313300000000,1930000000
9434,313400000000,1930000000
9435,313500000000,1930000000
9436,313600000000,1930000000
9437,313700000000,1930000000
9438,313800000000,1930000000
9439,313900000000,1930000000
9440,314000000000,1930000000
9441,314100000000,1930000000
9442,314200000000,1930000000
9443,314300000000,1930000000
9444,314400000000,1930000000
9445,314500000000,1930000000
9446,314600000000,1930000000
9447,314700000000,1930000000
9448,314800000000,1930000000
9449,314900000000,1930000000
9450,315000000000,1930000000
9451,315100000000,1930000000
9452,315200000000,1930000000
9453,315300000000,1930000000
9454,315400000000,1930000000
9455,315500000000,1930000000
9456,315600000000,1930000000
9457,315700000000,1930000000
9458,315800000000,1930000000
9459,315900000000,1930000000
9460,316000000000,1930000000
9461,316100000000,1930000000
9462,316200000000,1930000000
9463,316300000000,1930000000
9464,316400000000,1930000000
9465,316500000000,1930000000
9466,316600000000,1930000000
9467,316700000000,1930000000
9468,316800000000,1930000000
9469,316900000000,1930000000
9470,317000000000,1930000000
9471,317100000000,1930000000
9472,317200000000,1930000000
9473,317300000000,1940000000
9474,317400000000,1940000000
9475,317500000000,1940000000
9476,317600000000,1940000000
9477,317700000000,1940000000
9478,317800000000,1940000000
9479,317900000000,1940000000
9480,318000000000,1940000000
9481,318100000000,1940000000
9482,318200000000,1940000000
9483,318300000000,1940000000
9484,318400000000,1940000000
9485,318500000000,1940000000
9486,318600000000,1940000000
9487,318700000000,1940000000
9488,318800000000,1940000000
9489,318900000000,1940000000
9490,319000000000,1940000000
9491,319100000000,1940000000
9492,319200000000,1940000000
9493,319300000000,1940000000
9494,319400000000,1940000000
9495,319500000000,1940000000
9496,319600000000,1940000000
9497,319700000000,1940000000
9498,319800000000,1940000000
9499,319900000000,1940000000
9500,320000000000,1940000000
9501,320100000000,1940000000
9502,320200000000,1940000000
9503,320300000000,1940000000
9504,320400000000,1940000000
9505,320500000000,1940000000
9506,320600000000,1940000000
9507,320700000000,1940000000
9508,320800000000,1940000000
9509,320900000000,1940000000
9510,321000000000,1940000000
9511,321100000000,1940000000
9512,321200000000,1940000000
9513,321300000000,1940000000
9514,321400000000,1940000000
9515,321500000000,1940000000
9516,321600000000,1940000000
9517,321700000000,1940000000
9518,321800000000,1940000000
9519,321900000000,1940000000
9520,322000000000,1940000000
9521,322100000000,1940000000
9522,322200000000,1950000000
9523,322300000000,1950000000
9524,322400000000,1950000000
9525,322500000000,1950000000
9526,322600000000,1950000000
9527,322700000000,1950000000
9528,322800000000,1950000000
9529,322900000000,1950000000
9530,323000000000,1950000000
9531,323100000000,1950000000
9532,323200000000,1950000000
9533,323300000000,1950000000
9534,323400000000,1950000000
9535,323500000000,1950000000
9536,323600000000,1950000000
9537,323700000000,1950000000
9538,323800000000,1950000000
9539,323900000000,1950000000
9540,324000000000,1950000000
9541,324100000000,1950000000
9542,324200000000,1950000000
9543,324300000000,1950000000
9544,324400000000,1950000000
9545,324500000000,1950000000
9546,324600000000,1950000000
9547,324700000000,1950000000
9548,324800000000,1950000000
9549,324900000000,1950000000
9550,325000000000,1950000000
9551,325100000000,1950000000
9552,325200000000,1950000000
9553,325300000000,1950000000
9554,325400000000,1950000000
9555,325500000000,1950000000
9556,325600000000,1950000000
9557,325700000000,1950000000
9558,325800000000,1950000000
9559,325900000000,1950000000
9560,326000000000,1950000000
9561,326100000000,1950000000
9562,326200000000,1950000000
9563,326300000000,1950000000
9564,326400000000,1950000000
9565,326500000000,1950000000
9566,326600000000,1950000000
9567,326700000000,1950000000
9568,326800000000,1950000000
9569,326900000000,1950000000
9570,327000000000,1950000000
9571,327100000000,1960000000
9572,327200000000,1960000000
9573,327300000000,1960000000
9574,327400000000,1960000000
9575,327500000000,1960000000
9576,327600000000,1960000000
9577,327700000000,1960000000
9578,327800000000,1960000000
9579,327900000000,1960000000
9580,328000000000,1960000000
9581,328100000000,1960000000
9582,328200000000,1960000000
9583,328300000000,1960000000
9584,328400000000,1960000000
9585,328500000000,1960000000
9586,328600000000,1960000000
9587,328700000000,1960000000
9588,328800000000,1960000000
9589,328900000000,1960000000
9590,329000000000,1960000000
9591,329100000000,1960000000
9592,329200000000,1960000000
9593,329300000000,1960000000
9594,329400000000,1960000000
9595,329500000000,1960000000
9596,329600000000,1960000000
9597,329700000000,1960000000
9598,329800000000,1960000000
9599,329900000000,1960000000
9600,330000000000,1960000000
9601,330100000000,1960000000
9602,330200000000,1960000000
9603,330300000000,1960000000
9604,330400000000,1960000000
9605,330500000000,1960000000
9606,330600000000,1960000000
9607,330700000000,1960000000
9608,330800000000,1960000000
9609,330900000000,1960000000
9610,331000000000,1960000000
9611,331100000000,1960000000
9612,331200000000,1960000000
9613,331300000000,1960000000
9614,331400000000,1960000000
9615,331500000000,1960000000
9616,331600000000,1960000000
9617,331700000000,1960000000
9618,331800000000,1960000000
9619,331900000000,1960000000
9620,332000000000,1970000000
9621,332100000000,1970000000
9622,332200000000,1970000000
9623,332300000000,1970000000
9624,332400000000,1970000000
9625,332500000000,1970000000
9626,332600000000,1970000000
9627,332700000000,1970000000
9628,332800000000,1970000000
9629,332900000000,1970000000
9630,333000000000,1970000000
9631,333100000000,1970000000
9632,333200000000,1970000000
9633,333300000000,1970000000
9634,333400000000,1970000000
9635,333500000000,1970000000
9636,333600000000,1970000000
9637,333700000000,1970000000
9638,333800000000,1970000000
9639,333900000000,1970000000
9640,334000000000,1970000000
9641,334100000000,1970000000
9642,334200000000,1970000000
9643,334300000000,1970000000
9644,334400000000,1970000000
9645,334500000000,1970000000
9646,334600000000,1970000000
9647,334700000000,1970000000
9648,334800000000,1970000000
9649,334900000000,1970000000
9650,335000000000,1970000000
9651,335100000000,1970000000
9652,335200000000,1970000000
9653,335300000000,1970000000
9654,335400000000,1970000000
9655,335500000000,1970000000
9656,335600000000,1970000000
9657,335700000000,1970000000
9658,335800000000,1970000000
9659,335900000000,1970000000
9660,336000000000,1970000000
9661,336100000000,1970000000
9662,336200000000,1970000000
9663,336300000000,1970000000
9664,336400000000,1970000000
9665,336500000000,1970000000
9666,336600000000,1970000000
9667,336700000000,1970000000
9668,336800000000,1980000000
9669,336900000000,1980000000
9670,337000000000,1980000000
9671,337100000000,1980000000
9672,337200000000,1980000000
9673,337300000000,1980000000
9674,337400000000,1980000000
9675,337500000000,1980000000
9676,337600000000,1980000000
9677,337700000000,1980000000
9678,337800000000,1980000000
9679,337900000000,1980000000
9680,338000000000,1980000000
9681,338100000000,1980000000
9682,338200000000,1980000000
9683,338300000000,1980000000
9684,338400000000,1980000000
9685,338500000000,1980000000
9686,338600000000,1980000000
9687,338700000000,1980000000
9688,338800000000,1980000000
9689,338900000000,1980000000
9690,339000000000,1980000000
9691,339100000000,1980000000
9692,339200000000,1980000000
9693,339300000000,1980000000
9694,339400000000,1980000000
9695,339500000000,1980000000
9696,339600000000,1980000000
9697,339700000000,1980000000
9698,339800000000,1980000000
9699,339900000000,1980000000
9700,340000000000,1980000000
9701,340100000000,1980000000
9702,340200000000,1980000000
9703,340300000000,1980000000
9704,340400000000,1980000000
9705,340500000000,1980000000
9706,340600000000,1980000000
9707,340700000000,1980000000
9708,340800000000,1980000000
9709,340900000000,1980000000
9710,341000000000,1980000000
9711,341100000000,1980000000
9712,341200000000,1980000000
9713,341300000000,1980000000
9714,341400000000,1980000000
9715,341500000000,1980000000
9716,341600000000,1980000000
9717,341700000000,1990000000
9718,341800000000,1990000000
9719,341900000000,1990000000
9720,342000000000,1990000000
9721,342100000000,1990000000
9722,342200000000,1990000000
9723,342300000000,1990000000
9724,342400000000,1990000000
9725,342500000000,1990000000
9726,342600000000,1990000000
9727,342700000000,1990000000
9728,342800000000,1990000000
9729,342900000000,1990000000
9730,343000000000,1990000000
9731,343100000000,1990000000
9732,343200000000,1990000000
9733,343300000000,1990000000
9734,343400000000,1990000000
9735,343500000000,1990000000
9736,343600000000,1990000000
9737,343700000000,1990000000
9738,343800000000,1990000000
9739,343900000000,1990000000
9740,344000000000,1990000000
9741,344100000000,1990000000
9742,344200000000,1990000000
9743,344300000000,1990000000
9744,344400000000,1990000000
9745,344500000000,1990000000
9746,344600000000,1990000000
9747,344700000000,1990000000
9748,344800000000,1990000000
9749,344900000000,1990000000
9750,345000000000,1990000000
9751,345100000000,1990000000
9752,345200000000,1990000000
9753,345300000000,1990000000
9754,345400000000,1990000000
9755,345500000000,1990000000
9756,345600000000,1990000000
9757,345700000000,1990000000
9758,345800000000,1990000000
9759,345900000000,1990000000
9760,346000000000,1990000000
9761,346100000000,1990000000
9762,346200000000,1990000000
9763,346300000000,1990000000
9764,346400000000,1990000000
9765,346500000000,1990000000
9766,346600000000,2000000000
9767,346700000000,2000000000
9768,346800000000,2000000000
9769,346900000000,2000000000
9770,347000000000,2000000000
9771,347100000000,2000000000
9772,347200000000,2000000000
9773,347300000000,2000000000
9774,347400000000,2000000000
9775,347500000000,2000000000
9776,347600000000,2000000000
9777,347700000000,2000000000
9778,347800000000,2000000000
9779,347900000000,2000000000
9780,348000000000,2000000000
9781,348100000000,2000000000
9782,348200000000,2000000000
9783,348300000000,2000000000
9784,348400000000,2000000000
9785,348500000000,2000000000
9786,348600000000,2000000000
9787,348700000000,2000000000
9788,348800000000,2000000000
9789,348900000000,2000000000
9790,349000000000,2000000000
9791,349100000000,2000000000
9792,349200000000,2000000000
9793,349300000000,2000000000
9794,349400000000,2000000000
9795,349500000000,2000000000
9796,349600000000,2000000000
9797,349700000000,2000000000
9798,349800000000,2000000000
9799,349900000000,2000000000
9800,350000000000,2000000000
9801,350100000000,2000000000
9802,350200000000,2000000000
9803,350300000000,2000000000
9804,350400000000,2000000000
9805,350500000000,2000000000
9806,350600000000,2000000000
9807,350700000000,2000000000
9808,350800000000,2000000000
9809,350900000000,2000000000
9810,351000000000,2000000000
9811,351100000000,2000000000
9812,351200000000,2000000000
9813,351300000000,2000000000
9814,351400000000,2000000000
9815,351500000000,2010000000
9816,351600000000,2010000000
9817,351700000000,2010000000
9818,351800000000,2010000000
9819,351900000000,2010000000
9820,352000000000,2010000000
9821,352100000000,2010000000
9822,352200000000,2010000000
9823,352300000000,2010000000
9824,352400000000,2010000000
9825,352500000000,2010000000
9826,352600000000,2010000000
9827,352700000000,2010000000
9828,352800000000,2010000000
9829,352900000000,2010000000
9830,353000000000,2010000000
9831,353100000000,2010000000
9832,353200000000,2010000000
9833,353300000000,2010000000
9834,353400000000,2010000000
9835,353500000000,2010000000
9836,353600000000,2010000000
9837,353700000000,2010000000
9838,353800000000,2010000000
9839,353900000000,2010000000
9840,354000000000,2010000000
9841,354100000000,2010000000
9842,354200000000,2010000000
9843,354300000000,2010000000
9844,354400000000,2010000000
9845,354500000000,2010000000
9846,354600000000,2010000000
9847,354700000000,2010000000
9848,354800000000,2010000000
9849,354900000000,2010000000
9850,355000000000,2010000000
9851,355100000000,2010000000
9852,355200000000,2010000000
9853,355300000000,2010000000
9854,355400000000,2010000000
9855,355500000000,2010000000
9856,355600000000,2010000000
9857,355700000000,2010000000
9858,355800000000,2010000000
9859,355900000000,2010000000
9860,356000000000,2010000000
9861,356100000000,2010000000
9862,356200000000,2010000000
9863,356300000000,2010000000
9864,356400000000,2020000000
9865,356500000000,2020000000
9866,356600000000,2020000000
9867,356700000000,2020000000
9868,356800000000,2020000000
9869,356900000000,2020000000
9870,357000000000,2020000000
9871,357100000000,2020000000
9872,357200000000,2020000000
9873,357300000000,2020000000
9874,357400000000,2020000000
9875,357500000000,2020000000
9876,357600000000,2020000000
9877,357700000000,2020000000
9878,357800000000,2020000000
9879,357900000000,2020000000
9880,358000000000,2020000000
9881,358100000000,2020000000
9882,358200000000,2020000000
9883,358300000000,2020000000
9884,358400000000,2020000000
9885,358500000000,2020000000
9886,358600000000,2020000000
9887,358700000000,2020000000
9888,358800000000,2020000000
9889,358900000000,2020000000
9890,359000000000,2020000000
9891,359100000000,2020000000
9892,359200000000,2020000000
9893,359300000000,2020000000
9894,359400000000,2020000000
9895,359500000000,2020000000
9896,359600000000,2020000000
9897,359700000000,2020000000
9898,359800000000,2020000000
9899,359900000000,2020000000
9900,360000000000,2020000000
9901,360100000000,2020000000
9902,360200000000,2020000000
9903,360300000000,2020000000
9904,360400000000,2020000000
9905,360500000000,2020000000
9906,360600000000,2020000000
9907,360700000000,2020000000
9908,360800000000,2020000000
9909,360900000000,2020000000
9910,361000000000,2020000000
9911,361100000000,2020000000
9912,361200000000,2020000000
9913,361300000000,2030000000
9914,361400000000,2030000000
9915,361500000000,2030000000
9916,361600000000,2030000000
9917,361700000000,2030000000
9918,361800000000,2030000000
9919,361900000000,2030000000
9920,362000000000,2030000000
9921,362100000000,2030000000
9922,362200000000,2030000000
9923,362300000000,2030000000
9924,362400000000,2030000000
9925,362500000000,2030000000
9926,362600000000,2030000000
9927,362700000000,2030000000
9928,362800000000,2030000000
9929,362900000000,2030000000
9930,363000000000,2030000000
9931,363100000000,2030000000
9932,363200000000,2030000000
9933,363300000000,2030000000
9934,363400000000,2030000000
9935,363500000000,2030000000
9936,363600000000,2030000000
9937,363700000000,2030000000
9938,363800000000,2030000000
9939,363900000000,2030000000
9940,364000000000,2030000000
9941,364100000000,2030000000
9942,364200000000,2030000000
9943,364300000000,2030000000
9944,364400000000,2030000000
9945,364500000000,2030000000
9946,364600000000,2030000000
9947,364700000000,2030000000
9948,364800000000,2030000000
9949,364900000000,2030000000
9950,365000000000,2030000000
9951,365100000000,2030000000
9952,365200000000,2030000000
9953,365300000000,2030000000
9954,365400000000,2030000000
9955,365500000000,2030000000
9956,365600000000,2030000000
9957,365700000000,2030000000
9958,365800000000,2030000000
9959,365900000000,2030000000
9960,366000000000,2030000000
9961,366100000000,2040000000
9962,366200000000,2040000000
9963,366300000000,2040000000
9964,366400000000,2040000000
9965,366500000000,2040000000
9966,366600000000,2040000000
9967,366700000000,2040000000
9968,366800000000,2040000000
9969,366900000000,2040000000
9970,367000000000,2040000000
9971,367100000000,2040000000
9972,367200000000,2040000000
9973,367300000000,2040000000
9974,367400000000,2040000000
9975,367500000000,2040000000
9976,367600000000,2040000000
9977,367700000000,2040000000
9978,367800000000,2040000000
9979,367900000000,2040000000
9980,368000000000,2040000000
9981,368100000000,2040000000
9982,368200000000,2040000000
9983,368300000000,2040000000
9984,368400000000,2040000000
9985,368500000000,2040000000
9986,368600000000,2040000000
9987,368700000000,2040000000
9988,368800000000,2040000000
9989,368900000000,2040000000
9990,369000000000,2040000000
9991,369100000000,2040000000
9992,369200000000,2040000000
9993,369300000000,2040000000
9994,369400000000,2040000000
9995,369500000000,2040000000
9996,369600000000,2040000000
9997,369700000000,2040000000
9998,369800000000,2040000000
9999,369900000000,2040000000
10000,370000000000,2040000000
10001,370250000000,2040000000
10002,370500000000,2040000000
10003,370750000000,2040000000
10004,371000000000,2040000000
10005,371250000000,2040000000
10006,371500000000,2040000000
10007,371750000000,2040000000
10008,372000000000,2040000000
10009,372250000000,2040000000
10010,372500000000,2050000000
10011,372750000000,2050000000
10012,373000000000,2050000000
10013,373250000000,2050000000
10014,373500000000,2050000000
10015,373750000000,2050000000
10016,374000000000,2050000000
10017,374250000000,2050000000
10018,374500000000,2050000000
10019,374750000000,2050000000
10020,375000000000,2050000000
10021,375250000000,2050000000
10022,375500000000,2050000000
10023,375750000000,2050000000
10024,376000000000,2050000000
10025,376250000000,2050000000
10026,376500000000,2050000000
10027,376750000000,2050000000
10028,377000000000,2050000000
10029,377250000000,2050000000
10030,377500000000,2050000000
10031,377750000000,2050000000
10032,378000000000,2050000000
10033,378250000000,2050000000
10034,378500000000,2050000000
10035,378750000000,2050000000
10036,379000000000,2050000000
10037,379250000000,2050000000
10038,379500000000,2050000000
10039,379750000000,2050000000
10040,380000000000,2050000000
10041,380250000000,2050000000
10042,380500000000,2050000000
10043,380750000000,2050000000
10044,381000000000,2050000000
10045,381250000000,2050000000
10046,381500000000,2050000000
10047,381750000000,2050000000
10048,382000000000,2050000000
10049,382250000000,2050000000
10050,382500000000,2050000000
10051,382750000000,2050000000
10052,383000000000,2050000000
10053,383250000000,2050000000
10054,383500000000,2050000000
10055,383750000000,2050000000
10056,384000000000,2050000000
10057,384250000000,2050000000
10058,384500000000,2050000000
10059,384750000000,2060000000
10060,385000000000,2060000000
10061,385250000000,2060000000
10062,385500000000,2060000000
10063,385750000000,2060000000
10064,386000000000,2060000000
10065,386250000000,2060000000
10066,386500000000,2060000000
10067,386750000000,2060000000
10068,387000000000,2060000000
10069,387250000000,2060000000
10070,387500000000,2060000000
10071,387750000000,2060000000
10072,388000000000,2060000000
10073,388250000000,2060000000
10074,388500000000,2060000000
10075,388750000000,2060000000
10076,389000000000,2060000000
10077,389250000000,2060000000
10078,389500000000,2060000000
10079,389750000000,2060000000
10080,390000000000,2060000000
10081,390250000000,2060000000
10082,390500000000,2060000000
10083,390750000000,2060000000
10084,391000000000,2060000000
10085,391250000000,2060000000
10086,391500000000,2060000000
10087,391750000000,2060000000
10088,392000000000,2060000000
10089,392250000000,2060000000
10090,392500000000,2060000000
10091,392750000000,2060000000
10092,393000000000,2060000000
10093,393250000000,2060000000
10094,393500000000,2060000000
10095,393750000000,2060000000
10096,394000000000,2060000000
10097,394250000000,2060000000
10098,394500000000,2060000000
10099,394750000000,2060000000
10100,395000000000,2060000000
10101,395250000000,2060000000
10102,395500000000,2060000000
10103,395750000000,2060000000
10104,396000000000,2060000000
10105,396250000000,2060000000
10106,396500000000,2060000000
10107,396750000000,2060000000
10108,397000000000,2070000000
10109,397250000000,2070000000
10110,397500000000,2070000000
10111,397750000000,2070000000
10112,398000000000,2070000000
10113,398250000000,2070000000
10114,398500000000,2070000000
10115,398750000000,2070000000
10116,399000000000,2070000000
10117,399250000000,2070000000
10118,399500000000,2070000000
10119,399750000000,2070000000
10120,400000000000,2070000000
10121,400250000000,2070000000
10122,400500000000,2070000000
10123,400750000000,2070000000
10124,401000000000,2070000000
10125,401250000000,2070000000
10126,401500000000,2070000000
10127,401750000000,2070000000
10128,402000000000,2070000000
10129,402250000000,2070000000
10130,402500000000,2070000000
10131,402750000000,2070000000
10132,403000000000,2070000000
10133,403250000000,2070000000
10134,403500000000,2070000000
10135,403750000000,2070000000
10136,404000000000,2070000000
10137,404250000000,2070000000
10138,404500000000,2070000000
10139,404750000000,2070000000
10140,405000000000,2070000000
10141,405250000000,2070000000
10142,405500000000,2070000000
10143,405750000000,2070000000
10144,406000000000,2070000000
10145,406250000000,2070000000
10146,406500000000,2070000000
10147,406750000000,2070000000
10148,407000000000,2070000000
10149,407250000000,2070000000
10150,407500000000,2070000000
10151,407750000000,2070000000
10152,408000000000,2070000000
10153,408250000000,2070000000
10154,408500000000,2070000000
10155,408750000000,2070000000
10156,409000000000,2070000000
10157,409250000000,2080000000
10158,409500000000,2080000000
10159,409750000000,2080000000
10160,410000000000,2080000000
10161,410250000000,2080000000
10162,410500000000,2080000000
10163,410750000000,2080000000
10164,411000000000,2080000000
10165,411250000000,2080000000
10166,411500000000,2080000000
10167,411750000000,2080000000
10168,412000000000,2080000000
10169,412250000000,2080000000
10170,412500000000,2080000000
10171,412750000000,2080000000
10172,413000000000,2080000000
10173,413250000000,2080000000
10174,413500000000,2080000000
10175,413750000000,2080000000
10176,414000000000,2080000000
10177,414250000000,2080000000
10178,414500000000,2080000000
10179,414750000000,2080000000
10180,415000000000,2080000000
10181,415250000000,2080000000
10182,415500000000,2080000000
10183,415750000000,2080000000
10184,416000000000,2080000000
10185,416250000000,2080000000
10186,416500000000,2080000000
10187,416750000000,2080000000
10188,417000000000,2080000000
10189,417250000000,2080000000
10190,417500000000,2080000000
10191,417750000000,2080000000
10192,418000000000,2080000000
10193,418250000000,2080000000
10194,418500000000,2080000000
10195,418750000000,2080000000
10196,419000000000,2080000000
10197,419250000000,2080000000
10198,419500000000,2080000000
10199,419750000000,2080000000
10200,420000000000,2080000000
10201,420250000000,2080000000
10202,420500000000,2080000000
10203,420750000000,2080000000
10204,421000000000,2080000000
10205,421250000000,2080000000
10206,421500000000,2090000000
10207,421750000000,2090000000
10208,422000000000,2090000000
10209,422250000000,2090000000
10210,422500000000,2090000000
10211,422750000000,2090000000
10212,423000000000,2090000000
10213,423250000000,2090000000
10214,423500000000,2090000000
10215,423750000000,2090000000
10216,424000000000,2090000000
10217,424250000000,2090000000
10218,424500000000,2090000000
10219,424750000000,2090000000
10220,425000000000,2090000000
10221,425250000000,2090000000
10222,425500000000,2090000000
10223,425750000000,2090000000
10224,426000000000,2090000000
10225,426250000000,2090000000
10226,426500000000,2090000000
10227,426750000000,2090000000
10228,427000000000,2090000000
10229,427250000000,2090000000
10230,427500000000,2090000000
10231,427750000000,2090000000
10232,428000000000,2090000000
10233,428250000000,2090000000
10234,428500000000,2090000000
10235,428750000000,2090000000
10236,429000000000,2090000000
10237,429250000000,2090000000
10238,429500000000,2090000000
10239,429750000000,2090000000
10240,430000000000,2090000000
10241,430250000000,2090000000
10242,430500000000,2090000000
10243,430750000000,2090000000
10244,431000000000,2090000000
10245,431250000000,2090000000
10246,431500000000,2090000000
10247,431750000000,2090000000
10248,432000000000,2090000000
10249,432250000000,2090000000
10250,432500000000,2090000000
10251,432750000000,2090000000
10252,433000000000,2090000000
10253,433250000000,2090000000
10254,433500000000,2100000000
10255,433750000000,2100000000
10256,434000000000,2100000000
10257,434250000000,2100000000
10258,434500000000,2100000000
10259,434750000000,2100000000
10260,435000000000,2100000000
10261,435250000000,2100000000
10262,435500000000,2100000000
10263,435750000000,2100000000
10264,436000000000,2100000000
10265,436250000000,2100000000
10266,436500000000,2100000000
10267,436750000000,2100000000
10268,437000000000,2100000000
10269,437250000000,2100000000
10270,437500000000,2100000000
10271,437750000000,2100000000
10272,438000000000,2100000000
10273,438250000000,2100000000
10274,438500000000,2100000000
10275,438750000000,2100000000
10276,439000000000,2100000000
10277,439250000000,2100000000
10278,439500000000,2100000000
10279,439750000000,2100000000
10280,440000000000,2100000000
10281,440250000000,2100000000
10282,440500000000,2100000000
10283,440750000000,2100000000
10284,441000000000,2100000000
10285,441250000000,2100000000
10286,441500000000,2100000000
10287,441750000000,2100000000
10288,442000000000,2100000000
10289,442250000000,2100000000
10290,442500000000,2100000000
10291,442750000000,2100000000
10292,443000000000,2100000000
10293,443250000000,2100000000
10294,443500000000,2100000000
10295,443750000000,2100000000
10296,444000000000,2100000000
10297,444250000000,2100000000
10298,444500000000,2100000000
10299,444750000000,2100000000
10300,445000000000,2100000000
10301,445250000000,2100000000
10302,445500000000,2100000000
10303,445750000000,2110000000
10304,446000000000,2110000000
10305,446250000000,2110000000
10306,446500000000,2110000000
10307,446750000000,2110000000
10308,447000000000,2110000000
10309,447250000000,2110000000
10310,447500000000,2110000000
10311,447750000000,2110000000
10312,448000000000,2110000000
10313,448250000000,2110000000
10314,448500000000,2110000000
10315,448750000000,2110000000
10316,449000000000,2110000000
10317,449250000000,2110000000
10318,449500000000,2110000000
10319,449750000000,2110000000
10320,450000000000,2110000000
10321,450250000000,2110000000
10322,450500000000,2110000000
10323,450750000000,2110000000
10324,451000000000,2110000000
10325,451250000000,2110000000
10326,451500000000,2110000000
10327,451750000000,2110000000
10328,452000000000,2110000000
10329,452250000000,2110000000
10330,452500000000,2110000000
10331,452750000000,2110000000
10332,453000000000,2110000000
10333,453250000000,2110000000
10334,453500000000,2110000000
10335,453750000000,2110000000
10336,454000000000,2110000000
10337,454250000000,2110000000
10338,454500000000,2110000000
10339,454750000000,2110000000
10340,455000000000,2110000000
10341,455250000000,2110000000
10342,455500000000,2110000000
10343,455750000000,2110000000
10344,456000000000,2110000000
10345,456250000000,2110000000
10346,456500000000,2110000000
10347,456750000000,2110000000
10348,457000000000,2110000000
10349,457250000000,2110000000
10350,457500000000,2110000000
10351,457750000000,2110000000
10352,458000000000,2120000000
10353,458250000000,2120000000
10354,458500000000,2120000000
10355,458750000000,2120000000
10356,459000000000,2120000000
10357,459250000000,2120000000
10358,459500000000,2120000000
10359,459750000000,2120000000
10360,460000000000,2120000000
10361,460250000000,2120000000
10362,460500000000,2120000000
10363,460750000000,2120000000
10364,461000000000,2120000000
10365,461250000000,2120000000
10366,461500000000,2120000000
10367,461750000000,2120000000
10368,462000000000,2120000000
10369,462250000000,2120000000
10370,462500000000,2120000000
10371,462750000000,2120000000
10372,463000000000,2120000000
10373,463250000000,2120000000
10374,463500000000,2120000000
10375,463750000000,2120000000
10376,464000000000,2120000000
10377,464250000000,2120000000
10378,464500000000,2120000000
10379,464750000000,2120000000
10380,465000000000,2120000000
10381,465250000000,2120000000
10382,465500000000,2120000000
10383,465750000000,2120000000
10384,466000000000,2120000000
10385,466250000000,2120000000
10386,466500000000,2120000000
10387,466750000000,2120000000
10388,467000000000,2120000000
10389,467250000000,2120000000
10390,467500000000,2120000000
10391,467750000000,2120000000
10392,468000000000,2120000000
10393,468250000000,2120000000
10394,468500000000,2120000000
10395,468750000000,2120000000
10396,469000000000,2120000000
10397,469250000000,2120000000
10398,469500000000,2120000000
10399,469750000000,2120000000
10400,470000000000,2120000000
10401,470250000000,2130000000
10402,470500000000,2130000000
10403,470750000000,2130000000
10404,471000000000,2130000000
10405,471250000000,2130000000
10406,471500000000,2130000000
10407,471750000000,2130000000
10408,472000000000,2130000000
10409,472250000000,2130000000
10410,472500000000,2130000000
10411,472750000000,2130000000
10412,473000000000,2130000000
10413,473250000000,2130000000
10414,473500000000,2130000000
10415,473750000000,2130000000
10416,474000000000,2130000000
10417,474250000000,2130000000
10418,474500000000,2130000000
10419,474750000000,2130000000
10420,475000000000,2130000000
10421,475250000000,2130000000
10422,475500000000,2130000000
10423,475750000000,2130000000
10424,476000000000,2130000000
10425,476250000000,2130000000
10426,476500000000,2130000000
10427,476750000000,2130000000
10428,477000000000,2130000000
10429,477250000000,2130000000
10430,477500000000,2130000000
10431,477750000000,2130000000
10432,478000000000,2130000000
10433,478250000000,2130000000
10434,478500000000,2130000000
10435,478750000000,2130000000
10436,479000000000,2130000000
10437,479250000000,2130000000
10438,479500000000,2130000000
10439,479750000000,2130000000
10440,480000000000,2130000000
10441,480250000000,2130000000
10442,480500000000,2130000000
10443,480750000000,2130000000
10444,481000000000,2130000000
10445,481250000000,2130000000
10446,481500000000,2130000000
10447,481750000000,2130000000
10448,482000000000,2130000000
10449,482250000000,2130000000
10450,482500000000,2140000000
10451,482750000000,2140000000
10452,483000000000,2140000000
10453,483250000000,2140000000
10454,483500000000,2140000000
10455,483750000000,2140000000
10456,484000000000,2140000000
10457,484250000000,2140000000
10458,484500000000,2140000000
10459,484750000000,2140000000
10460,485000000000,2140000000
10461,485250000000,2140000000
10462,485500000000,2140000000
10463,485750000000,2140000000
10464,486000000000,2140000000
10465,486250000000,2140000000
10466,486500000000,2140000000
10467,486750000000,2140000000
10468,487000000000,2140000000
10469,487250000000,2140000000
10470,487500000000,2140000000
10471,487750000000,2140000000
10472,488000000000,2140000000
10473,488250000000,2140000000
10474,488500000000,2140000000
10475,488750000000,2140000000
10476,489000000000,2140000000
10477,489250000000,2140000000
10478,489500000000,2140000000
10479,489750000000,2140000000
10480,490000000000,2140000000
10481,490250000000,2140000000
10482,490500000000,2140000000
10483,490750000000,2140000000
10484,491000000000,2140000000
10485,491250000000,2140000000
10486,491500000000,2140000000
10487,491750000000,2140000000
10488,492000000000,2140000000
10489,492250000000,2140000000
10490,492500000000,2140000000
10491,492750000000,2140000000
10492,493000000000,2140000000
10493,493250000000,2140000000
10494,493500000000,2140000000
10495,493750000000,2140000000
10496,494000000000,2140000000
10497,494250000000,2140000000
10498,494500000000,2140000000
10499,494750000000,2150000000
10500,495000000000,2150000000
10501,495250000000,2150000000
10502,495500000000,2150000000
10503,495750000000,2150000000
10504,496000000000,2150000000
10505,496250000000,2150000000
10506,496500000000,2150000000
10507,496750000000,2150000000
10508,497000000000,2150000000
10509,497250000000,2150000000
10510,497500000000,2150000000
10511,497750000000,2150000000
10512,498000000000,2150000000
10513,498250000000,2150000000
10514,498500000000,2150000000
10515,498750000000,2150000000
10516,499000000000,2150000000
10517,499250000000,2150000000
10518,499500000000,2150000000
10519,499750000000,2150000000
10520,500000000000,2150000000
10521,500250000000,2150000000
10522,500750000000,2150000000
10523,501250000000,2150000000
10524,501750000000,2150000000
10525,502250000000,2150000000
10526,502750000000,2150000000
10527,503250000000,2150000000
10528,503750000000,2150000000
10529,504250000000,2150000000
10530,504750000000,2150000000
10531,505250000000,2150000000
10532,505750000000,2150000000
10533,506250000000,2150000000
10534,506750000000,2150000000
10535,507250000000,2150000000
10536,507750000000,2150000000
10537,508250000000,2150000000
10538,508750000000,2150000000
10539,509250000000,2150000000
10540,509750000000,2150000000
10541,510250000000,2150000000
10542,510750000000,2150000000
10543,511250000000,2150000000
10544,511750000000,2150000000
10545,512250000000,2150000000
10546,512750000000,2150000000
10547,513250000000,2160000000
10548,513750000000,2160000000
10549,514250000000,2160000000
10550,514750000000,2160000000
10551,515250000000,2160000000
10552,515750000000,2160000000
10553,516250000000,2160000000
10554,516750000000,2160000000
10555,517250000000,2160000000
10556,517750000000,2160000000
10557,518250000000,2160000000
10558,518750000000,2160000000
10559,519250000000,2160000000
10560,519750000000,2160000000
10561,520250000000,2160000000
10562,520750000000,2160000000
10563,521250000000,2160000000
10564,521750000000,2160000000
10565,522250000000,2160000000
10566,522750000000,2160000000
10567,523250000000,2160000000
10568,523750000000,2160000000
10569,524250000000,2160000000
10570,524750000000,2160000000
10571,525250000000,2160000000
10572,525750000000,2160000000
10573,526250000000,2160000000
10574,526750000000,2160000000
10575,527250000000,2160000000
10576,527750000000,2160000000
10577,528250000000,2160000000
10578,528750000000,2160000000
10579,529250000000,2160000000
10580,529750000000,2160000000
10581,530250000000,2160000000
10582,530750000000,2160000000
10583,531250000000,2160000000
10584,531750000000,2160000000
10585,532250000000,2160000000
10586,532750000000,2160000000
10587,533250000000,2160000000
10588,533750000000,2160000000
10589,534250000000,2160000000
10590,534750000000,2160000000
10591,535250000000,2160000000
10592,535750000000,2160000000
10593,536250000000,2160000000
10594,536750000000,2160000000
10595,537250000000,2160000000
10596,537750000000,2170000000
10597,538250000000,2170000000
10598,538750000000,2170000000
10599,539250000000,2170000000
10600,539750000000,2170000000
10601,540250000000,2170000000
10602,540750000000,2170000000
10603,541250000000,2170000000
10604,541750000000,2170000000
10605,542250000000,2170000000
10606,542750000000,2170000000
10607,543250000000,2170000000
10608,543750000000,2170000000
10609,544250000000,2170000000
10610,544750000000,2170000000
10611,545250000000,2170000000
10612,545750000000,2170000000
10613,546250000000,2170000000
10614,546750000000,2170000000
10615,547250000000,2170000000
10616,547750000000,2170000000
10617,548250000000,2170000000
10618,548750000000,2170000000
10619,549250000000,2170000000
10620,549750000000,2170000000
10621,550250000000,2170000000
10622,550750000000,2170000000
10623,551250000000,2170000000
10624,551750000000,2170000000
10625,552250000000,2170000000
10626,552750000000,2170000000
10627,553250000000,2170000000
10628,553750000000,2170000000
10629,554250000000,2170000000
10630,554750000000,2170000000
10631,555250000000,2170000000
10632,555750000000,2170000000
10633,556250000000,2170000000
10634,556750000000,2170000000
10635,557250000000,2170000000
10636,557750000000,2170000000
10637,558250000000,2170000000
10638,558750000000,2170000000
10639,559250000000,2170000000
10640,559750000000,2170000000
10641,560250000000,2170000000
10642,560750000000,2170000000
10643,561250000000,2170000000
10644,561750000000,2170000000
10645,562250000000,2180000000
10646,562750000000,2180000000
10647,563250000000,2180000000
10648,563750000000,2180000000
10649,564250000000,2180000000
10650,564750000000,2180000000
10651,565250000000,2180000000
10652,565750000000,2180000000
10653,566250000000,2180000000
10654,566750000000,2180000000
10655,567250000000,2180000000
10656,567750000000,2180000000
10657,568250000000,2180000000
10658,568750000000,2180000000
10659,569250000000,2180000000
10660,569750000000,2180000000
10661,570250000000,2180000000
10662,570750000000,2180000000
10663,571250000000,2180000000
10664,571750000000,2180000000
10665,572250000000,2180000000
10666,572750000000,2180000000
10667,573250000000,2180000000
10668,573750000000,2180000000
10669,574250000000,2180000000
10670,574750000000,2180000000
10671,575250000000,2180000000
10672,575750000000,2180000000
10673,576250000000,2180000000
10674,576750000000,2180000000
10675,577250000000,2180000000
10676,577750000000,2180000000
10677,578250000000,2180000000
10678,578750000000,2180000000
10679,579250000000,2180000000
10680,579750000000,2180000000
10681,580250000000,2180000000
10682,580750000000,2180000000
10683,581250000000,2180000000
10684,581750000000,2180000000
10685,582250000000,2180000000
10686,582750000000,2180000000
10687,583250000000,2180000000
10688,583750000000,2180000000
10689,584250000000,2180000000
10690,584750000000,2180000000
10691,585250000000,2180000000
10692,585750000000,2180000000
10693,586250000000,2180000000
10694,586750000000,2190000000
10695,587250000000,2190000000
10696,587750000000,2190000000
10697,588250000000,2190000000
10698,588750000000,2190000000
10699,589250000000,2190000000
10700,589750000000,2190000000
10701,590250000000,2190000000
10702,590750000000,2190000000
10703,591250000000,2190000000
10704,591750000000,2190000000
10705,592250000000,2190000000
10706,592750000000,2190000000
10707,593250000000,2190000000
10708,593750000000,2190000000
10709,594250000000,2190000000
10710,594750000000,2190000000
10711,595250000000,2190000000
10712,595750000000,2190000000
10713,596250000000,2190000000
10714,596750000000,2190000000
10715,597250000000,2190000000
10716,597750000000,2190000000
10717,598250000000,2190000000
10718,598750000000,2190000000
10719,599250000000,2190000000
10720,599750000000,2190000000
10721,600250000000,2190000000
10722,600750000000,2190000000
10723,601250000000,2190000000
10724,601750000000,2190000000
10725,602250000000,2190000000
10726,602750000000,2190000000
10727,603250000000,2190000000
10728,603750000000,2190000000
10729,604250000000,2190000000
10730,604750000000,2190000000
10731,605250000000,2190000000
10732,605750000000,2190000000
10733,606250000000,2190000000
10734,606750000000,2190000000
10735,607250000000,2190000000
10736,607750000000,2190000000
10737,608250000000,2190000000
10738,608750000000,2190000000
10739,609250000000,2190000000
10740,609750000000,2190000000
10741,610250000000,2190000000
10742,610750000000,2190000000
10743,611250000000,2200000000
10744,611750000000,2200000000
10745,612250000000,2200000000
10746,612750000000,2200000000
10747,613250000000,2200000000
10748,613750000000,2200000000
10749,614250000000,2200000000
10750,614750000000,2200000000
10751,615250000000,2200000000
10752,615750000000,2200000000
10753,616250000000,2200000000
10754,616750000000,2200000000
10755,617250000000,2200000000
10756,617750000000,2200000000
10757,618250000000,2200000000
10758,618750000000,2200000000
10759,619250000000,2200000000
10760,619750000000,2200000000
10761,620250000000,2200000000
10762,620750000000,2200000000
10763,621250000000,2200000000
10764,621750000000,2200000000
10765,622250000000,2200000000
10766,622750000000,2200000000
10767,623250000000,2200000000
10768,623750000000,2200000000
10769,624250000000,2200000000
10770,624750000000,2200000000
10771,625250000000,2200000000
10772,625750000000,2200000000
10773,626250000000,2200000000
10774,626750000000,2200000000
10775,627250000000,2200000000
10776,627750000000,2200000000
10777,628250000000,2200000000
10778,628750000000,2200000000
10779,629250000000,2200000000
10780,629750000000,2200000000
10781,630250000000,2200000000
10782,630750000000,2200000000
10783,631250000000,2200000000
10784,631750000000,2200000000
10785,632250000000,2200000000
10786,632750000000,2200000000
10787,633250000000,2200000000
10788,633750000000,2200000000
10789,634250000000,2200000000
10790,634750000000,2200000000
10791,635250000000,2200000000
10792,635750000000,2210000000
10793,636250000000,2210000000
10794,636750000000,2210000000
10795,637250000000,2210000000
10796,637750000000,2210000000
10797,638250000000,2210000000
10798,638750000000,2210000000
10799,639250000000,2210000000
10800,639750000000,2210000000
10801,640250000000,2210000000
10802,640750000000,2210000000
10803,641250000000,2210000000
10804,641750000000,2210000000
10805,642250000000,2210000000
10806,642750000000,2210000000
10807,643250000000,2210000000
10808,643750000000,2210000000
10809,644250000000,2210000000
10810,644750000000,2210000000
10811,645250000000,2210000000
10812,645750000000,2210000000
10813,646250000000,2210000000
10814,646750000000,2210000000
10815,647250000000,2210000000
10816,647750000000,2210000000
10817,648250000000,2210000000
10818,648750000000,2210000000
10819,649250000000,2210000000
10820,649750000000,2210000000
10821,650250000000,2210000000
10822,650750000000,2210000000
10823,651250000000,2210000000
10824,651750000000,2210000000
10825,652250000000,2210000000
10826,652750000000,2210000000
10827,653250000000,2210000000
10828,653750000000,2210000000
10829,654250000000,2210000000
10830,654750000000,2210000000
10831,655250000000,2210000000
10832,655750000000,2210000000
10833,656250000000,2210000000
10834,656750000000,2210000000
10835,657250000000,2210000000
10836,657750000000,2210000000
10837,658250000000,2210000000
10838,658750000000,2210000000
10839,659250000000,2210000000
10840,659750000000,2220000000
10841,660250000000,2220000000
10842,660750000000,2220000000
10843,661250000000,2220000000
10844,661750000000,2220000000
10845,662250000000,2220000000
10846,662750000000,2220000000
10847,663250000000,2220000000
10848,663750000000,2220000000
10849,664250000000,2220000000
10850,664750000000,2220000000
10851,665250000000,2220000000
10852,665750000000,2220000000
10853,666250000000,2220000000
10854,666750000000,2220000000
10855,667250000000,2220000000
10856,667750000000,2220000000
10857,668250000000,2220000000
10858,668750000000,2220000000
10859,669250000000,2220000000
10860,669750000000,2220000000
10861,670250000000,2220000000
10862,670750000000,2220000000
10863,671250000000,2220000000
10864,671750000000,2220000000
10865,672250000000,2220000000
10866,672750000000,2220000000
10867,673250000000,2220000000
10868,673750000000,2220000000
10869,674250000000,2220000000
10870,674750000000,2220000000
10871,675250000000,2220000000
10872,675750000000,2220000000
10873,676250000000,2220000000
10874,676750000000,2220000000
10875,677250000000,2220000000
10876,677750000000,2220000000
10877,678250000000,2220000000
10878,678750000000,2220000000
10879,679250000000,2220000000
10880,679750000000,2220000000
10881,680250000000,2220000000
10882,680750000000,2220000000
10883,681250000000,2220000000
10884,681750000000,2220000000
10885,682250000000,2220000000
10886,682750000000,2220000000
10887,683250000000,2220000000
10888,683750000000,2220000000
10889,684250000000,2230000000
10890,684750000000,2230000000
10891,685250000000,2230000000
10892,685750000000,2230000000
10893,686250000000,2230000000
10894,686750000000,2230000000
10895,687250000000,2230000000
10896,687750000000,2230000000
10897,688250000000,2230000000
10898,688750000000,2230000000
10899,689250000000,2230000000
10900,689750000000,2230000000
10901,690250000000,2230000000
10902,690750000000,2230000000
10903,691250000000,2230000000
10904,691750000000,2230000000
10905,692250000000,2230000000
10906,692750000000,2230000000
10907,693250000000,2230000000
10908,693750000000,2230000000
10909,694250000000,2230000000
10910,694750000000,2230000000
10911,695250000000,2230000000
10912,695750000000,2230000000
10913,696250000000,2230000000
10914,696750000000,2230000000
10915,697250000000,2230000000
10916,697750000000,2230000000
10917,698250000000,2230000000
10918,698750000000,2230000000
10919,699250000000,2230000000
10920,699750000000,2230000000
10921,700250000000,2230000000
10922,700750000000,2230000000
10923,701250000000,2230000000
10924,701750000000,2230000000
10925,702250000000,2230000000
10926,702750000000,2230000000
10927,703250000000,2230000000
10928,703750000000,2230000000
10929,704250000000,2230000000
10930,704750000000,2230000000
10931,705250000000,2230000000
10932,705750000000,2230000000
10933,706250000000,2230000000
10934,706750000000,2230000000
10935,707250000000,2230000000
10936,707750000000,2230000000
10937,708250000000,2230000000
10938,708750000000,2240000000
10939,709250000000,2240000000
10940,709750000000,2240000000
10941,710250000000,2240000000
10942,710750000000,2240000000
10943,711250000000,2240000000
10944,711750000000,2240000000
10945,712250000000,2240000000
10946,712750000000,2240000000
10947,713250000000,2240000000
10948,713750000000,2240000000
10949,714250000000,2240000000
10950,714750000000,2240000000
10951,715250000000,2240000000
10952,715750000000,2240000000
10953,716250000000,2240000000
10954,716750000000,2240000000
10955,717250000000,2240000000
10956,717750000000,2240000000
10957,718250000000,2240000000
10958,718750000000,2240000000
10959,719250000000,2240000000
10960,719750000000,2240000000
10961,720250000000,2240000000
10962,720750000000,2240000000
10963,721250000000,2240000000
10964,721750000000,2240000000
10965,722250000000,2240000000
10966,722750000000,2240000000
10967,723250000000,2240000000
10968,723750000000,2240000000
10969,724250000000,2240000000
10970,724750000000,2240000000
10971,725250000000,2240000000
10972,725750000000,2240000000
10973,726250000000,2240000000
10974,726750000000,2240000000
10975,727250000000,2240000000
10976,727750000000,2240000000
10977,728250000000,2240000000
10978,728750000000,2240000000
10979,729250000000,2240000000
10980,729750000000,2240000000
10981,730250000000,2240000000
10982,730750000000,2240000000
10983,731250000000,2240000000
10984,731750000000,2240000000
10985,732250000000,2240000000
10986,732750000000,2240000000
10987,733250000000,2250000000
10988,733750000000,2250000000
10989,734250000000,2250000000
10990,734750000000,2250000000
10991,735250000000,2250000000
10992,735750000000,2250000000
10993,736250000000,2250000000
10994,736750000000,2250000000
10995,737250000000,2250000000
10996,737750000000,2250000000
10997,738250000000,2250000000
10998,738750000000,2250000000
10999,739250000000,2250000000
11000,739750000000,2250000000
11001,740250000000,2250000000
11002,740750000000,2250000000
11003,741250000000,2250000000
11004,741750000000,2250000000
11005,742250000000,2250000000
11006,742750000000,2250000000
11007,743250000000,2250000000
11008,743750000000,2250000000
11009,744250000000,2250000000
11010,744750000000,2250000000
11011,745250000000,2250000000
11012,745750000000,2250000000
11013,746250000000,2250000000
11014,746750000000,2250000000
11015,747250000000,2250000000
11016,747750000000,2250000000
11017,748250000000,2250000000
11018,748750000000,2250000000
11019,749250000000,2250000000
11020,749750000000,2250000000
11021,750250000000,2250000000
11022,750750000000,2250000000
11023,751250000000,2250000000
11024,751750000000,2250000000
11025,752250000000,2250000000
11026,752750000000,2250000000
11027,753250000000,2250000000
11028,753750000000,2250000000
11029,754250000000,2250000000
11030,754750000000,2250000000
11031,755250000000,2250000000
11032,755750000000,2250000000
11033,756250000000,2250000000
11034,756750000000,2250000000
11035,757250000000,2250000000
11036,757750000000,2260000000
11037,758250000000,2260000000
11038,758750000000,2260000000
11039,759250000000,2260000000
11040,759750000000,2260000000
11041,760250000000,2260000000
11042,760750000000,2260000000
11043,761250000000,2260000000
11044,761750000000,2260000000
11045,762250000000,2260000000
11046,762750000000,2260000000
11047,763250000000,2260000000
11048,763750000000,2260000000
11049,764250000000,2260000000
11050,764750000000,2260000000
11051,765250000000,2260000000
11052,765750000000,2260000000
11053,766250000000,2260000000
11054,766750000000,2260000000
11055,767250000000,2260000000
11056,767750000000,2260000000
11057,768250000000,2260000000
11058,768750000000,2260000000
11059,769250000000,2260000000
11060,769750000000,2260000000
11061,770250000000,2260000000
11062,770750000000,2260000000
11063,771250000000,2260000000
11064,771750000000,2260000000
11065,772250000000,2260000000
11066,772750000000,2260000000
11067,773250000000,2260000000
11068,773750000000,2260000000
11069,774250000000,2260000000
11070,774750000000,2260000000
11071,775250000000,2260000000
11072,775750000000,2260000000
11073,776250000000,2260000000
11074,776750000000,2260000000
11075,777250000000,2260000000
11076,777750000000,2260000000
11077,778250000000,2260000000
11078,778750000000,2260000000
11079,779250000000,2260000000
11080,779750000000,2260000000
11081,780250000000,2260000000
11082,780750000000,2260000000
11083,781250000000,2260000000
11084,781750000000,2270000000
11085,782250000000,2270000000
11086,782750000000,2270000000
11087,783250000000,2270000000
11088,783750000000,2270000000
11089,784250000000,2270000000
11090,784750000000,2270000000
11091,785250000000,2270000000
11092,785750000000,2270000000
11093,786250000000,2270000000
11094,786750000000,2270000000
11095,787250000000,2270000000
11096,787750000000,2270000000
11097,788250000000,2270000000
11098,788750000000,2270000000
11099,789250000000,2270000000
11100,789750000000,2270000000
11101,790250000000,2270000000
11102,790750000000,2270000000
11103,791250000000,2270000000
11104,791750000000,2270000000
11105,792250000000,2270000000
11106,792750000000,2270000000
11107,793250000000,2270000000
11108,793750000000,2270000000
11109,794250000000,2270000000
11110,794750000000,2270000000
11111,795250000000,2270000000
11112,795750000000,2270000000
11113,796250000000,2270000000
11114,796750000000,2270000000
11115,797250000000,2270000000
11116,797750000000,2270000000
11117,798250000000,2270000000
11118,798750000000,2270000000
11119,799250000000,2270000000
11120,799750000000,2270000000
11121,800250000000,2270000000
11122,800750000000,2270000000
11123,801250000000,2270000000
11124,801750000000,2270000000
11125,802250000000,2270000000
11126,802750000000,2270000000
11127,803250000000,2270000000
11128,803750000000,2270000000
11129,804250000000,2270000000
11130,804750000000,2270000000
11131,805250000000,2270000000
11132,805750000000,2270000000
11133,806250000000,2280000000
11134,806750000000,2280000000
11135,807250000000,2280000000
11136,807750000000,2280000000
11137,808250000000,2280000000
11138,808750000000,2280000000
11139,809250000000,2280000000
11140,809750000000,2280000000
11141,810250000000,2280000000
11142,810750000000,2280000000
11143,811250000000,2280000000
11144,811750000000,2280000000
11145,812250000000,2280000000
11146,812750000000,2280000000
11147,813250000000,2280000000
11148,813750000000,2280000000
11149,814250000000,2280000000
11150,814750000000,2280000000
11151,815250000000,2280000000
11152,815750000000,2280000000
11153,816250000000,2280000000
11154,816750000000,2280000000
11155,817250000000,2280000000
11156,817750000000,2280000000
11157,818250000000,2280000000
11158,818750000000,2280000000
11159,819250000000,2280000000
11160,819750000000,2280000000
11161,820250000000,2280000000
11162,820750000000,2280000000
11163,821250000000,2280000000
11164,821750000000,2280000000
11165,822250000000,2280000000
11166,822750000000,2280000000
11167,823250000000,2280000000
11168,823750000000,2280000000
11169,824250000000,2280000000
11170,824750000000,2280000000
11171,825250000000,2280000000
11172,825750000000,2280000000
11173,826250000000,2280000000
11174,826750000000,2280000000
11175,827250000000,2280000000
11176,827750000000,2280000000
11177,828250000000,2280000000
11178,828750000000,2280000000
11179,829250000000,2280000000
11180,829750000000,2280000000
11181,830250000000,2280000000
11182,830750000000,2290000000
11183,831250000000,2290000000
11184,831750000000,2290000000
11185,832250000000,2290000000
11186,832750000000,2290000000
11187,833250000000,2290000000
11188,833750000000,2290000000
11189,834250000000,2290000000
11190,834750000000,2290000000
11191,835250000000,2290000000
11192,835750000000,2290000000
11193,836250000000,2290000000
11194,836750000000,2290000000
11195,837250000000,2290000000
11196,837750000000,2290000000
11197,838250000000,2290000000
11198,838750000000,2290000000
11199,839250000000,2290000000
11200,839750000000,2290000000
11201,840250000000,2290000000
11202,840750000000,2290000000
11203,841250000000,2290000000
11204,841750000000,2290000000
11205,842250000000,2290000000
11206,842750000000,2290000000
11207,843250000000,2290000000
11208,843750000000,2290000000
11209,844250000000,2290000000
11210,844750000000,2290000000
11211,845250000000,2290000000
11212,845750000000,2290000000
11213,846250000000,2290000000
11214,846750000000,2290000000
11215,847250000000,2290000000
11216,847750000000,2290000000
11217,848250000000,2290000000
11218,848750000000,2290000000
11219,849250000000,2290000000
11220,849750000000,2290000000
11221,850250000000,2290000000
11222,850750000000,2290000000
11223,851250000000,2290000000
11224,851750000000,2290000000
11225,852250000000,2290000000
11226,852750000000,2290000000
11227,853250000000,2290000000
11228,853750000000,2290000000
11229,854250000000,2290000000
11230,854750000000,2290000000
11231,855250000000,2300000000
11232,855750000000,2300000000
11233,856250000000,2300000000
11234,856750000000,2300000000
11235,857250000000,2300000000
11236,857750000000,2300000000
11237,858250000000,2300000000
11238,858750000000,2300000000
11239,859250000000,2300000000
11240,859750000000,2300000000
11241,860250000000,2300000000
11242,860750000000,2300000000
11243,861250000000,2300000000
11244,861750000000,2300000000
11245,862250000000,2300000000
11246,862750000000,2300000000
11247,863250000000,2300000000
11248,863750000000,2300000000
11249,864250000000,2300000000
11250,864750000000,2300000000
11251,865250000000,2300000000
11252,865750000000,2300000000
11253,866250000000,2300000000
11254,866750000000,2300000000
11255,867250000000,2300000000
11256,867750000000,2300000000
11257,868250000000,2300000000
11258,868750000000,2300000000
11259,869250000000,2300000000
11260,869750000000,2300000000
11261,870250000000,2300000000
11262,870750000000,2300000000
11263,871250000000,2300000000
11264,871750000000,2300000000
11265,872250000000,2300000000
11266,872750000000,2300000000
11267,873250000000,2300000000
11268,873750000000,2300000000
11269,874250000000,2300000000
11270,874750000000,2300000000
11271,875250000000,2300000000
11272,875750000000,2300000000
11273,876250000000,2300000000
11274,876750000000,2300000000
11275,877250000000,2300000000
11276,877750000000,2300000000
11277,878250000000,2300000000
11278,878750000000,2300000000
11279,879250000000,2300000000
11280,879750000000,2310000000
11281,880250000000,2310000000
11282,880750000000,2310000000
11283,881250000000,2310000000
11284,881750000000,2310000000
11285,882250000000,2310000000
11286,882750000000,2310000000
11287,883250000000,2310000000
11288,883750000000,2310000000
11289,884250000000,2310000000
11290,884750000000,2310000000
11291,885250000000,2310000000
11292,885750000000,2310000000
11293,886250000000,2310000000
11294,886750000000,2310000000
11295,887250000000,2310000000
11296,887750000000,2310000000
11297,888250000000,2310000000
11298,888750000000,2310000000
11299,889250000000,2310000000
11300,889750000000,2310000000
11301,890250000000,2310000000
11302,890750000000,2310000000
11303,891250000000,2310000000
11304,891750000000,2310000000
11305,892250000000,2310000000
11306,892750000000,2310000000
11307,893250000000,2310000000
11308,893750000000,2310000000
11309,894250000000,2310000000
11310,894750000000,2310000000
11311,895250000000,2310000000
11312,895750000000,2310000000
11313,896250000000,2310000000
11314,896750000000,2310000000
11315,897250000000,2310000000
11316,897750000000,2310000000
11317,898250000000,2310000000
11318,898750000000,2310000000
11319,899250000000,2310000000
11320,899750000000,2310000000
11321,900250000000,2310000000
11322,900750000000,2310000000
11323,901250000000,2310000000
11324,901750000000,2310000000
11325,902250000000,2310000000
11326,902750000000,2310000000
11327,903250000000,2310000000
11328,903750000000,2310000000
11329,904250000000,2320000000
11330,904750000000,2320000000
11331,905250000000,2320000000
11332,905750000000,2320000000
11333,906250000000,2320000000
11334,906750000000,2320000000
11335,907250000000,2320000000
11336,907750000000,2320000000
11337,908250000000,2320000000
11338,908750000000,2320000000
11339,909250000000,2320000000
11340,909750000000,2320000000
11341,910250000000,2320000000
11342,910750000000,2320000000
11343,911250000000,2320000000
11344,911750000000,2320000000
11345,912250000000,2320000000
11346,912750000000,2320000000
11347,913250000000,2320000000
11348,913750000000,2320000000
11349,914250000000,2320000000
11350,914750000000,2320000000
11351,915250000000,2320000000
11352,915750000000,2320000000
11353,916250000000,2320000000
11354,916750000000,2320000000
11355,917250000000,2320000000
11356,917750000000,2320000000
11357,918250000000,2320000000
11358,918750000000,2320000000
11359,919250000000,2320000000
11360,919750000000,2320000000
11361,920250000000,2320000000
11362,920750000000,2320000000
11363,921250000000,2320000000
11364,921750000000,2320000000
11365,922250000000,2320000000
11366,922750000000,2320000000
11367,923250000000,2320000000
11368,923750000000,2320000000
11369,924250000000,2320000000
11370,924750000000,2320000000
11371,925250000000,2320000000
11372,925750000000,2320000000
11373,926250000000,2320000000
11374,926750000000,2320000000
11375,927250000000,2320000000
11376,927750000000,2320000000
11377,928250000000,2330000000
11378,928750000000,2330000000
11379,929250000000,2330000000
11380,929750000000,2330000000
11381,930250000000,2330000000
11382,930750000000,2330000000
11383,931250000000,2330000000
11384,931750000000,2330000000
11385,932250000000,2330000000
11386,932750000000,2330000000
11387,933250000000,2330000000
11388,933750000000,2330000000
11389,934250000000,2330000000
11390,934750000000,2330000000
11391,935250000000,2330000000
11392,935750000000,2330000000
11393,936250000000,2330000000
11394,936750000000,2330000000
11395,937250000000,2330000000
11396,937750000000,2330000000
11397,938250000000,2330000000
11398,938750000000,2330000000
11399,939250000000,2330000000
11400,939750000000,2330000000
11401,940250000000,2330000000
11402,940750000000,2330000000
11403,941250000000,2330000000
11404,941750000000,2330000000
11405,942250000000,2330000000
11406,942750000000,2330000000
11407,943250000000,2330000000
11408,943750000000,2330000000
11409,944250000000,2330000000
11410,944750000000,2330000000
11411,945250000000,2330000000
11412,945750000000,2330000000
11413,946250000000,2330000000
11414,946750000000,2330000000
11415,947250000000,2330000000
11416,947750000000,2330000000
11417,948250000000,2330000000
11418,948750000000,2330000000
11419,949250000000,2330000000
11420,949750000000,2330000000
11421,950250000000,2330000000
11422,950750000000,2330000000
11423,951250000000,2330000000
11424,951750000000,2330000000
11425,952250000000,2330000000
11426,952750000000,2340000000
11427,953250000000,2340000000
11428,953750000000,2340000000
11429,954250000000,2340000000
11430,954750000000,2340000000
11431,955250000000,2340000000
11432,955750000000,2340000000
11433,956250000000,2340000000
11434,956750000000,2340000000
11435,957250000000,2340000000
11436,957750000000,2340000000
11437,958250000000,2340000000
11438,958750000000,2340000000
11439,959250000000,2340000000
11440,959750000000,2340000000
11441,960250000000,2340000000
11442,960750000000,2340000000
11443,961250000000,2340000000
11444,961750000000,2340000000
11445,962250000000,2340000000
11446,962750000000,2340000000
11447,963250000000,2340000000
11448,963750000000,2340000000
11449,964250000000,2340000000
11450,964750000000,2340000000
11451,965250000000,2340000000
11452,965750000000,2340000000
11453,966250000000,2340000000
11454,966750000000,2340000000
11455,967250000000,2340000000
11456,967750000000,2340000000
11457,968250000000,2340000000
11458,968750000000,2340000000
11459,969250000000,2340000000
11460,969750000000,2340000000
11461,970250000000,2340000000
11462,970750000000,2340000000
11463,971250000000,2340000000
11464,971750000000,2340000000
11465,972250000000,2340000000
11466,972750000000,2340000000
11467,973250000000,2340000000
11468,973750000000,2340000000
11469,974250000000,2340000000
11470,974750000000,2340000000
11471,975250000000,2340000000
11472,975750000000,2340000000
11473,976250000000,2340000000
11474,976750000000,2340000000
11475,977250000000,2350000000
11476,977750000000,2350000000
11477,978250000000,2350000000
11478,978750000000,2350000000
11479,979250000000,2350000000
11480,979750000000,2350000000
11481,980250000000,2350000000
11482,980750000000,2350000000
11483,981250000000,2350000000
11484,981750000000,2350000000
11485,982250000000,2350000000
11486,982750000000,2350000000
11487,983250000000,2350000000
11488,983750000000,2350000000
11489,984250000000,2350000000
11490,984750000000,2350000000
11491,985250000000,2350000000
11492,985750000000,2350000000
11493,986250000000,2350000000
11494,986750000000,2350000000
11495,987250000000,2350000000
11496,987750000000,2350000000
11497,988250000000,2350000000
11498,988750000000,2350000000
11499,989250000000,2350000000
11500,989750000000,2350000000
11501,990250000000,2350000000
11502,990750000000,2350000000
11503,991250000000,2350000000
11504,991750000000,2350000000
11505,992250000000,2350000000
11506,992750000000,2350000000
11507,993250000000,2350000000
11508,993750000000,2350000000
11509,994250000000,2350000000
11510,994750000000,2350000000
11511,995250000000,2350000000
11512,995750000000,2350000000
11513,996250000000,2350000000
11514,996750000000,2350000000
11515,997250000000,2350000000
11516,997750000000,2350000000
11517,998250000000,2350000000
11518,998750000000,2350000000
11519,999250000000,2350000000
11520,999750000000,2350000000
11521,1000250000000,2350000000
11522,1000750000000,2350000000
11523,1001250000000,2350000000
11524,1001750000000,2360000000
11525,1002250000000,2360000000
11526,1002750000000,2360000000
11527,1003250000000,2360000000
11528,1003750000000,2360000000
11529,1004250000000,2360000000
11530,1004750000000,2360000000
11531,1005250000000,2360000000
11532,1005750000000,2360000000
11533,1006250000000,2360000000
11534,1006750000000,2360000000
11535,1007250000000,2360000000
11536,1007750000000,2360000000
11537,1008250000000,2360000000
11538,1008750000000,2360000000
11539,1009250000000,2360000000
11540,1009750000000,2360000000
11541,1010250000000,2360000000
11542,1010750000000,2360000000
11543,1011250000000,2360000000
11544,1011750000000,2360000000
11545,1012250000000,2360000000
11546,1012750000000,2360000000
11547,1013250000000,2360000000
11548,1013750000000,2360000000
11549,1014250000000,2360000000
11550,1014750000000,2360000000
11551,1015250000000,2360000000
11552,1015750000000,2360000000
11553,1016250000000,2360000000
11554,1016750000000,2360000000
11555,1017250000000,2360000000
11556,1017750000000,2360000000
11557,1018250000000,2360000000
11558,1018750000000,2360000000
11559,1019250000000,2360000000
11560,1019750000000,2360000000
11561,1020250000000,2360000000
11562,1020750000000,2360000000
11563,1021250000000,2360000000
11564,1021750000000,2360000000
11565,1022250000000,2360000000
11566,1022750000000,2360000000
11567,1023250000000,2360000000
11568,1023750000000,2360000000
11569,1024250000000,2360000000
11570,1024750000000,2360000000
11571,1025250000000,2360000000
11572,1025750000000,2360000000
11573,1026250000000,2370000000
11574,1026750000000,2370000000
11575,1027250000000,2370000000
11576,1027750000000,2370000000
11577,1028250000000,2370000000
11578,1028750000000,2370000000
11579,1029250000000,2370000000
11580,1029750000000,2370000000
11581,1030250000000,2370000000
11582,1030750000000,2370000000
11583,1031250000000,2370000000
11584,1031750000000,2370000000
11585,1032250000000,2370000000
11586,1032750000000,2370000000
11587,1033250000000,2370000000
11588,1033750000000,2370000000
11589,1034250000000,2370000000
11590,1034750000000,2370000000
11591,1035250000000,2370000000
11592,1035750000000,2370000000
11593,1036250000000,2370000000
11594,1036750000000,2370000000
11595,1037250000000,2370000000
11596,1037750000000,2370000000
11597,1038250000000,2370000000
11598,1038750000000,2370000000
11599,1039250000000,2370000000
11600,1039750000000,2370000000
11601,1040250000000,2370000000
11602,1040750000000,2370000000
11603,1041250000000,2370000000
11604,1041750000000,2370000000
11605,1042250000000,2370000000
11606,1042750000000,2370000000
11607,1043250000000,2370000000
11608,1043750000000,2370000000
11609,1044250000000,2370000000
11610,1044750000000,2370000000
11611,1045250000000,2370000000
11612,1045750000000,2370000000
11613,1046250000000,2370000000
11614,1046750000000,2370000000
11615,1047250000000,2370000000
11616,1047750000000,2370000000
11617,1048250000000,2370000000
11618,1048750000000,2370000000
11619,1049250000000,2370000000
11620,1049750000000,2370000000
11621,1050250000000,2370000000
11622,1050750000000,2380000000
11623,1051250000000,2380000000
11624,1051750000000,2380000000
11625,1052250000000,2380000000
11626,1052750000000,2380000000
11627,1053250000000,2380000000
11628,1053750000000,2380000000
11629,1054250000000,2380000000
11630,1054750000000,2380000000
11631,1055250000000,2380000000
11632,1055750000000,2380000000
11633,1056250000000,2380000000
11634,1056750000000,2380000000
11635,1057250000000,2380000000
11636,1057750000000,2380000000
11637,1058250000000,2380000000
11638,1058750000000,2380000000
11639,1059250000000,2380000000
11640,1059750000000,2380000000
11641,1060250000000,2380000000
11642,1060750000000,2380000000
11643,1061250000000,2380000000
11644,1061750000000,2380000000
11645,1062250000000,2380000000
11646,1062750000000,2380000000
11647,1063250000000,2380000000
11648,1063750000000,2380000000
11649,1064250000000,2380000000
11650,1064750000000,2380000000
11651,1065250000000,2380000000
11652,1065750000000,2380000000
11653,1066250000000,2380000000
11654,1066750000000,2380000000
11655,1067250000000,2380000000
11656,1067750000000,2380000000
11657,1068250000000,2380000000
11658,1068750000000,2380000000
11659,1069250000000,2380000000
11660,1069750000000,2380000000
11661,1070250000000,2380000000
11662,1070750000000,2380000000
11663,1071250000000,2380000000
11664,1071750000000,2380000000
11665,1072250000000,2380000000
11666,1072750000000,2380000000
11667,1073250000000,2380000000
11668,1073750000000,2380000000
11669,1074250000000,2380000000
11670,1074750000000,2390000000
11671,1075250000000,2390000000
11672,1075750000000,2390000000
11673,1076250000000,2390000000
11674,1076750000000,2390000000
11675,1077250000000,2390000000
11676,1077750000000,2390000000
11677,1078250000000,2390000000
11678,1078750000000,2390000000
11679,1079250000000,2390000000
11680,1079750000000,2390000000
11681,1080250000000,2390000000
11682,1080750000000,2390000000
11683,1081250000000,2390000000
11684,1081750000000,2390000000
11685,1082250000000,2390000000
11686,1082750000000,2390000000
11687,1083250000000,2390000000
11688,1083750000000,2390000000
11689,1084250000000,2390000000
11690,1084750000000,2390000000
11691,1085250000000,2390000000
11692,1085750000000,2390000000
11693,1086250000000,2390000000
11694,1086750000000,2390000000
11695,1087250000000,2390000000
11696,1087750000000,2390000000
11697,1088250000000,2390000000
11698,1088750000000,2390000000
11699,1089250000000,2390000000
11700,1089750000000,2390000000
11701,1090250000000,2390000000
11702,1090750000000,2390000000
11703,1091250000000,2390000000
11704,1091750000000,2390000000
11705,1092250000000,2390000000
11706,1092750000000,2390000000
11707,1093250000000,2390000000
11708,1093750000000,2390000000
11709,1094250000000,2390000000
11710,1094750000000,2390000000
11711,1095250000000,2390000000
11712,1095750000000,2390000000
11713,1096250000000,2390000000
11714,1096750000000,2390000000
11715,1097250000000,2390000000
11716,1097750000000,2390000000
11717,1098250000000,2390000000
11718,1098750000000,2390000000
11719,1099250000000,2400000000
11720,1099750000000,2400000000
11721,1100250000000,2400000000
11722,1100750000000,2400000000
11723,1101250000000,2400000000
11724,1101750000000,2400000000
11725,1102250000000,2400000000
11726,1102750000000,2400000000
11727,1103250000000,2400000000
11728,1103750000000,2400000000
11729,1104250000000,2400000000
11730,1104750000000,2400000000
11731,1105250000000,2400000000
11732,1105750000000,2400000000
11733,1106250000000,2400000000
11734,1106750000000,2400000000
11735,1107250000000,2400000000
11736,1107750000000,2400000000
11737,1108250000000,2400000000
11738,1108750000000,2400000000
11739,1109250000000,2400000000
11740,1109750000000,2400000000
11741,1110250000000,2400000000
11742,1110750000000,2400000000
11743,1111250000000,2400000000
11744,1111750000000,2400000000
11745,1112250000000,2400000000
11746,1112750000000,2400000000
11747,1113250000000,2400000000
11748,1113750000000,2400000000
11749,1114250000000,2400000000
11750,1114750000000,2400000000
11751,1115250000000,2400000000
11752,1115750000000,2400000000
11753,1116250000000,2400000000
11754,1116750000000,2400000000
11755,1117250000000,2400000000
11756,1117750000000,2400000000
11757,1118250000000,2400000000
11758,1118750000000,2400000000
11759,1119250000000,2400000000
11760,1119750000000,2400000000
11761,1120250000000,2400000000
11762,1120750000000,2400000000
11763,1121250000000,2400000000
11764,1121750000000,2400000000
11765,1122250000000,2400000000
11766,1122750000000,2400000000
11767,1123250000000,2400000000
11768,1123750000000,2410000000
11769,1124250000000,2410000000
11770,1124750000000,2410000000
11771,1125250000000,2410000000
11772,1125750000000,2410000000
11773,1126250000000,2410000000
11774,1126750000000,2410000000
11775,1127250000000,2410000000
11776,1127750000000,2410000000
11777,1128250000000,2410000000
11778,1128750000000,2410000000
11779,1129250000000,2410000000
11780,1129750000000,2410000000
11781,1130250000000,2410000000
11782,1130750000000,2410000000
11783,1131250000000,2410000000
11784,1131750000000,2410000000
11785,1132250000000,2410000000
11786,1132750000000,2410000000
11787,1133250000000,2410000000
11788,1133750000000,2410000000
11789,1134250000000,2410000000
11790,1134750000000,2410000000
11791,1135250000000,2410000000
11792,1135750000000,2410000000
11793,1136250000000,2410000000
11794,1136750000000,2410000000
11795,1137250000000,2410000000
11796,1137750000000,2410000000
11797,1138250000000,2410000000
11798,1138750000000,2410000000
11799,1139250000000,2410000000
11800,1139750000000,2410000000
11801,1140250000000,2410000000
11802,1140750000000,2410000000
11803,1141250000000,2410000000
11804,1141750000000,2410000000
11805,1142250000000,2410000000
11806,1142750000000,2410000000
11807,1143250000000,2410000000
11808,1143750000000,2410000000
11809,1144250000000,2410000000
11810,1144750000000,2410000000
11811,1145250000000,2410000000
11812,1145750000000,2410000000
11813,1146250000000,2410000000
11814,1146750000000,2410000000
11815,1147250000000,2410000000
11816,1147750000000,2410000000
11817,1148250000000,2420000000
11818,1148750000000,2420000000
11819,1149250000000,2420000000
11820,1149750000000,2420000000
11821,1150250000000,2420000000
11822,1150750000000,2420000000
11823,1151250000000,2420000000
11824,1151750000000,2420000000
11825,1152250000000,2420000000
11826,1152750000000,2420000000
11827,1153250000000,2420000000
11828,1153750000000,2420000000
11829,1154250000000,2420000000
11830,1154750000000,2420000000
11831,1155250000000,2420000000
11832,1155750000000,2420000000
11833,1156250000000,2420000000
11834,1156750000000,2420000000
11835,1157250000000,2420000000
11836,1157750000000,2420000000
11837,1158250000000,2420000000
11838,1158750000000,2420000000
11839,1159250000000,2420000000
11840,1159750000000,2420000000
11841,1160250000000,2420000000
11842,1160750000000,2420000000
11843,1161250000000,2420000000
11844,1161750000000,2420000000
11845,1162250000000,2420000000
11846,1162750000000,2420000000
11847,1163250000000,2420000000
11848,1163750000000,2420000000
11849,1164250000000,2420000000
11850,1164750000000,2420000000
11851,1165250000000,2420000000
11852,1165750000000,2420000000
11853,1166250000000,2420000000
11854,1166750000000,2420000000
11855,1167250000000,2420000000
11856,1167750000000,2420000000
11857,1168250000000,2420000000
11858,1168750000000,2420000000
11859,1169250000000,2420000000
11860,1169750000000,2420000000
11861,1170250000000,2420000000
11862,1170750000000,2420000000
11863,1171250000000,2420000000
11864,1171750000000,2420000000
11865,1172250000000,2420000000
11866,1172750000000,2430000000
11867,1173250000000,2430000000
11868,1173750000000,2430000000
11869,1174250000000,2430000000
11870,1174750000000,2430000000
11871,1175250000000,2430000000
11872,1175750000000,2430000000
11873,1176250000000,2430000000
11874,1176750000000,2430000000
11875,1177250000000,2430000000
11876,1177750000000,2430000000
11877,1178250000000,2430000000
11878,1178750000000,2430000000
11879,1179250000000,2430000000
11880,1179750000000,2430000000
11881,1180250000000,2430000000
11882,1180750000000,2430000000
11883,1181250000000,2430000000
11884,1181750000000,2430000000
11885,1182250000000,2430000000
11886,1182750000000,2430000000
11887,1183250000000,2430000000
11888,1183750000000,2430000000
11889,1184250000000,2430000000
11890,1184750000000,2430000000
11891,1185250000000,2430000000
11892,1185750000000,2430000000
11893,1186250000000,2430000000
11894,1186750000000,2430000000
11895,1187250000000,2430000000
11896,1187750000000,2430000000
11897,1188250000000,2430000000
11898,1188750000000,2430000000
11899,1189250000000,2430000000
11900,1189750000000,2430000000
11901,1190250000000,2430000000
11902,1190750000000,2430000000
11903,1191250000000,2430000000
11904,1191750000000,2430000000
11905,1192250000000,2430000000
11906,1192750000000,2430000000
11907,1193250000000,2430000000
11908,1193750000000,2430000000
11909,1194250000000,2430000000
11910,1194750000000,2430000000
11911,1195250000000,2430000000
11912,1195750000000,2430000000
11913,1196250000000,2430000000
11914,1196750000000,2430000000
11915,1197250000000,2440000000
11916,1197750000000,2440000000
11917,1198250000000,2440000000
11918,1198750000000,2440000000
11919,1199250000000,2440000000
11920,1199750000000,2440000000
11921,1200250000000,2440000000
11922,1200750000000,2440000000
11923,1201250000000,2440000000
11924,1201750000000,2440000000
11925,1202250000000,2440000000
11926,1202750000000,2440000000
11927,1203250000000,2440000000
11928,1203750000000,2440000000
11929,1204250000000,2440000000
11930,1204750000000,2440000000
11931,1205250000000,2440000000
11932,1205750000000,2440000000
11933,1206250000000,2440000000
11934,1206750000000,2440000000
11935,1207250000000,2440000000
11936,1207750000000,2440000000
11937,1208250000000,2440000000
11938,1208750000000,2440000000
11939,1209250000000,2440000000
11940,1209750000000,2440000000
11941,1210250000000,2440000000
11942,1210750000000,2440000000
11943,1211250000000,2440000000
11944,1211750000000,2440000000
11945,1212250000000,2440000000
11946,1212750000000,2440000000
11947,1213250000000,2440000000
11948,1213750000000,2440000000
11949,1214250000000,2440000000
11950,1214750000000,2440000000
11951,1215250000000,2440000000
11952,1215750000000,2440000000
11953,1216250000000,2440000000
11954,1216750000000,2440000000
11955,1217250000000,2440000000
11956,1217750000000,2440000000
11957,1218250000000,2440000000
11958,1218750000000,2440000000
11959,1219250000000,2440000000
11960,1219750000000,2440000000
11961,1220250000000,2440000000
11962,1220750000000,2440000000
11963,1221250000000,2450000000
11964,1221750000000,2450000000
11965,1222250000000,2450000000
11966,1222750000000,2450000000
11967,1223250000000,2450000000
11968,1223750000000,2450000000
11969,1224250000000,2450000000
11970,1224750000000,2450000000
11971,1225250000000,2450000000
11972,1225750000000,2450000000
11973,1226250000000,2450000000
11974,1226750000000,2450000000
11975,1227250000000,2450000000
11976,1227750000000,2450000000
11977,1228250000000,2450000000
11978,1228750000000,2450000000
11979,1229250000000,2450000000
11980,1229750000000,2450000000
11981,1230250000000,2450000000
11982,1230750000000,2450000000
11983,1231250000000,2450000000
11984,1231750000000,2450000000
11985,1232250000000,2450000000
11986,1232750000000,2450000000
11987,1233250000000,2450000000
11988,1233750000000,2450000000
11989,1234250000000,2450000000
11990,1234750000000,2450000000
11991,1235250000000,2450000000
11992,1235750000000,2450000000
11993,1236250000000,2450000000
11994,1236750000000,2450000000
11995,1237250000000,2450000000
11996,1237750000000,2450000000
11997,1238250000000,2450000000
11998,1238750000000,2450000000
11999,1239250000000,2450000000
12000,1239750000000,2450000000
12001,1240250000000,2450000000
12002,1240750000000,2450000000
12003,1241250000000,2450000000
12004,1241750000000,2450000000
12005,1242250000000,2450000000
12006,1242750000000,2450000000
12007,1243250000000,2450000000
12008,1243750000000,2450000000
12009,1244250000000,2450000000
12010,1244750000000,2450000000
12011,1245250000000,2450000000
12012,1245750000000,2460000000
12013,1246250000000,2460000000
12014,1246750000000,2460000000
12015,1247250000000,2460000000
12016,1247750000000,2460000000
12017,1248250000000,2460000000
12018,1248750000000,2460000000
12019,1249250000000,2460000000
12020,1249750000000,2460000000
12021,1250250000000,2460000000
12022,1250750000000,2460000000
12023,1251250000000,2460000000
12024,1251750000000,2460000000
12025,1252250000000,2460000000
12026,1252750000000,2460000000
12027,1253250000000,2460000000
12028,1253750000000,2460000000
12029,1254250000000,2460000000
12030,1254750000000,2460000000
12031,1255250000000,2460000000
12032,1255750000000,2460000000
12033,1256250000000,2460000000
12034,1256750000000,2460000000
12035,1257250000000,2460000000
12036,1257750000000,2460000000
12037,1258250000000,2460000000
12038,1258750000000,2460000000
12039,1259250000000,2460000000
12040,1259750000000,2460000000
12041,1260250000000,2460000000
12042,1260750000000,2460000000
12043,1261250000000,2460000000
12044,1261750000000,2460000000
12045,1262250000000,2460000000
12046,1262750000000,2460000000
12047,1263250000000,2460000000
12048,1263750000000,2460000000
12049,1264250000000,2460000000
12050,1264750000000,2460000000
12051,1265250000000,2460000000
12052,1265750000000,2460000000
12053,1266250000000,2460000000
12054,1266750000000,2460000000
12055,1267250000000,2460000000
12056,1267750000000,2460000000
12057,1268250000000,2460000000
12058,1268750000000,2460000000
12059,1269250000000,2460000000
12060,1269750000000,2460000000
12061,1270250000000,2470000000
12062,1270750000000,2470000000
12063,1271250000000,2470000000
12064,1271750000000,2470000000
12065,1272250000000,2470000000
12066,1272750000000,2470000000
12067,1273250000000,2470000000
12068,1273750000000,2470000000
12069,1274250000000,2470000000
12070,1274750000000,2470000000
12071,1275250000000,2470000000
12072,1275750000000,2470000000
12073,1276250000000,2470000000
12074,1276750000000,2470000000
12075,1277250000000,2470000000
12076,1277750000000,2470000000
12077,1278250000000,2470000000
12078,1278750000000,2470000000
12079,1279250000000,2470000000
12080,1279750000000,2470000000
12081,1280250000000,2470000000
12082,1280750000000,2470000000
12083,1281250000000,2470000000
12084,1281750000000,2470000000
12085,1282250000000,2470000000
12086,1282750000000,2470000000
12087,1283250000000,2470000000
12088,1283750000000,2470000000
12089,1284250000000,2470000000
12090,1284750000000,2470000000
12091,1285250000000,2470000000
12092,1285750000000,2470000000
12093,1286250000000,2470000000
12094,1286750000000,2470000000
12095,1287250000000,2470000000
12096,1287750000000,2470000000
12097,1288250000000,2470000000
12098,1288750000000,2470000000
12099,1289250000000,2470000000
12100,1289750000000,2470000000
12101,1290250000000,2470000000
12102,1290750000000,2470000000
12103,1291250000000,2470000000
12104,1291750000000,2470000000
12105,1292250000000,2470000000
12106,1292750000000,2470000000
12107,1293250000000,2470000000
12108,1293750000000,2470000000
12109,1294250000000,2470000000
12110,1294750000000,2480000000
12111,1295250000000,2480000000
12112,1295750000000,2480000000
12113,1296250000000,2480000000
12114,1296750000000,2480000000
12115,1297250000000,2480000000
12116,1297750000000,2480000000
12117,1298250000000,2480000000
12118,1298750000000,2480000000
12119,1299250000000,2480000000
12120,1299750000000,2480000000
12121,1300250000000,2480000000
12122,1300750000000,2480000000
12123,1301250000000,2480000000
12124,1301750000000,2480000000
12125,1302250000000,2480000000
12126,1302750000000,2480000000
12127,1303250000000,2480000000
12128,1303750000000,2480000000
12129,1304250000000,2480000000
12130,1304750000000,2480000000
12131,1305250000000,2480000000
12132,1305750000000,2480000000
12133,1306250000000,2480000000
12134,1306750000000,2480000000
12135,1307250000000,2480000000
12136,1307750000000,2480000000
12137,1308250000000,2480000000
12138,1308750000000,2480000000
12139,1309250000000,2480000000
12140,1309750000000,2480000000
12141,1310250000000,2480000000
12142,1310750000000,2480000000
12143,1311250000000,2480000000
12144,1311750000000,2480000000
12145,1312250000000,2480000000
12146,1312750000000,2480000000
12147,1313250000000,2480000000
12148,1313750000000,2480000000
12149,1314250000000,2480000000
12150,1314750000000,2480000000
12151,1315250000000,2480000000
12152,1315750000000,2480000000
12153,1316250000000,2480000000
12154,1316750000000,2480000000
12155,1317250000000,2480000000
12156,1317750000000,2480000000
12157,1318250000000,2480000000
12158,1318750000000,2480000000
12159,1319250000000,2490000000
12160,1319750000000,2490000000
12161,1320250000000,2490000000
12162,1320750000000,2490000000
12163,1321250000000,2490000000
12164,1321750000000,2490000000
12165,1322250000000,2490000000
12166,1322750000000,2490000000
12167,1323250000000,2490000000
12168,1323750000000,2490000000
12169,1324250000000,2490000000
12170,1324750000000,2490000000
12171,1325250000000,2490000000
12172,1325750000000,2490000000
12173,1326250000000,2490000000
12174,1326750000000,2490000000
12175,1327250000000,2490000000
12176,1327750000000,2490000000
12177,1328250000000,2490000000
12178,1328750000000,2490000000
12179,1329250000000,2490000000
12180,1329750000000,2490000000
12181,1330250000000,2490000000
12182,1330750000000,2490000000
12183,1331250000000,2490000000
12184,1331750000000,2490000000
12185,1332250000000,2490000000
12186,1332750000000,2490000000
12187,1333250000000,2490000000
12188,1333750000000,2490000000
12189,1334250000000,2490000000
12190,1334750000000,2490000000
12191,1335250000000,2490000000
12192,1335750000000,2490000000
12193,1336250000000,2490000000
12194,1336750000000,2490000000
12195,1337250000000,2490000000
12196,1337750000000,2490000000
12197,1338250000000,2490000000
12198,1338750000000,2490000000
12199,1339250000000,2490000000
12200,1339750000000,2490000000
12201,1340250000000,2490000000
12202,1340750000000,2490000000
12203,1341250000000,2490000000
12204,1341750000000,2490000000
12205,1342250000000,2490000000
12206,1342750000000,2490000000
12207,1343250000000,2490000000
12208,1343750000000,2500000000
12209,1344250000000,2500000000
12210,1344750000000,2500000000
12211,1345250000000,2500000000
12212,1345750000000,2500000000
12213,1346250000000,2500000000
12214,1346750000000,2500000000
12215,1347250000000,2500000000
12216,1347750000000,2500000000
12217,1348250000000,2500000000
12218,1348750000000,2500000000
12219,1349250000000,2500000000
12220,1349750000000,2500000000
12221,1350250000000,2500000000
12222,1350750000000,2500000000
12223,1351250000000,2500000000
12224,1351750000000,2500000000
12225,1352250000000,2500000000
12226,1352750000000,2500000000
12227,1353250000000,2500000000
12228,1353750000000,2500000000
12229,1354250000000,2500000000
12230,1354750000000,2500000000
12231,1355250000000,2500000000
12232,1355750000000,2500000000
12233,1356250000000,2500000000
12234,1356750000000,2500000000
12235,1357250000000,2500000000
12236,1357750000000,2500000000
12237,1358250000000,2500000000
12238,1358750000000,2500000000
12239,1359250000000,2500000000
12240,1359750000000,2500000000
12241,1360250000000,2500000000
12242,1360750000000,2500000000
12243,1361250000000,2500000000
12244,1361750000000,2500000000
12245,1362250000000,2500000000
12246,1362750000000,2500000000
12247,1363250000000,2500000000
12248,1363750000000,2500000000
12249,1364250000000,2500000000
12250,1364750000000,2500000000
12251,1365250000000,2500000000
12252,1365750000000,2500000000
12253,1366250000000,2500000000
12254,1366750000000,2500000000
12255,1367250000000,2500000000
12256,1367750000000,2510000000
12257,1368250000000,2510000000
12258,1368750000000,2510000000
12259,1369250000000,2510000000
12260,1369750000000,2510000000
12261,1370250000000,2510000000
12262,1370750000000,2510000000
12263,1371250000000,2510000000
12264,1371750000000,2510000000
12265,1372250000000,2510000000
12266,1372750000000,2510000000
12267,1373250000000,2510000000
12268,1373750000000,2510000000
12269,1374250000000,2510000000
12270,1374750000000,2510000000
12271,1375250000000,2510000000
12272,1375750000000,2510000000
12273,1376250000000,2510000000
12274,1376750000000,2510000000
12275,1377250000000,2510000000
12276,1377750000000,2510000000
12277,1378250000000,2510000000
12278,1378750000000,2510000000
12279,1379250000000,2510000000
12280,1379750000000,2510000000
12281,1380250000000,2510000000
12282,1380750000000,2510000000
12283,1381250000000,2510000000
12284,1381750000000,2510000000
12285,1382250000000,2510000000
12286,1382750000000,2510000000
12287,1383250000000,2510000000
12288,1383750000000,2510000000
12289,1384250000000,2510000000
12290,1384750000000,2510000000
12291,1385250000000,2510000000
12292,1385750000000,2510000000
12293,1386250000000,2510000000
12294,1386750000000,2510000000
12295,1387250000000,2510000000
12296,1387750000000,2510000000
12297,1388250000000,2510000000
12298,1388750000000,2510000000
12299,1389250000000,2510000000
12300,1389750000000,2510000000
12301,1390250000000,2510000000
12302,1390750000000,2510000000
12303,1391250000000,2510000000
12304,1391750000000,2510000000
12305,1392250000000,2520000000
12306,1392750000000,2520000000
12307,1393250000000,2520000000
12308,1393750000000,2520000000
12309,1394250000000,2520000000
12310,1394750000000,2520000000
12311,1395250000000,2520000000
12312,1395750000000,2520000000
12313,1396250000000,2520000000
12314,1396750000000,2520000000
12315,1397250000000,2520000000
12316,1397750000000,2520000000
12317,1398250000000,2520000000
12318,1398750000000,2520000000
12319,1399250000000,2520000000
12320,1399750000000,2520000000
12321,1400250000000,2520000000
12322,1400750000000,2520000000
12323,1401250000000,2520000000
12324,1401750000000,2520000000
12325,1402250000000,2520000000
12326,1402750000000,2520000000
12327,1403250000000,2520000000
12328,1403750000000,2520000000
12329,1404250000000,2520000000
12330,1404750000000,2520000000
12331,1405250000000,2520000000
12332,1405750000000,2520000000
12333,1406250000000,2520000000
12334,1406750000000,2520000000
12335,1407250000000,2520000000
12336,1407750000000,2520000000
12337,1408250000000,2520000000
12338,1408750000000,2520000000
12339,1409250000000,2520000000
12340,1409750000000,2520000000
12341,1410250000000,2520000000
12342,1410750000000,2520000000
12343,1411250000000,2520000000
12344,1411750000000,2520000000
12345,1412250000000,2520000000
12346,1412750000000,2520000000
12347,1413250000000,2520000000
12348,1413750000000,2520000000
12349,1414250000000,2520000000
12350,1414750000000,2520000000
12351,1415250000000,2520000000
12352,1415750000000,2520000000
12353,1416250000000,2520000000
12354,1416750000000,2530000000
12355,1417250000000,2530000000
12356,1417750000000,2530000000
12357,1418250000000,2530000000
12358,1418750000000,2530000000
12359,1419250000000,2530000000
12360,1419750000000,2530000000
12361,1420250000000,2530000000
12362,1420750000000,2530000000
12363,1421250000000,2530000000
12364,1421750000000,2530000000
12365,1422250000000,2530000000
12366,1422750000000,2530000000
12367,1423250000000,2530000000
12368,1423750000000,2530000000
12369,1424250000000,2530000000
12370,1424750000000,2530000000
12371,1425250000000,2530000000
12372,1425750000000,2530000000
12373,1426250000000,2530000000
12374,1426750000000,2530000000
12375,1427250000000,2530000000
12376,1427750000000,2530000000
12377,1428250000000,2530000000
12378,1428750000000,2530000000
12379,1429250000000,2530000000
12380,1429750000000,2530000000
12381,1430250000000,2530000000
12382,1430750000000,2530000000
12383,1431250000000,2530000000
12384,1431750000000,2530000000
12385,1432250000000,2530000000
12386,1432750000000,2530000000
12387,1433250000000,2530000000
12388,1433750000000,2530000000
12389,1434250000000,2530000000
12390,1434750000000,2530000000
12391,1435250000000,2530000000
12392,1435750000000,2530000000
12393,1436250000000,2530000000
12394,1436750000000,2530000000
12395,1437250000000,2530000000
12396,1437750000000,2530000000
12397,1438250000000,2530000000
12398,1438750000000,2530000000
12399,1439250000000,2530000000
12400,1439750000000,2530000000
12401,1440250000000,2530000000
12402,1440750000000,2530000000
12403,1441250000000,2540000000
12404,1441750000000,2540000000
12405,1442250000000,2540000000
12406,1442750000000,2540000000
12407,1443250000000,2540000000
12408,1443750000000,2540000000
12409,1444250000000,2540000000
12410,1444750000000,2540000000
12411,1445250000000,2540000000
12412,1445750000000,2540000000
12413,1446250000000,2540000000
12414,1446750000000,2540000000
12415,1447250000000,2540000000
12416,1447750000000,2540000000
12417,1448250000000,2540000000
12418,1448750000000,2540000000
12419,1449250000000,2540000000
12420,1449750000000,2540000000
12421,1450250000000,2540000000
12422,1450750000000,2540000000
12423,1451250000000,2540000000
12424,1451750000000,2540000000
12425,1452250000000,2540000000
12426,1452750000000,2540000000
12427,1453250000000,2540000000
12428,1453750000000,2540000000
12429,1454250000000,2540000000
12430,1454750000000,2540000000
12431,1455250000000,2540000000
12432,1455750000000,2540000000
12433,1456250000000,2540000000
12434,1456750000000,2540000000
12435,1457250000000,2540000000
12436,1457750000000,2540000000
12437,1458250000000,2540000000
12438,1458750000000,2540000000
12439,1459250000000,2540000000
12440,1459750000000,2540000000
12441,1460250000000,2540000000
12442,1460750000000,2540000000
12443,1461250000000,2540000000
12444,1461750000000,2540000000
12445,1462250000000,2540000000
12446,1462750000000,2540000000
12447,1463250000000,2540000000
12448,1463750000000,2540000000
12449,1464250000000,2540000000
12450,1464750000000,2540000000
12451,1465250000000,2540000000
12452,1465750000000,2550000000
12453,1466250000000,2550000000
12454,1466750000000,2550000000
12455,1467250000000,2550000000
12456,1467750000000,2550000000
12457,1468250000000,2550000000
12458,1468750000000,2550000000
12459,1469250000000,2550000000
12460,1469750000000,2550000000
12461,1470250000000,2550000000
12462,1470750000000,2550000000
12463,1471250000000,2550000000
12464,1471750000000,2550000000
12465,1472250000000,2550000000
12466,1472750000000,2550000000
12467,1473250000000,2550000000
12468,1473750000000,2550000000
12469,1474250000000,2550000000
12470,1474750000000,2550000000
12471,1475250000000,2550000000
12472,1475750000000,2550000000
12473,1476250000000,2550000000
12474,1476750000000,2550000000
12475,1477250000000,2550000000
12476,1477750000000,2550000000
12477,1478250000000,2550000000
12478,1478750000000,2550000000
12479,1479250000000,2550000000
12480,1479750000000,2550000000
12481,1480250000000,2550000000
12482,1480750000000,2550000000
12483,1481250000000,2550000000
12484,1481750000000,2550000000
12485,1482250000000,2550000000
12486,1482750000000,2550000000
12487,1483250000000,2550000000
12488,1483750000000,2550000000
12489,1484250000000,2550000000
12490,1484750000000,2550000000
12491,1485250000000,2550000000
12492,1485750000000,2550000000
12493,1486250000000,2550000000
12494,1486750000000,2550000000
12495,1487250000000,2550000000
12496,1487750000000,2550000000
12497,1488250000000,2550000000
12498,1488750000000,2550000000
12499,1489250000000,2550000000
12500,1489750000000,2560000000
12501,1492250000000,2560000000
12502,1494750000000,2560000000
12503,1497250000000,2560000000
12504,1499750000000,2560000000
12505,1502250000000,2560000000
12506,1507250000000,2560000000
12507,1512250000000,2560000000
12508,1517250000000,2560000000
12509,1522250000000,2560000000
12510,1527250000000,2560000000
12511,1532250000000,2560000000
12512,1537250000000,2560000000
12513,1542250000000,2560000000
12514,1547250000000,2560000000
12515,1552250000000,2560000000
12516,1557250000000,2560000000
12517,1562250000000,2560000000
12518,1567250000000,2560000000
12519,1572250000000,2560000000
12520,1577250000000,2560000000
12521,1582250000000,2560000000
12522,1587250000000,2560000000
12523,1592250000000,2560000000
12524,1597250000000,2560000000
12525,1602250000000,2560000000
12526,1607250000000,2560000000
12527,1612250000000,2560000000
12528,1617250000000,2560000000
12529,1622250000000,2560000000
12530,1627250000000,2560000000
12531,1632250000000,2560000000
12532,1637250000000,2560000000
12533,1642250000000,2560000000
12534,1647250000000,2560000000
12535,1652250000000,2560000000
12536,1657250000000,2560000000
12537,1662250000000,2560000000
12538,1667250000000,2560000000
12539,1672250000000,2560000000
12540,1677250000000,2560000000
12541,1682250000000,2560000000
12542,1687250000000,2560000000
12543,1692250000000,2560000000
12544,1697250000000,2560000000
12545,1702250000000,2560000000
12546,1707250000000,2560000000
12547,1712250000000,2560000000
12548,1717250000000,2560000000
12549,1722250000000,2570000000
12550,1727250000000,2570000000
12551,1732250000000,2570000000
12552,1737250000000,2570000000
12553,1742250000000,2570000000
12554,1747250000000,2570000000
12555,1752250000000,2570000000
12556,1757250000000,2570000000
12557,1762250000000,2570000000
12558,1767250000000,2570000000
12559,1772250000000,2570000000
12560,1777250000000,2570000000
12561,1782250000000,2570000000
12562,1787250000000,2570000000
12563,1792250000000,2570000000
12564,1797250000000,2570000000
12565,1802250000000,2570000000
12566,1807250000000,2570000000
12567,1812250000000,2570000000
12568,1817250000000,2570000000
12569,1822250000000,2570000000
12570,1827250000000,2570000000
12571,1832250000000,2570000000
12572,1837250000000,2570000000
12573,1842250000000,2570000000
12574,1847250000000,2570000000
12575,1852250000000,2570000000
12576,1857250000000,2570000000
12577,1862250000000,2570000000
12578,1867250000000,2570000000
12579,1872250000000,2570000000
12580,1877250000000,2570000000
12581,1882250000000,2570000000
12582,1887250000000,2570000000
12583,1892250000000,2570000000
12584,1897250000000,2570000000
12585,1902250000000,2570000000
12586,1907250000000,2570000000
12587,1912250000000,2570000000
12588,1917250000000,2570000000
12589,1922250000000,2570000000
12590,1927250000000,2570000000
12591,1932250000000,2570000000
12592,1937250000000,2570000000
12593,1942250000000,2570000000
12594,1947250000000,2570000000
12595,1952250000000,2570000000
12596,1957250000000,2570000000
12597,1962250000000,2570000000
12598,1967250000000,2580000000
12599,1972250000000,2580000000
12600,1977250000000,2580000000
12601,1982250000000,2580000000
12602,1987250000000,2580000000
12603,1992250000000,2580000000
12604,1997250000000,2580000000
12605,2002250000000,2580000000
12606,2007250000000,2580000000
12607,2012250000000,2580000000
12608,2017250000000,2580000000
12609,2022250000000,2580000000
12610,2027250000000,2580000000
12611,2032250000000,2580000000
12612,2037250000000,2580000000
12613,2042250000000,2580000000
12614,2047250000000,2580000000
12615,2052250000000,2580000000
12616,2057250000000,2580000000
12617,2062250000000,2580000000
12618,2067250000000,2580000000
12619,2072250000000,2580000000
12620,2077250000000,2580000000
12621,2082250000000,2580000000
12622,2087250000000,2580000000
12623,2092250000000,2580000000
12624,2097250000000,2580000000
12625,2102250000000,2580000000
12626,2107250000000,2580000000
12627,2112250000000,2580000000
12628,2117250000000,2580000000
12629,2122250000000,2580000000
12630,2127250000000,2580000000
12631,2132250000000,2580000000
12632,2137250000000,2580000000
12633,2142250000000,2580000000
12634,2147250000000,2580000000
12635,2152250000000,2580000000
12636,2157250000000,2580000000
12637,2162250000000,2580000000
12638,2167250000000,2580000000
12639,2172250000000,2580000000
12640,2177250000000,2580000000
12641,2182250000000,2580000000
12642,2187250000000,2580000000
12643,2192250000000,2580000000
12644,2197250000000,2580000000
12645,2202250000000,2580000000
12646,2207250000000,2580000000
12647,2212250000000,2590000000
12648,2217250000000,2590000000
12649,2222250000000,2590000000
12650,2227250000000,2590000000
12651,2232250000000,2590000000
12652,2237250000000,2590000000
12653,2242250000000,2590000000
12654,2247250000000,2590000000
12655,2252250000000,2590000000
12656,2257250000000,2590000000
12657,2262250000000,2590000000
12658,2267250000000,2590000000
12659,2272250000000,2590000000
12660,2277250000000,2590000000
12661,2282250000000,2590000000
12662,2287250000000,2590000000
12663,2292250000000,2590000000
12664,2297250000000,2590000000
12665,2302250000000,2590000000
12666,2307250000000,2590000000
12667,2312250000000,2590000000
12668,2317250000000,2590000000
12669,2322250000000,2590000000
12670,2327250000000,2590000000
12671,2332250000000,2590000000
12672,2337250000000,2590000000
12673,2342250000000,2590000000
12674,2347250000000,2590000000
12675,2352250000000,2590000000
12676,2357250000000,2590000000
12677,2362250000000,2590000000
12678,2367250000000,2590000000
12679,2372250000000,2590000000
12680,2377250000000,2590000000
12681,2382250000000,2590000000
12682,2387250000000,2590000000
12683,2392250000000,2590000000
12684,2397250000000,2590000000
12685,2402250000000,2590000000
12686,2407250000000,2590000000
12687,2412250000000,2590000000
12688,2417250000000,2590000000
12689,2422250000000,2590000000
12690,2427250000000,2590000000
12691,2432250000000,2590000000
12692,2437250000000,2590000000
12693,2442250000000,2590000000
12694,2447250000000,2590000000
12695,2452250000000,2590000000
12696,2457250000000,2600000000
12697,2462250000000,2600000000
12698,2467250000000,2600000000
12699,2472250000000,2600000000
12700,2477250000000,2600000000
12701,2482250000000,2600000000
12702,2487250000000,2600000000
12703,2492250000000,2600000000
12704,2497250000000,2600000000
12705,2502250000000,2600000000
12706,2507250000000,2600000000
12707,2512250000000,2600000000
12708,2517250000000,2600000000
12709,2522250000000,2600000000
12710,2527250000000,2600000000
12711,2532250000000,2600000000
12712,2537250000000,2600000000
12713,2542250000000,2600000000
12714,2547250000000,2600000000
12715,2552250000000,2600000000
12716,2557250000000,2600000000
12717,2562250000000,2600000000
12718,2567250000000,2600000000
12719,2572250000000,2600000000
12720,2577250000000,2600000000
12721,2582250000000,2600000000
12722,2587250000000,2600000000
12723,2592250000000,2600000000
12724,2597250000000,2600000000
12725,2602250000000,2600000000
12726,2607250000000,2600000000
12727,2612250000000,2600000000
12728,2617250000000,2600000000
12729,2622250000000,2600000000
12730,2627250000000,2600000000
12731,2632250000000,2600000000
12732,2637250000000,2600000000
12733,2642250000000,2600000000
12734,2647250000000,2600000000
12735,2652250000000,2600000000
12736,2657250000000,2600000000
12737,2662250000000,2600000000
12738,2667250000000,2600000000
12739,2672250000000,2600000000
12740,2677250000000,2600000000
12741,2682250000000,2600000000
12742,2687250000000,2600000000
12743,2692250000000,2600000000
12744,2697250000000,2600000000
12745,2702250000000,2610000000
12746,2707250000000,2610000000
12747,2712250000000,2610000000
12748,2717250000000,2610000000
12749,2722250000000,2610000000
12750,2727250000000,2610000000
12751,2732250000000,2610000000
12752,2737250000000,2610000000
12753,2742250000000,2610000000
12754,2747250000000,2610000000
12755,2752250000000,2610000000
12756,2757250000000,2610000000
12757,2762250000000,2610000000
12758,2767250000000,2610000000
12759,2772250000000,2610000000
12760,2777250000000,2610000000
12761,2782250000000,2610000000
12762,2787250000000,2610000000
12763,2792250000000,2610000000
12764,2797250000000,2610000000
12765,2802250000000,2610000000
12766,2807250000000,2610000000
12767,2812250000000,2610000000
12768,2817250000000,2610000000
12769,2822250000000,2610000000
12770,2827250000000,2610000000
12771,2832250000000,2610000000
12772,2837250000000,2610000000
12773,2842250000000,2610000000
12774,2847250000000,2610000000
12775,2852250000000,2610000000
12776,2857250000000,2610000000
12777,2862250000000,2610000000
12778,2867250000000,2610000000
12779,2872250000000,2610000000
12780,2877250000000,2610000000
12781,2882250000000,2610000000
12782,2887250000000,2610000000
12783,2892250000000,2610000000
12784,2897250000000,2610000000
12785,2902250000000,2610000000
12786,2907250000000,2610000000
12787,2912250000000,2610000000
12788,2917250000000,2610000000
12789,2922250000000,2610000000
12790,2927250000000,2610000000
12791,2932250000000,2610000000
12792,2937250000000,2610000000
12793,2942250000000,2620000000
12794,2947250000000,2620000000
12795,2952250000000,2620000000
12796,2957250000000,2620000000
12797,2962250000000,2620000000
12798,2967250000000,2620000000
12799,2972250000000,2620000000
12800,2977250000000,2620000000
12801,2982250000000,2620000000
12802,2987250000000,2620000000
12803,2992250000000,2620000000
12804,2997250000000,2620000000
12805,3002250000000,2620000000
12806,3007250000000,2620000000
12807,3012250000000,2620000000
12808,3017250000000,2620000000
12809,3022250000000,2620000000
12810,3027250000000,2620000000
12811,3032250000000,2620000000
12812,3037250000000,2620000000
12813,3042250000000,2620000000
12814,3047250000000,2620000000
12815,3052250000000,2620000000
12816,3057250000000,2620000000
12817,3062250000000,2620000000
12818,3067250000000,2620000000
12819,3072250000000,2620000000
12820,3077250000000,2620000000
12821,3082250000000,2620000000
12822,3087250000000,2620000000
12823,3092250000000,2620000000
12824,3097250000000,2620000000
12825,3102250000000,2620000000
12826,3107250000000,2620000000
12827,3112250000000,2620000000
12828,3117250000000,2620000000
12829,3122250000000,2620000000
12830,3127250000000,2620000000
12831,3132250000000,2620000000
12832,3137250000000,2620000000
12833,3142250000000,2620000000
12834,3147250000000,2620000000
12835,3152250000000,2620000000
12836,3157250000000,2620000000
12837,3162250000000,2620000000
12838,3167250000000,2620000000
12839,3172250000000,2620000000
12840,3177250000000,2620000000
12841,3182250000000,2620000000
12842,3187250000000,2630000000
12843,3192250000000,2630000000
12844,3197250000000,2630000000
12845,3202250000000,2630000000
12846,3207250000000,2630000000
12847,3212250000000,2630000000
12848,3217250000000,2630000000
12849,3222250000000,2630000000
12850,3227250000000,2630000000
12851,3232250000000,2630000000
12852,3237250000000,2630000000
12853,3242250000000,2630000000
12854,3247250000000,2630000000
12855,3252250000000,2630000000
12856,3257250000000,2630000000
12857,3262250000000,2630000000
12858,3267250000000,2630000000
12859,3272250000000,2630000000
12860,3277250000000,2630000000
12861,3282250000000,2630000000
12862,3287250000000,2630000000
12863,3292250000000,2630000000
12864,3297250000000,2630000000
12865,3302250000000,2630000000
12866,3307250000000,2630000000
12867,3312250000000,2630000000
12868,3317250000000,2630000000
12869,3322250000000,2630000000
12870,3327250000000,2630000000
12871,3332250000000,2630000000
12872,3337250000000,2630000000
12873,3342250000000,2630000000
12874,3347250000000,2630000000
12875,3352250000000,2630000000
12876,3357250000000,2630000000
12877,3362250000000,2630000000
12878,3367250000000,2630000000
12879,3372250000000,2630000000
12880,3377250000000,2630000000
12881,3382250000000,2630000000
12882,3387250000000,2630000000
12883,3392250000000,2630000000
12884,3397250000000,2630000000
12885,3402250000000,2630000000
12886,3407250000000,2630000000
12887,3412250000000,2630000000
12888,3417250000000,2630000000
12889,3422250000000,2630000000
12890,3427250000000,2630000000
12891,3432250000000,2640000000
12892,3437250000000,2640000000
12893,3442250000000,2640000000
12894,3447250000000,2640000000
12895,3452250000000,2640000000
12896,3457250000000,2640000000
12897,3462250000000,2640000000
12898,3467250000000,2640000000
12899,3472250000000,2640000000
12900,3477250000000,2640000000
12901,3482250000000,2640000000
12902,3487250000000,2640000000
12903,3492250000000,2640000000
12904,3497250000000,2640000000
12905,3502250000000,2640000000
12906,3507250000000,2640000000
12907,3512250000000,2640000000
12908,3517250000000,2640000000
12909,3522250000000,2640000000
12910,3527250000000,2640000000
12911,3532250000000,2640000000
12912,3537250000000,2640000000
12913,3542250000000,2640000000
12914,3547250000000,2640000000
12915,3552250000000,2640000000
12916,3557250000000,2640000000
12917,3562250000000,2640000000
12918,3567250000000,2640000000
12919,3572250000000,2640000000
12920,3577250000000,2640000000
12921,3582250000000,2640000000
12922,3587250000000,2640000000
12923,3592250000000,2640000000
12924,3597250000000,2640000000
12925,3602250000000,2640000000
12926,3607250000000,2640000000
12927,3612250000000,2640000000
12928,3617250000000,2640000000
12929,3622250000000,2640000000
12930,3627250000000,2640000000
12931,3632250000000,2640000000
12932,3637250000000,2640000000
12933,3642250000000,2640000000
12934,3647250000000,2640000000
12935,3652250000000,2640000000
12936,3657250000000,2640000000
12937,3662250000000,2640000000
12938,3667250000000,2640000000
12939,3672250000000,2640000000
12940,3677250000000,2650000000
12941,3682250000000,2650000000
12942,3687250000000,2650000000
12943,3692250000000,2650000000
12944,3697250000000,2650000000
12945,3702250000000,2650000000
12946,3707250000000,2650000000
12947,3712250000000,2650000000
12948,3717250000000,2650000000
12949,3722250000000,2650000000
12950,3727250000000,2650000000
12951,3732250000000,2650000000
12952,3737250000000,2650000000
12953,3742250000000,2650000000
12954,3747250000000,2650000000
12955,3752250000000,2650000000
12956,3757250000000,2650000000
12957,3762250000000,2650000000
12958,3767250000000,2650000000
12959,3772250000000,2650000000
12960,3777250000000,2650000000
12961,3782250000000,2650000000
12962,3787250000000,2650000000
12963,3792250000000,2650000000
12964,3797250000000,2650000000
12965,3802250000000,2650000000
12966,3807250000000,2650000000
12967,3812250000000,2650000000
12968,3817250000000,2650000000
12969,3822250000000,2650000000
12970,3827250000000,2650000000
12971,3832250000000,2650000000
12972,3837250000000,2650000000
12973,3842250000000,2650000000
12974,3847250000000,2650000000
12975,3852250000000,2650000000
12976,3857250000000,2650000000
12977,3862250000000,2650000000
12978,3867250000000,2650000000
12979,3872250000000,2650000000
12980,3877250000000,2650000000
12981,3882250000000,2650000000
12982,3887250000000,2650000000
12983,3892250000000,2650000000
12984,3897250000000,2650000000
12985,3902250000000,2650000000
12986,3907250000000,2650000000
12987,3912250000000,2650000000
12988,3917250000000,2650000000
12989,3922250000000,2660000000
12990,3927250000000,2660000000
12991,3932250000000,2660000000
12992,3937250000000,2660000000
12993,3942250000000,2660000000
12994,3947250000000,2660000000
12995,3952250000000,2660000000
12996,3957250000000,2660000000
12997,3962250000000,2660000000
12998,3967250000000,2660000000
12999,3972250000000,2660000000
13000,3977250000000,2660000000
13001,3987250000000,2660000000
13002,3997250000000,2660000000
13003,4007250000000,2660000000
13004,4017250000000,2660000000
13005,4027250000000,2660000000
13006,4037250000000,2660000000
13007,4047250000000,2660000000
13008,4057250000000,2660000000
13009,4067250000000,2660000000
13010,4077250000000,2660000000
13011,4087250000000,2660000000
13012,4097250000000,2660000000
13013,4107250000000,2660000000
13014,4117250000000,2660000000
13015,4127250000000,2660000000
13016,4137250000000,2660000000
13017,4147250000000,2660000000
13018,4157250000000,2660000000
13019,4167250000000,2660000000
13020,4177250000000,2660000000
13021,4187250000000,2660000000
13022,4197250000000,2660000000
13023,4207250000000,2660000000
13024,4217250000000,2660000000
13025,4227250000000,2660000000
13026,4237250000000,2660000000
13027,4247250000000,2660000000
13028,4257250000000,2660000000
13029,4267250000000,2660000000
13030,4277250000000,2660000000
13031,4287250000000,2660000000
13032,4297250000000,2660000000
13033,4307250000000,2660000000
13034,4317250000000,2660000000
13035,4327250000000,2660000000
13036,4337250000000,2660000000
13037,4347250000000,2660000000
13038,4357250000000,2670000000
13039,4367250000000,2670000000
13040,4377250000000,2670000000
13041,4387250000000,2670000000
13042,4397250000000,2670000000
13043,4407250000000,2670000000
13044,4417250000000,2670000000
13045,4427250000000,2670000000
13046,4437250000000,2670000000
13047,4447250000000,2670000000
13048,4457250000000,2670000000
13049,4467250000000,2670000000
13050,4477250000000,2670000000
13051,4487250000000,2670000000
13052,4497250000000,2670000000
13053,4507250000000,2670000000
13054,4517250000000,2670000000
13055,4527250000000,2670000000
13056,4537250000000,2670000000
13057,4547250000000,2670000000
13058,4557250000000,2670000000
13059,4567250000000,2670000000
13060,4577250000000,2670000000
13061,4587250000000,2670000000
13062,4597250000000,2670000000
13063,4607250000000,2670000000
13064,4617250000000,2670000000
13065,4627250000000,2670000000
13066,4637250000000,2670000000
13067,4647250000000,2670000000
13068,4657250000000,2670000000
13069,4667250000000,2670000000
13070,4677250000000,2670000000
13071,4687250000000,2670000000
13072,4697250000000,2670000000
13073,4707250000000,2670000000
13074,4717250000000,2670000000
13075,4727250000000,2670000000
13076,4737250000000,2670000000
13077,4747250000000,2670000000
13078,4757250000000,2670000000
13079,4767250000000,2670000000
13080,4777250000000,2670000000
13081,4787250000000,2670000000
13082,4797250000000,2670000000
13083,4807250000000,2670000000
13084,4817250000000,2670000000
13085,4827250000000,2670000000
13086,4837250000000,2680000000
13087,4847250000000,2680000000
13088,4857250000000,2680000000
13089,4867250000000,2680000000
13090,4877250000000,2680000000
13091,4887250000000,2680000000
13092,4897250000000,2680000000
13093,4907250000000,2680000000
13094,4917250000000,2680000000
13095,4927250000000,2680000000
13096,4937250000000,2680000000
13097,4947250000000,2680000000
13098,4957250000000,2680000000
13099,4967250000000,2680000000
13100,4977250000000,2680000000
13101,4987250000000,2680000000
13102,4997250000000,2680000000
13103,5007250000000,2680000000
13104,5017250000000,2680000000
13105,5027250000000,2680000000
13106,5037250000000,2680000000
13107,5047250000000,2680000000
13108,5057250000000,2680000000
13109,5067250000000,2680000000
13110,5077250000000,2680000000
13111,5087250000000,2680000000
13112,5097250000000,2680000000
13113,5107250000000,2680000000
13114,5117250000000,2680000000
13115,5127250000000,2680000000
13116,5137250000000,2680000000
13117,5147250000000,2680000000
13118,5157250000000,2680000000
13119,5167250000000,2680000000
13120,5177250000000,2680000000
13121,5187250000000,2680000000
13122,5197250000000,2680000000
13123,5207250000000,2680000000
13124,5217250000000,2680000000
13125,5227250000000,2680000000
13126,5237250000000,2680000000
13127,5247250000000,2680000000
13128,5257250000000,2680000000
13129,5267250000000,2680000000
13130,5277250000000,2680000000
13131,5287250000000,2680000000
13132,5297250000000,2680000000
13133,5307250000000,2680000000
13134,5317250000000,2680000000
13135,5327250000000,2690000000
13136,5337250000000,2690000000
13137,5347250000000,2690000000
13138,5357250000000,2690000000
13139,5367250000000,2690000000
13140,5377250000000,2690000000
13141,5387250000000,2690000000
13142,5397250000000,2690000000
13143,5407250000000,2690000000
13144,5417250000000,2690000000
13145,5427250000000,2690000000
13146,5437250000000,2690000000
13147,5447250000000,2690000000
13148,5457250000000,2690000000
13149,5467250000000,2690000000
13150,5477250000000,2690000000
13151,5487250000000,2690000000
13152,5497250000000,2690000000
13153,5507250000000,2690000000
13154,5517250000000,2690000000
13155,5527250000000,2690000000
13156,5537250000000,2690000000
13157,5547250000000,2690000000
13158,5557250000000,2690000000
13159,5567250000000,2690000000
13160,5577250000000,2690000000
13161,5587250000000,2690000000
13162,5597250000000,2690000000
13163,5607250000000,2690000000
13164,5617250000000,2690000000
13165,5627250000000,2690000000
13166,5637250000000,2690000000
13167,5647250000000,2690000000
13168,5657250000000,2690000000
13169,5667250000000,2690000000
13170,5677250000000,2690000000
13171,5687250000000,2690000000
13172,5697250000000,2690000000
13173,5707250000000,2690000000
13174,5717250000000,2690000000
13175,5727250000000,2690000000
13176,5737250000000,2690000000
13177,5747250000000,2690000000
13178,5757250000000,2690000000
13179,5767250000000,2690000000
13180,5777250000000,2690000000
13181,5787250000000,2690000000
13182,5797250000000,2690000000
13183,5807250000000,2690000000
13184,5817250000000,2700000000
13185,5827250000000,2700000000
13186,5837250000000,2700000000
13187,5847250000000,2700000000
13188,5857250000000,2700000000
13189,5867250000000,2700000000
13190,5877250000000,2700000000
13191,5887250000000,2700000000
13192,5897250000000,2700000000
13193,5907250000000,2700000000
13194,5917250000000,2700000000
13195,5927250000000,2700000000
13196,5937250000000,2700000000
13197,5947250000000,2700000000
13198,5957250000000,2700000000
13199,5967250000000,2700000000
13200,5977250000000,2700000000
13201,5987250000000,2700000000
13202,5997250000000,2700000000
13203,6007250000000,2700000000
13204,6017250000000,2700000000
13205,6027250000000,2700000000
13206,6037250000000,2700000000
13207,6047250000000,2700000000
13208,6057250000000,2700000000
13209,6067250000000,2700000000
13210,6077250000000,2700000000
13211,6087250000000,2700000000
13212,6097250000000,2700000000
13213,6107250000000,2700000000
13214,6117250000000,2700000000
13215,6127250000000,2700000000
13216,6137250000000,2700000000
13217,6147250000000,2700000000
13218,6157250000000,2700000000
13219,6167250000000,2700000000
13220,6177250000000,2700000000
13221,6187250000000,2700000000
13222,6197250000000,2700000000
13223,6207250000000,2700000000
13224,6217250000000,2700000000
13225,6227250000000,2700000000
13226,6237250000000,2700000000
13227,6247250000000,2700000000
13228,6257250000000,2700000000
13229,6267250000000,2700000000
13230,6277250000000,2700000000
13231,6287250000000,2700000000
13232,6297250000000,2700000000
13233,6307250000000,2710000000
13234,6317250000000,2710000000
13235,6327250000000,2710000000
13236,6337250000000,2710000000
13237,6347250000000,2710000000
13238,6357250000000,2710000000
13239,6367250000000,2710000000
13240,6377250000000,2710000000
13241,6387250000000,2710000000
13242,6397250000000,2710000000
13243,6407250000000,2710000000
13244,6417250000000,2710000000
13245,6427250000000,2710000000
13246,6437250000000,2710000000
13247,6447250000000,2710000000
13248,6457250000000,2710000000
13249,6467250000000,2710000000
13250,6477250000000,2710000000
13251,6487250000000,2710000000
13252,6497250000000,2710000000
13253,6507250000000,2710000000
13254,6517250000000,2710000000
13255,6527250000000,2710000000
13256,6537250000000,2710000000
13257,6547250000000,2710000000
13258,6557250000000,2710000000
13259,6567250000000,2710000000
13260,6577250000000,2710000000
13261,6587250000000,2710000000
13262,6597250000000,2710000000
13263,6607250000000,2710000000
13264,6617250000000,2710000000
13265,6627250000000,2710000000
13266,6637250000000,2710000000
13267,6647250000000,2710000000
13268,6657250000000,2710000000
13269,6667250000000,2710000000
13270,6677250000000,2710000000
13271,6687250000000,2710000000
13272,6697250000000,2710000000
13273,6707250000000,2710000000
13274,6717250000000,2710000000
13275,6727250000000,2710000000
13276,6737250000000,2710000000
13277,6747250000000,2710000000
13278,6757250000000,2710000000
13279,6767250000000,2710000000
13280,6777250000000,2710000000
13281,6787250000000,2710000000
13282,6797250000000,2720000000
13283,6807250000000,2720000000
13284,6817250000000,2720000000
13285,6827250000000,2720000000
13286,6837250000000,2720000000
13287,6847250000000,2720000000
13288,6857250000000,2720000000
13289,6867250000000,2720000000
13290,6877250000000,2720000000
13291,6887250000000,2720000000
13292,6897250000000,2720000000
13293,6907250000000,2720000000
13294,6917250000000,2720000000
13295,6927250000000,2720000000
13296,6937250000000,2720000000
13297,6947250000000,2720000000
13298,6957250000000,2720000000
13299,6967250000000,2720000000
13300,6977250000000,2720000000
13301,6987250000000,2720000000
13302,6997250000000,2720000000
13303,7007250000000,2720000000
13304,7017250000000,2720000000
13305,7027250000000,2720000000
13306,7037250000000,2720000000
13307,7047250000000,2720000000
13308,7057250000000,2720000000
13309,7067250000000,2720000000
13310,7077250000000,2720000000
13311,7087250000000,2720000000
13312,7097250000000,2720000000
13313,7107250000000,2720000000
13314,7117250000000,2720000000
13315,7127250000000,2720000000
13316,7137250000000,2720000000
13317,7147250000000,2720000000
13318,7157250000000,2720000000
13319,7167250000000,2720000000
13320,7177250000000,2720000000
13321,7187250000000,2720000000
13322,7197250000000,2720000000
13323,7207250000000,2720000000
13324,7217250000000,2720000000
13325,7227250000000,2720000000
13326,7237250000000,2720000000
13327,7247250000000,2720000000
13328,7257250000000,2720000000
13329,7267250000000,2720000000
13330,7277250000000,2720000000
13331,7287250000000,2730000000
13332,7297250000000,2730000000
13333,7307250000000,2730000000
13334,7317250000000,2730000000
13335,7327250000000,2730000000
13336,7337250000000,2730000000
13337,7347250000000,2730000000
13338,7357250000000,2730000000
13339,7367250000000,2730000000
13340,7377250000000,2730000000
13341,7387250000000,2730000000
13342,7397250000000,2730000000
13343,7407250000000,2730000000
13344,7417250000000,2730000000
13345,7427250000000,2730000000
13346,7437250000000,2730000000
13347,7447250000000,2730000000
13348,7457250000000,2730000000
13349,7467250000000,2730000000
13350,7477250000000,2730000000
13351,7487250000000,2730000000
13352,7497250000000,2730000000
13353,7507250000000,2730000000
13354,7517250000000,2730000000
13355,7527250000000,2730000000
13356,7537250000000,2730000000
13357,7547250000000,2730000000
13358,7557250000000,2730000000
13359,7567250000000,2730000000
13360,7577250000000,2730000000
13361,7587250000000,2730000000
13362,7597250000000,2730000000
13363,7607250000000,2730000000
13364,7617250000000,2730000000
13365,7627250000000,2730000000
13366,7637250000000,2730000000
13367,7647250000000,2730000000
13368,7657250000000,2730000000
13369,7667250000000,2730000000
13370,7677250000000,2730000000
13371,7687250000000,2730000000
13372,7697250000000,2730000000
13373,7707250000000,2730000000
13374,7717250000000,2730000000
13375,7727250000000,2730000000
13376,7737250000000,2730000000
13377,7747250000000,2730000000
13378,7757250000000,2730000000
13379,7767250000000,2740000000
13380,7777250000000,2740000000
13381,7787250000000,2740000000
13382,7797250000000,2740000000
13383,7807250000000,2740000000
13384,7817250000000,2740000000
13385,7827250000000,2740000000
13386,7837250000000,2740000000
13387,7847250000000,2740000000
13388,7857250000000,2740000000
13389,7867250000000,2740000000
13390,7877250000000,2740000000
13391,7887250000000,2740000000
13392,7897250000000,2740000000
13393,7907250000000,2740000000
13394,7917250000000,2740000000
13395,7927250000000,2740000000
13396,7937250000000,2740000000
13397,7947250000000,2740000000
13398,7957250000000,2740000000
13399,7967250000000,2740000000
13400,7977250000000,2740000000
13401,7987250000000,2740000000
13402,7997250000000,2740000000
13403,8007250000000,2740000000
13404,8017250000000,2740000000
13405,8027250000000,2740000000
13406,8037250000000,2740000000
13407,8047250000000,2740000000
13408,8057250000000,2740000000
13409,8067250000000,2740000000
13410,8077250000000,2740000000
13411,8087250000000,2740000000
13412,8097250000000,2740000000
13413,8107250000000,2740000000
13414,8117250000000,2740000000
13415,8127250000000,2740000000
13416,8137250000000,2740000000
13417,8147250000000,2740000000
13418,8157250000000,2740000000
13419,8167250000000,2740000000
13420,8177250000000,2740000000
13421,8187250000000,2740000000
13422,8197250000000,2740000000
13423,8207250000000,2740000000
13424,8217250000000,2740000000
13425,8227250000000,2740000000
13426,8237250000000,2740000000
13427,8247250000000,2740000000
13428,8257250000000,2750000000
13429,8267250000000,2750000000
13430,8277250000000,2750000000
13431,8287250000000,2750000000
13432,8297250000000,2750000000
13433,8307250000000,2750000000
13434,8317250000000,2750000000
13435,8327250000000,2750000000
13436,8337250000000,2750000000
13437,8347250000000,2750000000
13438,8357250000000,2750000000
13439,8367250000000,2750000000
13440,8377250000000,2750000000
13441,8387250000000,2750000000
13442,8397250000000,2750000000
13443,8407250000000,2750000000
13444,8417250000000,2750000000
13445,8427250000000,2750000000
13446,8437250000000,2750000000
13447,8447250000000,2750000000
13448,8457250000000,2750000000
13449,8467250000000,2750000000
13450,8477250000000,2750000000
13451,8487250000000,2750000000
13452,8497250000000,2750000000
13453,8507250000000,2750000000
13454,8517250000000,2750000000
13455,8527250000000,2750000000
13456,8537250000000,2750000000
13457,8547250000000,2750000000
13458,8557250000000,2750000000
13459,8567250000000,2750000000
13460,8577250000000,2750000000
13461,8587250000000,2750000000
13462,8597250000000,2750000000
13463,8607250000000,2750000000
13464,8617250000000,2750000000
13465,8627250000000,2750000000
13466,8637250000000,2750000000
13467,8647250000000,2750000000
13468,8657250000000,2750000000
13469,8667250000000,2750000000
13470,8677250000000,2750000000
13471,8687250000000,2750000000
13472,8697250000000,2750000000
13473,8707250000000,2750000000
13474,8717250000000,2750000000
13475,8727250000000,2750000000
13476,8737250000000,2750000000
13477,8747250000000,2760000000
13478,8757250000000,2760000000
13479,8767250000000,2760000000
13480,8777250000000,2760000000
13481,8787250000000,2760000000
13482,8797250000000,2760000000
13483,8807250000000,2760000000
13484,8817250000000,2760000000
13485,8827250000000,2760000000
13486,8837250000000,2760000000
13487,8847250000000,2760000000
13488,8857250000000,2760000000
13489,8867250000000,2760000000
13490,8877250000000,2760000000
13491,8887250000000,2760000000
13492,8897250000000,2760000000
13493,8907250000000,2760000000
13494,8917250000000,2760000000
13495,8927250000000,2760000000
13496,8937250000000,2760000000
13497,8947250000000,2760000000
13498,8957250000000,2760000000
13499,8967250000000,2760000000
13500,8977250000000,2760000000
13501,8987250000000,2760000000
13502,8997250000000,2760000000
13503,9007250000000,2760000000
13504,9017250000000,2760000000
13505,9027250000000,2760000000
13506,9037250000000,2760000000
13507,9047250000000,2760000000
13508,9057250000000,2760000000
13509,9067250000000,2760000000
13510,9077250000000,2760000000
13511,9087250000000,2760000000
13512,9097250000000,2760000000
13513,9107250000000,2760000000
13514,9117250000000,2760000000
13515,9127250000000,2760000000
13516,9137250000000,2760000000
13517,9147250000000,2760000000
13518,9157250000000,2760000000
13519,9167250000000,2760000000
13520,9177250000000,2760000000
13521,9187250000000,2760000000
13522,9197250000000,2760000000
13523,9207250000000,2760000000
13524,9217250000000,2760000000
13525,9227250000000,2760000000
13526,9237250000000,2770000000
13527,9247250000000,2770000000
13528,9257250000000,2770000000
13529,9267250000000,2770000000
13530,9277250000000,2770000000
13531,9287250000000,2770000000
13532,9297250000000,2770000000
13533,9307250000000,2770000000
13534,9317250000000,2770000000
13535,9327250000000,2770000000
13536,9337250000000,2770000000
13537,9347250000000,2770000000
13538,9357250000000,2770000000
13539,9367250000000,2770000000
13540,9377250000000,2770000000
13541,9387250000000,2770000000
13542,9397250000000,2770000000
13543,9407250000000,2770000000
13544,9417250000000,2770000000
13545,9427250000000,2770000000
13546,9437250000000,2770000000
13547,9447250000000,2770000000
13548,9457250000000,2770000000
13549,9467250000000,2770000000
13550,9477250000000,2770000000
13551,9487250000000,2770000000
13552,9497250000000,2770000000
13553,9507250000000,2770000000
13554,9517250000000,2770000000
13555,9527250000000,2770000000
13556,9537250000000,2770000000
13557,9547250000000,2770000000
13558,9557250000000,2770000000
13559,9567250000000,2770000000
13560,9577250000000,2770000000
13561,9587250000000,2770000000
13562,9597250000000,2770000000
13563,9607250000000,2770000000
13564,9617250000000,2770000000
13565,9627250000000,2770000000
13566,9637250000000,2770000000
13567,9647250000000,2770000000
13568,9657250000000,2770000000
13569,9667250000000,2770000000
13570,9677250000000,2770000000
13571,9687250000000,2770000000
13572,9697250000000,2770000000
13573,9707250000000,2770000000
13574,9717250000000,2770000000
13575,9727250000000,2780000000
13576,9737250000000,2780000000
13577,9747250000000,2780000000
13578,9757250000000,2780000000
13579,9767250000000,2780000000
13580,9777250000000,2780000000
13581,9787250000000,2780000000
13582,9797250000000,2780000000
13583,9807250000000,2780000000
13584,9817250000000,2780000000
13585,9827250000000,2780000000
13586,9837250000000,2780000000
13587,9847250000000,2780000000
13588,9857250000000,2780000000
13589,9867250000000,2780000000
13590,9877250000000,2780000000
13591,9887250000000,2780000000
13592,9897250000000,2780000000
13593,9907250000000,2780000000
13594,9917250000000,2780000000
13595,9927250000000,2780000000
13596,9937250000000,2780000000
13597,9947250000000,2780000000
13598,9957250000000,2780000000
13599,9967250000000,2780000000
13600,9977250000000,2780000000
13601,9987250000000,2780000000
13602,9997250000000,2780000000
13603,10007250000000,2780000000
13604,10032250000000,2780000000
13605,10057250000000,2780000000
13606,10082250000000,2780000000
13607,10107250000000,2780000000
13608,10132250000000,2780000000
13609,10157250000000,2780000000
13610,10182250000000,2780000000
13611,10207250000000,2780000000
13612,10232250000000,2780000000
13613,10257250000000,2780000000
13614,10282250000000,2780000000
13615,10307250000000,2780000000
13616,10332250000000,2780000000
13617,10357250000000,2780000000
13618,10382250000000,2780000000
13619,10407250000000,2780000000
13620,10432250000000,2780000000
13621,10457250000000,2780000000
13622,10482250000000,2780000000
13623,10507250000000,2780000000
13624,10532250000000,2790000000
13625,10557250000000,2790000000
13626,10582250000000,2790000000
13627,10607250000000,2790000000
13628,10632250000000,2790000000
13629,10657250000000,2790000000
13630,10682250000000,2790000000
13631,10707250000000,2790000000
13632,10732250000000,2790000000
13633,10757250000000,2790000000
13634,10782250000000,2790000000
13635,10807250000000,2790000000
13636,10832250000000,2790000000
13637,10857250000000,2790000000
13638,10882250000000,2790000000
13639,10907250000000,2790000000
13640,10932250000000,2790000000
13641,10957250000000,2790000000
13642,10982250000000,2790000000
13643,11007250000000,2790000000
13644,11032250000000,2790000000
13645,11057250000000,2790000000
13646,11082250000000,2790000000
13647,11107250000000,2790000000
13648,11132250000000,2790000000
13649,11157250000000,2790000000
13650,11182250000000,2790000000
13651,11207250000000,2790000000
13652,11232250000000,2790000000
13653,11257250000000,2790000000
13654,11282250000000,2790000000
13655,11307250000000,2790000000
13656,11332250000000,2790000000
13657,11357250000000,2790000000
13658,11382250000000,2790000000
13659,11407250000000,2790000000
13660,11432250000000,2790000000
13661,11457250000000,2790000000
13662,11482250000000,2790000000
13663,11507250000000,2790000000
13664,11532250000000,2790000000
13665,11557250000000,2790000000
13666,11582250000000,2790000000
13667,11607250000000,2790000000
13668,11632250000000,2790000000
13669,11657250000000,2790000000
13670,11682250000000,2790000000
13671,11707250000000,2790000000
13672,11732250000000,2800000000
13673,11757250000000,2800000000
13674,11782250000000,2800000000
13675,11807250000000,2800000000
13676,11832250000000,2800000000
13677,11857250000000,2800000000
13678,11882250000000,2800000000
13679,11907250000000,2800000000
13680,11932250000000,2800000000
13681,11957250000000,2800000000
13682,11982250000000,2800000000
13683,12007250000000,2800000000
13684,12032250000000,2800000000
13685,12057250000000,2800000000
13686,12082250000000,2800000000
13687,12107250000000,2800000000
13688,12132250000000,2800000000
13689,12157250000000,2800000000
13690,12182250000000,2800000000
13691,12207250000000,2800000000
13692,12232250000000,2800000000
13693,12257250000000,2800000000
13694,12282250000000,2800000000
13695,12307250000000,2800000000
13696,12332250000000,2800000000
13697,12357250000000,2800000000
13698,12382250000000,2800000000
13699,12407250000000,2800000000
13700,12432250000000,2800000000
13701,12457250000000,2800000000
13702,12482250000000,2800000000
13703,12507250000000,2800000000
13704,12532250000000,2800000000
13705,12557250000000,2800000000
13706,12582250000000,2800000000
13707,12607250000000,2800000000
13708,12632250000000,2800000000
13709,12657250000000,2800000000
13710,12682250000000,2800000000
13711,12707250000000,2800000000
13712,12732250000000,2800000000
13713,12757250000000,2800000000
13714,12782250000000,2800000000
13715,12807250000000,2800000000
13716,12832250000000,2800000000
13717,12857250000000,2800000000
13718,12882250000000,2800000000
13719,12907250000000,2800000000
13720,12932250000000,2800000000
13721,12957250000000,2810000000
13722,12982250000000,2810000000
13723,13007250000000,2810000000
13724,13032250000000,2810000000
13725,13057250000000,2810000000
13726,13082250000000,2810000000
13727,13107250000000,2810000000
13728,13132250000000,2810000000
13729,13157250000000,2810000000
13730,13182250000000,2810000000
13731,13207250000000,2810000000
13732,13232250000000,2810000000
13733,13257250000000,2810000000
13734,13282250000000,2810000000
13735,13307250000000,2810000000
13736,13332250000000,2810000000
13737,13357250000000,2810000000
13738,13382250000000,2810000000
13739,13407250000000,2810000000
13740,13432250000000,2810000000
13741,13457250000000,2810000000
13742,13482250000000,2810000000
13743,13507250000000,2810000000
13744,13532250000000,2810000000
13745,13557250000000,2810000000
13746,13582250000000,2810000000
13747,13607250000000,2810000000
13748,13632250000000,2810000000
13749,13657250000000,2810000000
13750,13682250000000,2810000000
13751,13707250000000,2810000000
13752,13732250000000,2810000000
13753,13757250000000,2810000000
13754,13782250000000,2810000000
13755,13807250000000,2810000000
13756,13832250000000,2810000000
13757,13857250000000,2810000000
13758,13882250000000,2810000000
13759,13907250000000,2810000000
13760,13932250000000,2810000000
13761,13957250000000,2810000000
13762,13982250000000,2810000000
13763,14007250000000,2810000000
13764,14032250000000,2810000000
13765,14057250000000,2810000000
13766,14082250000000,2810000000
13767,14107250000000,2810000000
13768,14132250000000,2810000000
13769,14157250000000,2810000000
13770,14182250000000,2820000000
13771,14207250000000,2820000000
13772,14232250000000,2820000000
13773,14257250000000,2820000000
13774,14282250000000,2820000000
13775,14307250000000,2820000000
13776,14332250000000,2820000000
13777,14357250000000,2820000000
13778,14382250000000,2820000000
13779,14407250000000,2820000000
13780,14432250000000,2820000000
13781,14457250000000,2820000000
13782,14482250000000,2820000000
13783,14507250000000,2820000000
13784,14532250000000,2820000000
13785,14557250000000,2820000000
13786,14582250000000,2820000000
13787,14607250000000,2820000000
13788,14632250000000,2820000000
13789,14657250000000,2820000000
13790,14682250000000,2820000000
13791,14707250000000,2820000000
13792,14732250000000,2820000000
13793,14757250000000,2820000000
13794,14782250000000,2820000000
13795,14807250000000,2820000000
13796,14832250000000,2820000000
13797,14857250000000,2820000000
13798,14882250000000,2820000000
13799,14907250000000,2820000000
13800,14932250000000,2820000000
13801,14957250000000,2820000000
13802,14982250000000,2820000000
13803,15007250000000,2820000000
13804,15032250000000,2820000000
13805,15057250000000,2820000000
13806,15082250000000,2820000000
13807,15107250000000,2820000000
13808,15132250000000,2820000000
13809,15157250000000,2820000000
13810,15182250000000,2820000000
13811,15207250000000,2820000000
13812,15232250000000,2820000000
13813,15257250000000,2820000000
13814,15282250000000,2820000000
13815,15307250000000,2820000000
13816,15332250000000,2820000000
13817,15357250000000,2820000000
13818,15382250000000,2820000000
13819,15407250000000,2830000000
13820,15432250000000,2830000000
13821,15457250000000,2830000000
13822,15482250000000,2830000000
13823,15507250000000,2830000000
13824,15532250000000,2830000000
13825,15557250000000,2830000000
13826,15582250000000,2830000000
13827,15607250000000,2830000000
13828,15632250000000,2830000000
13829,15657250000000,2830000000
13830,15682250000000,2830000000
13831,15707250000000,2830000000
13832,15732250000000,2830000000
13833,15757250000000,2830000000
13834,15782250000000,2830000000
13835,15807250000000,2830000000
13836,15832250000000,2830000000
13837,15857250000000,2830000000
13838,15882250000000,2830000000
13839,15907250000000,2830000000
13840,15932250000000,2830000000
13841,15957250000000,2830000000
13842,15982250000000,2830000000
13843,16007250000000,2830000000
13844,16032250000000,2830000000
13845,16057250000000,2830000000
13846,16082250000000,2830000000
13847,16107250000000,2830000000
13848,16132250000000,2830000000
13849,16157250000000,2830000000
13850,16182250000000,2830000000
13851,16207250000000,2830000000
13852,16232250000000,2830000000
13853,16257250000000,2830000000
13854,16282250000000,2830000000
13855,16307250000000,2830000000
13856,16332250000000,2830000000
13857,16357250000000,2830000000
13858,16382250000000,2830000000
13859,16407250000000,2830000000
13860,16432250000000,2830000000
13861,16457250000000,2830000000
13862,16482250000000,2830000000
13863,16507250000000,2830000000
13864,16532250000000,2830000000
13865,16557250000000,2830000000
13866,16582250000000,2830000000
13867,16607250000000,2830000000
13868,16632250000000,2840000000
13869,16657250000000,2840000000
13870,16682250000000,2840000000
13871,16707250000000,2840000000
13872,16732250000000,2840000000
13873,16757250000000,2840000000
13874,16782250000000,2840000000
13875,16807250000000,2840000000
13876,16832250000000,2840000000
13877,16857250000000,2840000000
13878,16882250000000,2840000000
13879,16907250000000,2840000000
13880,16932250000000,2840000000
13881,16957250000000,2840000000
13882,16982250000000,2840000000
13883,17007250000000,2840000000
13884,17032250000000,2840000000
13885,17057250000000,2840000000
13886,17082250000000,2840000000
13887,17107250000000,2840000000
13888,17132250000000,2840000000
13889,17157250000000,2840000000
13890,17182250000000,2840000000
13891,17207250000000,2840000000
13892,17232250000000,2840000000
13893,17257250000000,2840000000
13894,17282250000000,2840000000
13895,17307250000000,2840000000
13896,17332250000000,2840000000
13897,17357250000000,2840000000
13898,17382250000000,2840000000
13899,17407250000000,2840000000
13900,17432250000000,2840000000
13901,17457250000000,2840000000
13902,17482250000000,2840000000
13903,17507250000000,2840000000
13904,17532250000000,2840000000
13905,17557250000000,2840000000
13906,17582250000000,2840000000
13907,17607250000000,2840000000
13908,17632250000000,2840000000
13909,17657250000000,2840000000
13910,17682250000000,2840000000
13911,17707250000000,2840000000
13912,17732250000000,2840000000
13913,17757250000000,2840000000
13914,17782250000000,2840000000
13915,17807250000000,2840000000
13916,17832250000000,2840000000
13917,17857250000000,2850000000
13918,17882250000000,2850000000
13919,17907250000000,2850000000
13920,17932250000000,2850000000
13921,17957250000000,2850000000
13922,17982250000000,2850000000
13923,18007250000000,2850000000
13924,18032250000000,2850000000
13925,18057250000000,2850000000
13926,18082250000000,2850000000
13927,18107250000000,2850000000
13928,18132250000000,2850000000
13929,18157250000000,2850000000
13930,18182250000000,2850000000
13931,18207250000000,2850000000
13932,18232250000000,2850000000
13933,18257250000000,2850000000
13934,18282250000000,2850000000
13935,18307250000000,2850000000
13936,18332250000000,2850000000
13937,18357250000000,2850000000
13938,18382250000000,2850000000
13939,18407250000000,2850000000
13940,18432250000000,2850000000
13941,18457250000000,2850000000
13942,18482250000000,2850000000
13943,18507250000000,2850000000
13944,18532250000000,2850000000
13945,18557250000000,2850000000
13946,18582250000000,2850000000
13947,18607250000000,2850000000
13948,18632250000000,2850000000
13949,18657250000000,2850000000
13950,18682250000000,2850000000
13951,18707250000000,2850000000
13952,18732250000000,2850000000
13953,18757250000000,2850000000
13954,18782250000000,2850000000
13955,18807250000000,2850000000
13956,18832250000000,2850000000
13957,18857250000000,2850000000
13958,18882250000000,2850000000
13959,18907250000000,2850000000
13960,18932250000000,2850000000
13961,18957250000000,2850000000
13962,18982250000000,2850000000
13963,19007250000000,2850000000
13964,19032250000000,2850000000
13965,19057250000000,2860000000
13966,19082250000000,2860000000
13967,19107250000000,2860000000
13968,19132250000000,2860000000
13969,19157250000000,2860000000
13970,19182250000000,2860000000
13971,19207250000000,2860000000
13972,19232250000000,2860000000
13973,19257250000000,2860000000
13974,19282250000000,2860000000
13975,19307250000000,2860000000
13976,19332250000000,2860000000
13977,19357250000000,2860000000
13978,19382250000000,2860000000
13979,19407250000000,2860000000
13980,19432250000000,2860000000
13981,19457250000000,2860000000
13982,19482250000000,2860000000
13983,19507250000000,2860000000
13984,19532250000000,2860000000
13985,19557250000000,2860000000
13986,19582250000000,2860000000
13987,19607250000000,2860000000
13988,19632250000000,2860000000
13989,19657250000000,2860000000
13990,19682250000000,2860000000
13991,19707250000000,2860000000
13992,19732250000000,2860000000
13993,19757250000000,2860000000
13994,19782250000000,2860000000
13995,19807250000000,2860000000
13996,19832250000000,2860000000
13997,19857250000000,2860000000
13998,19882250000000,2860000000
13999,19907250000000,2860000000
14000,19932250000000,2860000000
14001,19994750000000,2860000000
14002,20057250000000,2860000000
14003,20119750000000,2860000000
14004,20182250000000,2860000000
14005,20244750000000,2860000000
14006,20307250000000,2860000000
14007,20369750000000,2860000000
14008,20432250000000,2860000000
14009,20494750000000,2860000000
14010,20557250000000,2860000000
14011,20619750000000,2860000000
14012,20682250000000,2860000000
14013,20744750000000,2860000000
14014,20807250000000,2870000000
14015,20869750000000,2870000000
14016,20932250000000,2870000000
14017,20994750000000,2870000000
14018,21057250000000,2870000000
14019,21119750000000,2870000000
14020,21182250000000,2870000000
14021,21244750000000,2870000000
14022,21307250000000,2870000000
14023,21369750000000,2870000000
14024,21432250000000,2870000000
14025,21494750000000,2870000000
14026,21557250000000,2870000000
14027,21619750000000,2870000000
14028,21682250000000,2870000000
14029,21744750000000,2870000000
14030,21807250000000,2870000000
14031,21869750000000,2870000000
14032,21932250000000,2870000000
14033,21994750000000,2870000000
14034,22057250000000,2870000000
14035,22119750000000,2870000000
14036,22182250000000,2870000000
14037,22244750000000,2870000000
14038,22307250000000,2870000000
14039,22369750000000,2870000000
14040,22432250000000,2870000000
14041,22494750000000,2870000000
14042,22557250000000,2870000000
14043,22619750000000,2870000000
14044,22682250000000,2870000000
14045,22744750000000,2870000000
14046,22807250000000,2870000000
14047,22869750000000,2870000000
14048,22932250000000,2870000000
14049,22994750000000,2870000000
14050,23057250000000,2870000000
14051,23119750000000,2870000000
14052,23182250000000,2870000000
14053,23244750000000,2870000000
14054,23307250000000,2870000000
14055,23369750000000,2870000000
14056,23432250000000,2870000000
14057,23494750000000,2870000000
14058,23557250000000,2870000000
14059,23619750000000,2870000000
14060,23682250000000,2870000000
14061,23744750000000,2870000000
14062,23807250000000,2870000000
14063,23869750000000,2880000000
14064,23932250000000,2880000000
14065,23994750000000,2880000000
14066,24057250000000,2880000000
14067,24119750000000,2880000000
14068,24182250000000,2880000000
14069,24244750000000,2880000000
14070,24307250000000,2880000000
14071,24369750000000,2880000000
14072,24432250000000,2880000000
14073,24494750000000,2880000000
14074,24557250000000,2880000000
14075,24619750000000,2880000000
14076,24682250000000,2880000000
14077,24744750000000,2880000000
14078,24807250000000,2880000000
14079,24869750000000,2880000000
14080,24932250000000,2880000000
14081,24994750000000,2880000000
14082,25057250000000,2880000000
14083,25119750000000,2880000000
14084,25182250000000,2880000000
14085,25244750000000,2880000000
14086,25307250000000,2880000000
14087,25369750000000,2880000000
14088,25432250000000,2880000000
14089,25494750000000,2880000000
14090,25557250000000,2880000000
14091,25619750000000,2880000000
14092,25682250000000,2880000000
14093,25744750000000,2880000000
14094,25807250000000,2880000000
14095,25869750000000,2880000000
14096,25932250000000,2880000000
14097,25994750000000,2880000000
14098,26057250000000,2880000000
14099,26119750000000,2880000000
14100,26182250000000,2880000000
14101,26244750000000,2880000000
14102,26307250000000,2880000000
14103,26369750000000,2880000000
14104,26432250000000,2880000000
14105,26494750000000,2880000000
14106,26557250000000,2880000000
14107,26619750000000,2880000000
14108,26682250000000,2880000000
14109,26744750000000,2880000000
14110,26807250000000,2880000000
14111,26869750000000,2880000000
14112,26932250000000,2890000000
14113,26994750000000,2890000000
14114,27057250000000,2890000000
14115,27119750000000,2890000000
14116,27182250000000,2890000000
14117,27244750000000,2890000000
14118,27307250000000,2890000000
14119,27369750000000,2890000000
14120,27432250000000,2890000000
14121,27494750000000,2890000000
14122,27557250000000,2890000000
14123,27619750000000,2890000000
14124,27682250000000,2890000000
14125,27744750000000,2890000000
14126,27807250000000,2890000000
14127,27869750000000,2890000000
14128,27932250000000,2890000000
14129,27994750000000,2890000000
14130,28057250000000,2890000000
14131,28119750000000,2890000000
14132,28182250000000,2890000000
14133,28244750000000,2890000000
14134,28307250000000,2890000000
14135,28369750000000,2890000000
14136,28432250000000,2890000000
14137,28494750000000,2890000000
14138,28557250000000,2890000000
14139,28619750000000,2890000000
14140,28682250000000,2890000000
14141,28744750000000,2890000000
14142,28807250000000,2890000000
14143,28869750000000,2890000000
14144,28932250000000,2890000000
14145,28994750000000,2890000000
14146,29057250000000,2890000000
14147,29119750000000,2890000000
14148,29182250000000,2890000000
14149,29244750000000,2890000000
14150,29307250000000,2890000000
14151,29369750000000,2890000000
14152,29432250000000,2890000000
14153,29494750000000,2890000000
14154,29557250000000,2890000000
14155,29619750000000,2890000000
14156,29682250000000,2890000000
14157,29744750000000,2890000000
14158,29807250000000,2890000000
14159,29869750000000,2890000000
14160,29932250000000,2890000000
14161,29994750000000,2900000000
14162,30057250000000,2900000000
14163,30119750000000,2900000000
14164,30182250000000,2900000000
14165,30244750000000,2900000000
14166,30307250000000,2900000000
14167,30369750000000,2900000000
14168,30432250000000,2900000000
14169,30494750000000,2900000000
14170,30557250000000,2900000000
14171,30619750000000,2900000000
14172,30682250000000,2900000000
14173,30744750000000,2900000000
14174,30807250000000,2900000000
14175,30869750000000,2900000000
14176,30932250000000,2900000000
14177,30994750000000,2900000000
14178,31057250000000,2900000000
14179,31119750000000,2900000000
14180,31182250000000,2900000000
14181,31244750000000,2900000000
14182,31307250000000,2900000000
14183,31369750000000,2900000000
14184,31432250000000,2900000000
14185,31494750000000,2900000000
14186,31557250000000,2900000000
14187,31619750000000,2900000000
14188,31682250000000,2900000000
14189,31744750000000,2900000000
14190,31807250000000,2900000000
14191,31869750000000,2900000000
14192,31932250000000,2900000000
14193,31994750000000,2900000000
14194,32057250000000,2900000000
14195,32119750000000,2900000000
14196,32182250000000,2900000000
14197,32244750000000,2900000000
14198,32307250000000,2900000000
14199,32369750000000,2900000000
14200,32432250000000,2900000000
14201,32494750000000,2900000000
14202,32557250000000,2900000000
14203,32619750000000,2900000000
14204,32682250000000,2900000000
14205,32744750000000,2900000000
14206,32807250000000,2900000000
14207,32869750000000,2900000000
14208,32932250000000,2900000000
14209,32994750000000,2910000000
14210,33057250000000,2910000000
14211,33119750000000,2910000000
14212,33182250000000,2910000000
14213,33244750000000,2910000000
14214,33307250000000,2910000000
14215,33369750000000,2910000000
14216,33432250000000,2910000000
14217,33494750000000,2910000000
14218,33557250000000,2910000000
14219,33619750000000,2910000000
14220,33682250000000,2910000000
14221,33744750000000,2910000000
14222,33807250000000,2910000000
14223,33869750000000,2910000000
14224,33932250000000,2910000000
14225,33994750000000,2910000000
14226,34057250000000,2910000000
14227,34119750000000,2910000000
14228,34182250000000,2910000000
14229,34244750000000,2910000000
14230,34307250000000,2910000000
14231,34369750000000,2910000000
14232,34432250000000,2910000000
14233,34494750000000,2910000000
14234,34557250000000,2910000000
14235,34619750000000,2910000000
14236,34682250000000,2910000000
14237,34744750000000,2910000000
14238,34807250000000,2910000000
14239,34869750000000,2910000000
14240,34932250000000,2910000000
14241,34994750000000,2910000000
14242,35057250000000,2910000000
14243,35119750000000,2910000000
14244,35182250000000,2910000000
14245,35244750000000,2910000000
14246,35307250000000,2910000000
14247,35369750000000,2910000000
14248,35432250000000,2910000000
14249,35494750000000,2910000000
14250,35557250000000,2910000000
14251,35619750000000,2910000000
14252,35682250000000,2910000000
14253,35744750000000,2910000000
14254,35807250000000,2910000000
14255,35869750000000,2910000000
14256,35932250000000,2910000000
14257,35994750000000,2910000000
14258,36057250000000,2920000000
14259,36119750000000,2920000000
14260,36182250000000,2920000000
14261,36244750000000,2920000000
14262,36307250000000,2920000000
14263,36369750000000,2920000000
14264,36432250000000,2920000000
14265,36494750000000,2920000000
14266,36557250000000,2920000000
14267,36619750000000,2920000000
14268,36682250000000,2920000000
14269,36744750000000,2920000000
14270,36807250000000,2920000000
14271,36869750000000,2920000000
14272,36932250000000,2920000000
14273,36994750000000,2920000000
14274,37057250000000,2920000000
14275,37119750000000,2920000000
14276,37182250000000,2920000000
14277,37244750000000,2920000000
14278,37307250000000,2920000000
14279,37369750000000,2920000000
14280,37432250000000,2920000000
14281,37494750000000,2920000000
14282,37557250000000,2920000000
14283,37619750000000,2920000000
14284,37682250000000,2920000000
14285,37744750000000,2920000000
14286,37807250000000,2920000000
14287,37869750000000,2920000000
14288,37932250000000,2920000000
14289,37994750000000,2920000000
14290,38057250000000,2920000000
14291,38119750000000,2920000000
14292,38182250000000,2920000000
14293,38244750000000,2920000000
14294,38307250000000,2920000000
14295,38369750000000,2920000000
14296,38432250000000,2920000000
14297,38494750000000,2920000000
14298,38557250000000,2920000000
14299,38619750000000,2920000000
14300,38682250000000,2920000000
14301,38744750000000,2920000000
14302,38807250000000,2920000000
14303,38869750000000,2920000000
14304,38932250000000,2920000000
14305,38994750000000,2920000000
14306,39057250000000,2920000000
14307,39119750000000,2930000000
14308,39182250000000,2930000000
14309,39244750000000,2930000000
14310,39307250000000,2930000000
14311,39369750000000,2930000000
14312,39432250000000,2930000000
14313,39494750000000,2930000000
14314,39557250000000,2930000000
14315,39619750000000,2930000000
14316,39682250000000,2930000000
14317,39744750000000,2930000000
14318,39807250000000,2930000000
14319,39869750000000,2930000000
14320,39932250000000,2930000000
14321,39994750000000,2930000000
14322,40057250000000,2930000000
14323,40119750000000,2930000000
14324,40182250000000,2930000000
14325,40244750000000,2930000000
14326,40307250000000,2930000000
14327,40369750000000,2930000000
14328,40432250000000,2930000000
14329,40494750000000,2930000000
14330,40557250000000,2930000000
14331,40619750000000,2930000000
14332,40682250000000,2930000000
14333,40744750000000,2930000000
14334,40807250000000,2930000000
14335,40869750000000,2930000000
14336,40932250000000,2930000000
14337,40994750000000,2930000000
14338,41057250000000,2930000000
14339,41119750000000,2930000000
14340,41182250000000,2930000000
14341,41244750000000,2930000000
14342,41307250000000,2930000000
14343,41369750000000,2930000000
14344,41432250000000,2930000000
14345,41494750000000,2930000000
14346,41557250000000,2930000000
14347,41619750000000,2930000000
14348,41682250000000,2930000000
14349,41744750000000,2930000000
14350,41807250000000,2930000000
14351,41869750000000,2930000000
14352,41932250000000,2930000000
14353,41994750000000,2930000000
14354,42057250000000,2930000000
14355,42119750000000,2930000000
14356,42182250000000,2940000000
14357,42244750000000,2940000000
14358,42307250000000,2940000000
14359,42369750000000,2940000000
14360,42432250000000,2940000000
14361,42494750000000,2940000000
14362,42557250000000,2940000000
14363,42619750000000,2940000000
14364,42682250000000,2940000000
14365,42744750000000,2940000000
14366,42807250000000,2940000000
14367,42869750000000,2940000000
14368,42932250000000,2940000000
14369,42994750000000,2940000000
14370,43057250000000,2940000000
14371,43119750000000,2940000000
14372,43182250000000,2940000000
14373,43244750000000,2940000000
14374,43307250000000,2940000000
14375,43369750000000,2940000000
14376,43432250000000,2940000000
14377,43494750000000,2940000000
14378,43557250000000,2940000000
14379,43619750000000,2940000000
14380,43682250000000,2940000000
14381,43744750000000,2940000000
14382,43807250000000,2940000000
14383,43869750000000,2940000000
14384,43932250000000,2940000000
14385,43994750000000,2940000000
14386,44057250000000,2940000000
14387,44119750000000,2940000000
14388,44182250000000,2940000000
14389,44244750000000,2940000000
14390,44307250000000,2940000000
14391,44369750000000,2940000000
14392,44432250000000,2940000000
14393,44494750000000,2940000000
14394,44557250000000,2940000000
14395,44619750000000,2940000000
14396,44682250000000,2940000000
14397,44744750000000,2940000000
14398,44807250000000,2940000000
14399,44869750000000,2940000000
14400,44932250000000,2940000000
14401,44994750000000,2940000000
14402,45057250000000,2940000000
14403,45119750000000,2940000000
14404,45182250000000,2940000000
14405,45244750000000,2950000000
14406,45307250000000,2950000000
14407,45369750000000,2950000000
14408,45432250000000,2950000000
14409,45494750000000,2950000000
14410,45557250000000,2950000000
14411,45619750000000,2950000000
14412,45682250000000,2950000000
14413,45744750000000,2950000000
14414,45807250000000,2950000000
14415,45869750000000,2950000000
14416,45932250000000,2950000000
14417,45994750000000,2950000000
14418,46057250000000,2950000000
14419,46119750000000,2950000000
14420,46182250000000,2950000000
14421,46244750000000,2950000000
14422,46307250000000,2950000000
14423,46369750000000,2950000000
14424,46432250000000,2950000000
14425,46494750000000,2950000000
14426,46557250000000,2950000000
14427,46619750000000,2950000000
14428,46682250000000,2950000000
14429,46744750000000,2950000000
14430,46807250000000,2950000000
14431,46869750000000,2950000000
14432,46932250000000,2950000000
14433,46994750000000,2950000000
14434,47057250000000,2950000000
14435,47119750000000,2950000000
14436,47182250000000,2950000000
14437,47244750000000,2950000000
14438,47307250000000,2950000000
14439,47369750000000,2950000000
14440,47432250000000,2950000000
14441,47494750000000,2950000000
14442,47557250000000,2950000000
14443,47619750000000,2950000000
14444,47682250000000,2950000000
14445,47744750000000,2950000000
14446,47807250000000,2950000000
14447,47869750000000,2950000000
14448,47932250000000,2950000000
14449,47994750000000,2950000000
14450,48057250000000,2950000000
14451,48119750000000,2950000000
14452,48182250000000,2950000000
14453,48244750000000,2950000000
14454,48307250000000,2960000000
14455,48369750000000,2960000000
14456,48432250000000,2960000000
14457,48494750000000,2960000000
14458,48557250000000,2960000000
14459,48619750000000,2960000000
14460,48682250000000,2960000000
14461,48744750000000,2960000000
14462,48807250000000,2960000000
14463,48869750000000,2960000000
14464,48932250000000,2960000000
14465,48994750000000,2960000000
14466,49057250000000,2960000000
14467,49119750000000,2960000000
14468,49182250000000,2960000000
14469,49244750000000,2960000000
14470,49307250000000,2960000000
14471,49369750000000,2960000000
14472,49432250000000,2960000000
14473,49494750000000,2960000000
14474,49557250000000,2960000000
14475,49619750000000,2960000000
14476,49682250000000,2960000000
14477,49744750000000,2960000000
14478,49807250000000,2960000000
14479,49869750000000,2960000000
14480,49932250000000,2960000000
14481,49994750000000,2960000000
14482,50057250000000,2960000000
14483,50119750000000,2960000000
14484,50182250000000,2960000000
14485,50244750000000,2960000000
14486,50307250000000,2960000000
14487,50369750000000,2960000000
14488,50432250000000,2960000000
14489,50494750000000,2960000000
14490,50557250000000,2960000000
14491,50619750000000,2960000000
14492,50682250000000,2960000000
14493,50744750000000,2960000000
14494,50807250000000,2960000000
14495,50869750000000,2960000000
14496,50932250000000,2960000000
14497,50994750000000,2960000000
14498,51057250000000,2960000000
14499,51119750000000,2960000000
14500,51182250000000,2960000000
14501,51244750000000,2960000000
14502,51307250000000,2970000000
14503,51369750000000,2970000000
14504,51432250000000,2970000000
14505,51494750000000,2970000000
14506,51557250000000,2970000000
14507,51619750000000,2970000000
14508,51682250000000,2970000000
14509,51744750000000,2970000000
14510,51807250000000,2970000000
14511,51869750000000,2970000000
14512,51932250000000,2970000000
14513,51994750000000,2970000000
14514,52057250000000,2970000000
14515,52119750000000,2970000000
14516,52182250000000,2970000000
14517,52244750000000,2970000000
14518,52307250000000,2970000000
14519,52369750000000,2970000000
14520,52432250000000,2970000000
14521,52494750000000,2970000000
14522,52557250000000,2970000000
14523,52619750000000,2970000000
14524,52682250000000,2970000000
14525,52744750000000,2970000000
14526,52807250000000,2970000000
14527,52869750000000,2970000000
14528,52932250000000,2970000000
14529,52994750000000,2970000000
14530,53057250000000,2970000000
14531,53119750000000,2970000000
14532,53182250000000,2970000000
14533,53244750000000,2970000000
14534,53307250000000,2970000000
14535,53369750000000,2970000000
14536,53432250000000,2970000000
14537,53494750000000,2970000000
14538,53557250000000,2970000000
14539,53619750000000,2970000000
14540,53682250000000,2970000000
14541,53744750000000,2970000000
14542,53807250000000,2970000000
14543,53869750000000,2970000000
14544,53932250000000,2970000000
14545,53994750000000,2970000000
14546,54057250000000,2970000000
14547,54119750000000,2970000000
14548,54182250000000,2970000000
14549,54244750000000,2970000000
14550,54307250000000,2970000000
14551,54369750000000,2980000000
14552,54432250000000,2980000000
14553,54494750000000,2980000000
14554,54557250000000,2980000000
14555,54619750000000,2980000000
14556,54682250000000,2980000000
14557,54744750000000,2980000000
14558,54807250000000,2980000000
14559,54869750000000,2980000000
14560,54932250000000,2980000000
14561,54994750000000,2980000000
14562,55057250000000,2980000000
14563,55119750000000,2980000000
14564,55182250000000,2980000000
14565,55244750000000,2980000000
14566,55307250000000,2980000000
14567,55369750000000,2980000000
14568,55432250000000,2980000000
14569,55494750000000,2980000000
14570,55557250000000,2980000000
14571,55619750000000,2980000000
14572,55682250000000,2980000000
14573,55744750000000,2980000000
14574,55807250000000,2980000000
14575,55869750000000,2980000000
14576,55932250000000,2980000000
14577,55994750000000,2980000000
14578,56057250000000,2980000000
14579,56119750000000,2980000000
14580,56182250000000,2980000000
14581,56244750000000,2980000000
14582,56307250000000,2980000000
14583,56369750000000,2980000000
14584,56432250000000,2980000000
14585,56494750000000,2980000000
14586,56557250000000,2980000000
14587,56619750000000,2980000000
14588,56682250000000,2980000000
14589,56744750000000,2980000000
14590,56807250000000,2980000000
14591,56869750000000,2980000000
14592,56932250000000,2980000000
14593,56994750000000,2980000000
14594,57057250000000,2980000000
14595,57119750000000,2980000000
14596,57182250000000,2980000000
14597,57244750000000,2980000000
14598,57307250000000,2980000000
14599,57369750000000,2980000000
14600,57432250000000,2990000000
14601,57494750000000,2990000000
14602,57557250000000,2990000000
14603,57619750000000,2990000000
14604,57682250000000,2990000000
14605,57744750000000,2990000000
14606,57807250000000,2990000000
14607,57869750000000,2990000000
14608,57932250000000,2990000000
14609,57994750000000,2990000000
14610,58057250000000,2990000000
14611,58119750000000,2990000000
14612,58182250000000,2990000000
14613,58244750000000,2990000000
14614,58307250000000,2990000000
14615,58369750000000,2990000000
14616,58432250000000,2990000000
14617,58494750000000,2990000000
14618,58557250000000,2990000000
14619,58619750000000,2990000000
14620,58682250000000,2990000000
14621,58744750000000,2990000000
14622,58807250000000,2990000000
14623,58869750000000,2990000000
14624,58932250000000,2990000000
14625,58994750000000,2990000000
14626,59057250000000,2990000000
14627,59119750000000,2990000000
14628,59182250000000,2990000000
14629,59244750000000,2990000000
14630,59307250000000,2990000000
14631,59369750000000,2990000000
14632,59432250000000,2990000000
14633,59494750000000,2990000000
14634,59557250000000,2990000000
14635,59619750000000,2990000000
14636,59682250000000,2990000000
14637,59744750000000,2990000000
14638,59807250000000,2990000000
14639,59869750000000,2990000000
14640,59932250000000,2990000000
14641,59994750000000,2990000000
14642,60057250000000,2990000000
14643,60119750000000,2990000000
14644,60182250000000,2990000000
14645,60244750000000,2990000000
14646,60307250000000,2990000000
14647,60369750000000,2990000000
14648,60432250000000,2990000000
14649,60494750000000,3000000000
14650,60557250000000,3000000000
14651,60619750000000,3000000000
14652,60682250000000,3000000000
14653,60744750000000,3000000000
14654,60807250000000,3000000000
14655,60869750000000,3000000000
14656,60932250000000,3000000000
14657,60994750000000,3000000000
14658,61057250000000,3000000000
14659,61119750000000,3000000000
14660,61182250000000,3000000000
14661,61244750000000,3000000000
14662,61307250000000,3000000000
14663,61369750000000,3000000000
14664,61432250000000,3000000000
14665,61494750000000,3000000000
14666,61557250000000,3000000000
14667,61619750000000,3000000000
14668,61682250000000,3000000000
14669,61744750000000,3000000000
14670,61807250000000,3000000000
14671,61869750000000,3000000000
14672,61932250000000,3000000000
14673,61994750000000,3000000000
14674,62057250000000,3000000000
14675,62119750000000,3000000000
14676,62182250000000,3000000000
14677,62244750000000,3000000000
14678,62307250000000,3000000000
14679,62369750000000,3000000000
14680,62432250000000,3000000000
14681,62494750000000,3000000000
14682,62557250000000,3000000000
14683,62619750000000,3000000000
14684,62682250000000,3000000000
14685,62744750000000,3000000000
14686,62807250000000,3000000000
14687,62869750000000,3000000000
14688,62932250000000,3000000000
14689,62994750000000,3000000000
14690,63057250000000,3000000000
14691,63119750000000,3000000000
14692,63182250000000,3000000000
14693,63244750000000,3000000000
14694,63307250000000,3000000000
14695,63369750000000,3000000000
14696,63432250000000,3000000000
14697,63494750000000,3000000000
14698,63557250000000,3010000000
14699,63619750000000,3010000000
14700,63682250000000,3010000000
14701,63744750000000,3010000000
14702,63807250000000,3010000000
14703,63869750000000,3010000000
14704,63932250000000,3010000000
14705,63994750000000,3010000000
14706,64057250000000,3010000000
14707,64119750000000,3010000000
14708,64182250000000,3010000000
14709,64244750000000,3010000000
14710,64307250000000,3010000000
14711,64369750000000,3010000000
14712,64432250000000,3010000000
14713,64494750000000,3010000000
14714,64557250000000,3010000000
14715,64619750000000,3010000000
14716,64682250000000,3010000000
14717,64744750000000,3010000000
14718,64807250000000,3010000000
14719,64869750000000,3010000000
14720,64932250000000,3010000000
14721,64994750000000,3010000000
14722,65057250000000,3010000000
14723,65119750000000,3010000000
14724,65182250000000,3010000000
14725,65244750000000,3010000000
14726,65307250000000,3010000000
14727,65369750000000,3010000000
14728,65432250000000,3010000000
14729,65494750000000,3010000000
14730,65557250000000,3010000000
14731,65619750000000,3010000000
14732,65682250000000,3010000000
14733,65744750000000,3010000000
14734,65807250000000,3010000000
14735,65869750000000,3010000000
14736,65932250000000,3010000000
14737,65994750000000,3010000000
14738,66057250000000,3010000000
14739,66119750000000,3010000000
14740,66182250000000,3010000000
14741,66244750000000,3010000000
14742,66307250000000,3010000000
14743,66369750000000,3010000000
14744,66432250000000,3010000000
14745,66494750000000,3010000000
14746,66557250000000,3010000000
14747,66619750000000,3020000000
14748,66682250000000,3020000000
14749,66744750000000,3020000000
14750,66807250000000,3020000000
14751,66869750000000,3020000000
14752,66932250000000,3020000000
14753,66994750000000,3020000000
14754,67057250000000,3020000000
14755,67119750000000,3020000000
14756,67182250000000,3020000000
14757,67244750000000,3020000000
14758,67307250000000,3020000000
14759,67369750000000,3020000000
14760,67432250000000,3020000000
14761,67494750000000,3020000000
14762,67557250000000,3020000000
14763,67619750000000,3020000000
14764,67682250000000,3020000000
14765,67744750000000,3020000000
14766,67807250000000,3020000000
14767,67869750000000,3020000000
14768,67932250000000,3020000000
14769,67994750000000,3020000000
14770,68057250000000,3020000000
14771,68119750000000,3020000000
14772,68182250000000,3020000000
14773,68244750000000,3020000000
14774,68307250000000,3020000000
14775,68369750000000,3020000000
14776,68432250000000,3020000000
14777,68494750000000,3020000000
14778,68557250000000,3020000000
14779,68619750000000,3020000000
14780,68682250000000,3020000000
14781,68744750000000,3020000000
14782,68807250000000,3020000000
14783,68869750000000,3020000000
14784,68932250000000,3020000000
14785,68994750000000,3020000000
14786,69057250000000,3020000000
14787,69119750000000,3020000000
14788,69182250000000,3020000000
14789,69244750000000,3020000000
14790,69307250000000,3020000000
14791,69369750000000,3020000000
14792,69432250000000,3020000000
14793,69494750000000,3020000000
14794,69557250000000,3020000000
14795,69619750000000,3030000000
14796,69682250000000,3030000000
14797,69744750000000,3030000000
14798,69807250000000,3030000000
14799,69869750000000,3030000000
14800,69932250000000,3030000000
14801,69994750000000,3030000000
14802,70057250000000,3030000000
14803,70119750000000,3030000000
14804,70182250000000,3030000000
14805,70244750000000,3030000000
14806,70307250000000,3030000000
14807,70369750000000,3030000000
14808,70432250000000,3030000000
14809,70494750000000,3030000000
14810,70557250000000,3030000000
14811,70619750000000,3030000000
14812,70682250000000,3030000000
14813,70744750000000,3030000000
14814,70807250000000,3030000000
14815,70869750000000,3030000000
14816,70932250000000,3030000000
14817,70994750000000,3030000000
14818,71057250000000,3030000000
14819,71119750000000,3030000000
14820,71182250000000,3030000000
14821,71244750000000,3030000000
14822,71307250000000,3030000000
14823,71369750000000,3030000000
14824,71432250000000,3030000000
14825,71494750000000,3030000000
14826,71557250000000,3030000000
14827,71619750000000,3030000000
14828,71682250000000,3030000000
14829,71744750000000,3030000000
14830,71807250000000,3030000000
14831,71869750000000,3030000000
14832,71932250000000,3030000000
14833,71994750000000,3030000000
14834,72057250000000,3030000000
14835,72119750000000,3030000000
14836,72182250000000,3030000000
14837,72244750000000,3030000000
14838,72307250000000,3030000000
14839,72369750000000,3030000000
14840,72432250000000,3030000000
14841,72494750000000,3030000000
14842,72557250000000,3030000000
14843,72619750000000,3030000000
14844,72682250000000,3040000000
14845,72744750000000,3040000000
14846,72807250000000,3040000000
14847,72869750000000,3040000000
14848,72932250000000,3040000000
14849,72994750000000,3040000000
14850,73057250000000,3040000000
14851,73119750000000,3040000000
14852,73182250000000,3040000000
14853,73244750000000,3040000000
14854,73307250000000,3040000000
14855,73369750000000,3040000000
14856,73432250000000,3040000000
14857,73494750000000,3040000000
14858,73557250000000,3040000000
14859,73619750000000,3040000000
14860,73682250000000,3040000000
14861,73744750000000,3040000000
14862,73807250000000,3040000000
14863,73869750000000,3040000000
14864,73932250000000,3040000000
14865,73994750000000,3040000000
14866,74057250000000,3040000000
14867,74119750000000,3040000000
14868,74182250000000,3040000000
14869,74244750000000,3040000000
14870,74307250000000,3040000000
14871,74369750000000,3040000000
14872,74432250000000,3040000000
14873,74494750000000,3040000000
14874,74557250000000,3040000000
14875,74619750000000,3040000000
14876,74682250000000,3040000000
14877,74744750000000,3040000000
14878,74807250000000,3040000000
14879,74869750000000,3040000000
14880,74932250000000,3040000000
14881,74994750000000,3040000000
14882,75057250000000,3040000000
14883,75119750000000,3040000000
14884,75182250000000,3040000000
14885,75244750000000,3040000000
14886,75307250000000,3040000000
14887,75369750000000,3040000000
14888,75432250000000,3040000000
14889,75494750000000,3040000000
14890,75557250000000,3040000000
14891,75619750000000,3040000000
14892,75682250000000,3040000000
14893,75744750000000,3050000000
14894,75807250000000,3050000000
14895,75869750000000,3050000000
14896,75932250000000,3050000000
14897,75994750000000,3050000000
14898,76057250000000,3050000000
14899,76119750000000,3050000000
14900,76182250000000,3050000000
14901,76244750000000,3050000000
14902,76307250000000,3050000000
14903,76369750000000,3050000000
14904,76432250000000,3050000000
14905,76494750000000,3050000000
14906,76557250000000,3050000000
14907,76619750000000,3050000000
14908,76682250000000,3050000000
14909,76744750000000,3050000000
14910,76807250000000,3050000000
14911,76869750000000,3050000000
14912,76932250000000,3050000000
14913,76994750000000,3050000000
14914,77057250000000,3050000000
14915,77119750000000,3050000000
14916,77182250000000,3050000000
14917,77244750000000,3050000000
14918,77307250000000,3050000000
14919,77369750000000,3050000000
14920,77432250000000,3050000000
14921,77494750000000,3050000000
14922,77557250000000,3050000000
14923,77619750000000,3050000000
14924,77682250000000,3050000000
14925,77744750000000,3050000000
14926,77807250000000,3050000000
14927,77869750000000,3050000000
14928,77932250000000,3050000000
14929,77994750000000,3050000000
14930,78057250000000,3050000000
14931,78119750000000,3050000000
14932,78182250000000,3050000000
14933,78244750000000,3050000000
14934,78307250000000,3050000000
14935,78369750000000,3050000000
14936,78432250000000,3050000000
14937,78494750000000,3050000000
14938,78557250000000,3050000000
14939,78619750000000,3050000000
14940,78682250000000,3050000000
14941,78744750000000,3050000000
14942,78807250000000,3060000000
14943,78869750000000,3060000000
14944,78932250000000,3060000000
14945,78994750000000,3060000000
14946,79057250000000,3060000000
14947,79119750000000,3060000000
14948,79182250000000,3060000000
14949,79244750000000,3060000000
14950,79307250000000,3060000000
14951,79369750000000,3060000000
14952,79432250000000,3060000000
14953,79494750000000,3060000000
14954,79557250000000,3060000000
14955,79619750000000,3060000000
14956,79682250000000,3060000000
14957,79744750000000,3060000000
14958,79807250000000,3060000000
14959,79869750000000,3060000000
14960,79932250000000,3060000000
14961,79994750000000,3060000000
14962,80057250000000,3060000000
14963,80119750000000,3060000000
14964,80182250000000,3060000000
14965,80244750000000,3060000000
14966,80307250000000,3060000000
14967,80369750000000,3060000000
14968,80432250000000,3060000000
14969,80494750000000,3060000000
14970,80557250000000,3060000000
14971,80619750000000,3060000000
14972,80682250000000,3060000000
14973,80744750000000,3060000000
14974,80807250000000,3060000000
14975,80869750000000,3060000000
14976,80932250000000,3060000000
14977,80994750000000,3060000000
14978,81057250000000,3060000000
14979,81119750000000,3060000000
14980,81182250000000,3060000000
14981,81244750000000,3060000000
14982,81307250000000,3060000000
14983,81369750000000,3060000000
14984,81432250000000,3060000000
14985,81494750000000,3060000000
14986,81557250000000,3060000000
14987,81619750000000,3060000000
14988,81682250000000,3060000000
14989,81744750000000,3060000000
14990,81807250000000,3060000000
14991,81869750000000,3070000000
14992,81932250000000,3070000000
14993,81994750000000,3070000000
14994,82057250000000,3070000000
14995,82119750000000,3070000000
14996,82182250000000,3070000000
14997,82244750000000,3070000000
14998,82307250000000,3070000000
14999,82369750000000,3070000000
15000,82432250000000,3070000000
15001,82557250000000,3070000000
15002,82682250000000,3070000000
15003,82807250000000,3070000000
15004,82932250000000,3070000000
15005,83057250000000,3070000000
15006,83182250000000,3070000000
15007,83307250000000,3070000000
15008,83432250000000,3070000000
15009,83557250000000,3070000000
15010,83682250000000,3070000000
15011,83807250000000,3070000000
15012,83932250000000,3070000000
15013,84057250000000,3070000000
15014,84182250000000,3070000000
15015,84307250000000,3070000000
15016,84432250000000,3070000000
15017,84557250000000,3070000000
15018,84682250000000,3070000000
15019,84807250000000,3070000000
15020,84932250000000,3070000000
15021,85057250000000,3070000000
15022,85182250000000,3070000000
15023,85307250000000,3070000000
15024,85432250000000,3070000000
15025,85557250000000,3070000000
15026,85682250000000,3070000000
15027,85807250000000,3070000000
15028,85932250000000,3070000000
15029,86057250000000,3070000000
15030,86182250000000,3070000000
15031,86307250000000,3070000000
15032,86432250000000,3070000000
15033,86557250000000,3070000000
15034,86682250000000,3070000000
15035,86807250000000,3070000000
15036,86932250000000,3070000000
15037,87057250000000,3070000000
15038,87182250000000,3070000000
15039,87307250000000,3070000000
15040,87432250000000,3080000000
15041,87557250000000,3080000000
15042,87682250000000,3080000000
15043,87807250000000,3080000000
15044,87932250000000,3080000000
15045,88057250000000,3080000000
15046,88182250000000,3080000000
15047,88307250000000,3080000000
15048,88432250000000,3080000000
15049,88557250000000,3080000000
15050,88682250000000,3080000000
15051,88807250000000,3080000000
15052,88932250000000,3080000000
15053,89057250000000,3080000000
15054,89182250000000,3080000000
15055,89307250000000,3080000000
15056,89432250000000,3080000000
15057,89557250000000,3080000000
15058,89682250000000,3080000000
15059,89807250000000,3080000000
15060,89932250000000,3080000000
15061,90057250000000,3080000000
15062,90182250000000,3080000000
15063,90307250000000,3080000000
15064,90432250000000,3080000000
15065,90557250000000,3080000000
15066,90682250000000,3080000000
15067,90807250000000,3080000000
15068,90932250000000,3080000000
15069,91057250000000,3080000000
15070,91182250000000,3080000000
15071,91307250000000,3080000000
15072,91432250000000,3080000000
15073,91557250000000,3080000000
15074,91682250000000,3080000000
15075,91807250000000,3080000000
15076,91932250000000,3080000000
15077,92057250000000,3080000000
15078,92182250000000,3080000000
15079,92307250000000,3080000000
15080,92432250000000,3080000000
15081,92557250000000,3080000000
15082,92682250000000,3080000000
15083,92807250000000,3080000000
15084,92932250000000,3080000000
15085,93057250000000,3080000000
15086,93182250000000,3080000000
15087,93307250000000,3080000000
15088,93432250000000,3090000000
15089,93557250000000,3090000000
15090,93682250000000,3090000000
15091,93807250000000,3090000000
15092,93932250000000,3090000000
15093,94057250000000,3090000000
15094,94182250000000,3090000000
15095,94307250000000,3090000000
15096,94432250000000,3090000000
15097,94557250000000,3090000000
15098,94682250000000,3090000000
15099,94807250000000,3090000000
15100,94932250000000,3090000000
15101,95057250000000,3090000000
15102,95182250000000,3090000000
15103,95307250000000,3090000000
15104,95432250000000,3090000000
15105,95557250000000,3090000000
15106,95682250000000,3090000000
15107,95807250000000,3090000000
15108,95932250000000,3090000000
15109,96057250000000,3090000000
15110,96182250000000,3090000000
15111,96307250000000,3090000000
15112,96432250000000,3090000000
15113,96557250000000,3090000000
15114,96682250000000,3090000000
15115,96807250000000,3090000000
15116,96932250000000,3090000000
15117,97057250000000,3090000000
15118,97182250000000,3090000000
15119,97307250000000,3090000000
15120,97432250000000,3090000000
15121,97557250000000,3090000000
15122,97682250000000,3090000000
15123,97807250000000,3090000000
15124,97932250000000,3090000000
15125,98057250000000,3090000000
15126,98182250000000,3090000000
15127,98307250000000,3090000000
15128,98432250000000,3090000000
15129,98557250000000,3090000000
15130,98682250000000,3090000000
15131,98807250000000,3090000000
15132,98932250000000,3090000000
15133,99057250000000,3090000000
15134,99182250000000,3090000000
15135,99307250000000,3090000000
15136,99432250000000,3090000000
15137,99557250000000,3100000000
15138,99682250000000,3100000000
15139,99807250000000,3100000000
15140,99932250000000,3100000000
15141,100057250000000,3100000000
15142,100182250000000,3100000000
15143,100307250000000,3100000000
15144,100432250000000,3100000000
15145,100557250000000,3100000000
15146,100682250000000,3100000000
15147,100807250000000,3100000000
15148,100932250000000,3100000000
15149,101057250000000,3100000000
15150,101182250000000,3100000000
15151,101307250000000,3100000000
15152,101432250000000,3100000000
15153,101557250000000,3100000000
15154,101682250000000,3100000000
15155,101807250000000,3100000000
15156,101932250000000,3100000000
15157,102057250000000,3100000000
15158,102182250000000,3100000000
15159,102307250000000,3100000000
15160,102432250000000,3100000000
15161,102557250000000,3100000000
15162,102682250000000,3100000000
15163,102807250000000,3100000000
15164,102932250000000,3100000000
15165,103057250000000,3100000000
15166,103182250000000,3100000000
15167,103307250000000,3100000000
15168,103432250000000,3100000000
15169,103557250000000,3100000000
15170,103682250000000,3100000000
15171,103807250000000,3100000000
15172,103932250000000,3100000000
15173,104057250000000,3100000000
15174,104182250000000,3100000000
15175,104307250000000,3100000000
15176,104432250000000,3100000000
15177,104557250000000,3100000000
15178,104682250000000,3100000000
15179,104807250000000,3100000000
15180,104932250000000,3100000000
15181,105057250000000,3100000000
15182,105182250000000,3100000000
15183,105307250000000,3100000000
15184,105432250000000,3100000000
15185,105557250000000,3100000000
15186,105682250000000,3110000000
15187,105807250000000,3110000000
15188,105932250000000,3110000000
15189,106057250000000,3110000000
15190,106182250000000,3110000000
15191,106307250000000,3110000000
15192,106432250000000,3110000000
15193,106557250000000,3110000000
15194,106682250000000,3110000000
15195,106807250000000,3110000000
15196,106932250000000,3110000000
15197,107057250000000,3110000000
15198,107182250000000,3110000000
15199,107307250000000,3110000000
15200,107432250000000,3110000000
15201,107557250000000,3110000000
15202,107682250000000,3110000000
15203,107807250000000,3110000000
15204,107932250000000,3110000000
15205,108057250000000,3110000000
15206,108182250000000,3110000000
15207,108307250000000,3110000000
15208,108432250000000,3110000000
15209,108557250000000,3110000000
15210,108682250000000,3110000000
15211,108807250000000,3110000000
15212,108932250000000,3110000000
15213,109057250000000,3110000000
15214,109182250000000,3110000000
15215,109307250000000,3110000000
15216,109432250000000,3110000000
15217,109557250000000,3110000000
15218,109682250000000,3110000000
15219,109807250000000,3110000000
15220,109932250000000,3110000000
15221,110057250000000,3110000000
15222,110182250000000,3110000000
15223,110307250000000,3110000000
15224,110432250000000,3110000000
15225,110557250000000,3110000000
15226,110682250000000,3110000000
15227,110807250000000,3110000000
15228,110932250000000,3110000000
15229,111057250000000,3110000000
15230,111182250000000,3110000000
15231,111307250000000,3110000000
15232,111432250000000,3110000000
15233,111557250000000,3110000000
15234,111682250000000,3110000000
15235,111807250000000,3120000000
15236,111932250000000,3120000000
15237,112057250000000,3120000000
15238,112182250000000,3120000000
15239,112307250000000,3120000000
15240,112432250000000,3120000000
15241,112557250000000,3120000000
15242,112682250000000,3120000000
15243,112807250000000,3120000000
15244,112932250000000,3120000000
15245,113057250000000,3120000000
15246,113182250000000,3120000000
15247,113307250000000,3120000000
15248,113432250000000,3120000000
15249,113557250000000,3120000000
15250,113682250000000,3120000000
15251,113807250000000,3120000000
15252,113932250000000,3120000000
15253,114057250000000,3120000000
15254,114182250000000,3120000000
15255,114307250000000,3120000000
15256,114432250000000,3120000000
15257,114557250000000,3120000000
15258,114682250000000,3120000000
15259,114807250000000,3120000000
15260,114932250000000,3120000000
15261,115057250000000,3120000000
15262,115182250000000,3120000000
15263,115307250000000,3120000000
15264,115432250000000,3120000000
15265,115557250000000,3120000000
15266,115682250000000,3120000000
15267,115807250000000,3120000000
15268,115932250000000,3120000000
15269,116057250000000,3120000000
15270,116182250000000,3120000000
15271,116307250000000,3120000000
15272,116432250000000,3120000000
15273,116557250000000,3120000000
15274,116682250000000,3120000000
15275,116807250000000,3120000000
15276,116932250000000,3120000000
15277,117057250000000,3120000000
15278,117182250000000,3120000000
15279,117307250000000,3120000000
15280,117432250000000,3120000000
15281,117557250000000,3120000000
15282,117682250000000,3120000000
15283,117807250000000,3120000000
15284,117932250000000,3130000000
15285,118057250000000,3130000000
15286,118182250000000,3130000000
15287,118307250000000,3130000000
15288,118432250000000,3130000000
15289,118557250000000,3130000000
15290,118682250000000,3130000000
15291,118807250000000,3130000000
15292,118932250000000,3130000000
15293,119057250000000,3130000000
15294,119182250000000,3130000000
15295,119307250000000,3130000000
15296,119432250000000,3130000000
15297,119557250000000,3130000000
15298,119682250000000,3130000000
15299,119807250000000,3130000000
15300,119932250000000,3130000000
15301,120057250000000,3130000000
15302,120182250000000,3130000000
15303,120307250000000,3130000000
15304,120432250000000,3130000000
15305,120557250000000,3130000000
15306,120682250000000,3130000000
15307,120807250000000,3130000000
15308,120932250000000,3130000000
15309,121057250000000,3130000000
15310,121182250000000,3130000000
15311,121307250000000,3130000000
15312,121432250000000,3130000000
15313,121557250000000,3130000000
15314,121682250000000,3130000000
15315,121807250000000,3130000000
15316,121932250000000,3130000000
15317,122057250000000,3130000000
15318,122182250000000,3130000000
15319,122307250000000,3130000000
15320,122432250000000,3130000000
15321,122557250000000,3130000000
15322,122682250000000,3130000000
15323,122807250000000,3130000000
15324,122932250000000,3130000000
15325,123057250000000,3130000000
15326,123182250000000,3130000000
15327,123307250000000,3130000000
15328,123432250000000,3130000000
15329,123557250000000,3130000000
15330,123682250000000,3130000000
15331,123807250000000,3130000000
15332,123932250000000,3130000000
15333,124057250000000,3140000000
15334,124182250000000,3140000000
15335,124307250000000,3140000000
15336,124432250000000,3140000000
15337,124557250000000,3140000000
15338,124682250000000,3140000000
15339,124807250000000,3140000000
15340,124932250000000,3140000000
15341,125057250000000,3140000000
15342,125182250000000,3140000000
15343,125307250000000,3140000000
15344,125432250000000,3140000000
15345,125557250000000,3140000000
15346,125682250000000,3140000000
15347,125807250000000,3140000000
15348,125932250000000,3140000000
15349,126057250000000,3140000000
15350,126182250000000,3140000000
15351,126307250000000,3140000000
15352,126432250000000,3140000000
15353,126557250000000,3140000000
15354,126682250000000,3140000000
15355,126807250000000,3140000000
15356,126932250000000,3140000000
15357,127057250000000,3140000000
15358,127182250000000,3140000000
15359,127307250000000,3140000000
15360,127432250000000,3140000000
15361,127557250000000,3140000000
15362,127682250000000,3140000000
15363,127807250000000,3140000000
15364,127932250000000,3140000000
15365,128057250000000,3140000000
15366,128182250000000,3140000000
15367,128307250000000,3140000000
15368,128432250000000,3140000000
15369,128557250000000,3140000000
15370,128682250000000,3140000000
15371,128807250000000,3140000000
15372,128932250000000,3140000000
15373,129057250000000,3140000000
15374,129182250000000,3140000000
15375,129307250000000,3140000000
15376,129432250000000,3140000000
15377,129557250000000,3140000000
15378,129682250000000,3140000000
15379,129807250000000,3140000000
15380,129932250000000,3140000000
15381,130057250000000,3150000000
15382,130182250000000,3150000000
15383,130307250000000,3150000000
15384,130432250000000,3150000000
15385,130557250000000,3150000000
15386,130682250000000,3150000000
15387,130807250000000,3150000000
15388,130932250000000,3150000000
15389,131057250000000,3150000000
15390,131182250000000,3150000000
15391,131307250000000,3150000000
15392,131432250000000,3150000000
15393,131557250000000,3150000000
15394,131682250000000,3150000000
15395,131807250000000,3150000000
15396,131932250000000,3150000000
15397,132057250000000,3150000000
15398,132182250000000,3150000000
15399,132307250000000,3150000000
15400,132432250000000,3150000000
15401,132557250000000,3150000000
15402,132682250000000,3150000000
15403,132807250000000,3150000000
15404,132932250000000,3150000000
15405,133057250000000,3150000000
15406,133182250000000,3150000000
15407,133307250000000,3150000000
15408,133432250000000,3150000000
15409,133557250000000,3150000000
15410,133682250000000,3150000000
15411,133807250000000,3150000000
15412,133932250000000,3150000000
15413,134057250000000,3150000000
15414,134182250000000,3150000000
15415,134307250000000,3150000000
15416,134432250000000,3150000000
15417,134557250000000,3150000000
15418,134682250000000,3150000000
15419,134807250000000,3150000000
15420,134932250000000,3150000000
15421,135057250000000,3150000000
15422,135182250000000,3150000000
15423,135307250000000,3150000000
15424,135432250000000,3150000000
15425,135557250000000,3150000000
15426,135682250000000,3150000000
15427,135807250000000,3150000000
15428,135932250000000,3150000000
15429,136057250000000,3150000000
15430,136182250000000,3160000000
15431,136307250000000,3160000000
15432,136432250000000,3160000000
15433,136557250000000,3160000000
15434,136682250000000,3160000000
15435,136807250000000,3160000000
15436,136932250000000,3160000000
15437,137057250000000,3160000000
15438,137182250000000,3160000000
15439,137307250000000,3160000000
15440,137432250000000,3160000000
15441,137557250000000,3160000000
15442,137682250000000,3160000000
15443,137807250000000,3160000000
15444,137932250000000,3160000000
15445,138057250000000,3160000000
15446,138182250000000,3160000000
15447,138307250000000,3160000000
15448,138432250000000,3160000000
15449,138557250000000,3160000000
15450,138682250000000,3160000000
15451,138807250000000,3160000000
15452,138932250000000,3160000000
15453,139057250000000,3160000000
15454,139182250000000,3160000000
15455,139307250000000,3160000000
15456,139432250000000,3160000000
15457,139557250000000,3160000000
15458,139682250000000,3160000000
15459,139807250000000,3160000000
15460,139932250000000,3160000000
15461,140057250000000,3160000000
15462,140182250000000,3160000000
15463,140307250000000,3160000000
15464,140432250000000,3160000000
15465,140557250000000,3160000000
15466,140682250000000,3160000000
15467,140807250000000,3160000000
15468,140932250000000,3160000000
15469,141057250000000,3160000000
15470,141182250000000,3160000000
15471,141307250000000,3160000000
15472,141432250000000,3160000000
15473,141557250000000,3160000000
15474,141682250000000,3160000000
15475,141807250000000,3160000000
15476,141932250000000,3160000000
15477,142057250000000,3160000000
15478,142182250000000,3160000000
15479,142307250000000,3170000000
15480,142432250000000,3170000000
15481,142557250000000,3170000000
15482,142682250000000,3170000000
15483,142807250000000,3170000000
15484,142932250000000,3170000000
15485,143057250000000,3170000000
15486,143182250000000,3170000000
15487,143307250000000,3170000000
15488,143432250000000,3170000000
15489,143557250000000,3170000000
15490,143682250000000,3170000000
15491,143807250000000,3170000000
15492,143932250000000,3170000000
15493,144057250000000,3170000000
15494,144182250000000,3170000000
15495,144307250000000,3170000000
15496,144432250000000,3170000000
15497,144557250000000,3170000000
15498,144682250000000,3170000000
15499,144807250000000,3170000000
15500,144932250000000,3170000000
15501,145057250000000,3170000000
15502,145182250000000,3170000000
15503,145307250000000,3170000000
15504,145432250000000,3170000000
15505,145557250000000,3170000000
15506,145682250000000,3170000000
15507,145807250000000,3170000000
15508,145932250000000,3170000000
15509,146057250000000,3170000000
15510,146182250000000,3170000000
15511,146307250000000,3170000000
15512,146432250000000,3170000000
15513,146557250000000,3170000000
15514,146682250000000,3170000000
15515,146807250000000,3170000000
15516,146932250000000,3170000000
15517,147057250000000,3170000000
15518,147182250000000,3170000000
15519,147307250000000,3170000000
15520,147432250000000,3170000000
15521,147557250000000,3170000000
15522,147682250000000,3170000000
15523,147807250000000,3170000000
15524,147932250000000,3170000000
15525,148057250000000,3170000000
15526,148182250000000,3170000000
15527,148307250000000,3170000000
15528,148432250000000,3180000000
15529,148557250000000,3180000000
15530,148682250000000,3180000000
15531,148807250000000,3180000000
15532,148932250000000,3180000000
15533,149057250000000,3180000000
15534,149182250000000,3180000000
15535,149307250000000,3180000000
15536,149432250000000,3180000000
15537,149557250000000,3180000000
15538,149682250000000,3180000000
15539,149807250000000,3180000000
15540,149932250000000,3180000000
15541,150057250000000,3180000000
15542,150182250000000,3180000000
15543,150307250000000,3180000000
15544,150432250000000,3180000000
15545,150557250000000,3180000000
15546,150682250000000,3180000000
15547,150807250000000,3180000000
15548,150932250000000,3180000000
15549,151057250000000,3180000000
15550,151182250000000,3180000000
15551,151307250000000,3180000000
15552,151432250000000,3180000000
15553,151557250000000,3180000000
15554,151682250000000,3180000000
15555,151807250000000,3180000000
15556,151932250000000,3180000000
15557,152057250000000,3180000000
15558,152182250000000,3180000000
15559,152307250000000,3180000000
15560,152432250000000,3180000000
15561,152557250000000,3180000000
15562,152682250000000,3180000000
15563,152807250000000,3180000000
15564,152932250000000,3180000000
15565,153057250000000,3180000000
15566,153182250000000,3180000000
15567,153307250000000,3180000000
15568,153432250000000,3180000000
15569,153557250000000,3180000000
15570,153682250000000,3180000000
15571,153807250000000,3180000000
15572,153932250000000,3180000000
15573,154057250000000,3180000000
15574,154182250000000,3180000000
15575,154307250000000,3180000000
15576,154432250000000,3180000000
15577,154557250000000,3190000000
15578,154682250000000,3190000000
15579,154807250000000,3190000000
15580,154932250000000,3190000000
15581,155057250000000,3190000000
15582,155182250000000,3190000000
15583,155307250000000,3190000000
15584,155432250000000,3190000000
15585,155557250000000,3190000000
15586,155682250000000,3190000000
15587,155807250000000,3190000000
15588,155932250000000,3190000000
15589,156057250000000,3190000000
15590,156182250000000,3190000000
15591,156307250000000,3190000000
15592,156432250000000,3190000000
15593,156557250000000,3190000000
15594,156682250000000,3190000000
15595,156807250000000,3190000000
15596,156932250000000,3190000000
15597,157057250000000,3190000000
15598,157182250000000,3190000000
15599,157307250000000,3190000000
15600,157432250000000,3190000000
15601,157557250000000,3190000000
15602,157682250000000,3190000000
15603,157807250000000,3190000000
15604,157932250000000,3190000000
15605,158057250000000,3190000000
15606,158182250000000,3190000000
15607,158307250000000,3190000000
15608,158432250000000,3190000000
15609,158557250000000,3190000000
15610,158682250000000,3190000000
15611,158807250000000,3190000000
15612,158932250000000,3190000000
15613,159057250000000,3190000000
15614,159182250000000,3190000000
15615,159307250000000,3190000000
15616,159432250000000,3190000000
15617,159557250000000,3190000000
15618,159682250000000,3190000000
15619,159807250000000,3190000000
15620,159932250000000,3190000000
15621,160057250000000,3190000000
15622,160182250000000,3190000000
15623,160307250000000,3190000000
15624,160432250000000,3190000000
15625,160557250000000,3200000000
15626,160682250000000,3200000000
15627,160807250000000,3200000000
15628,160932250000000,3200000000
15629,161057250000000,3200000000
15630,161182250000000,3200000000
15631,161307250000000,3200000000
15632,161432250000000,3200000000
15633,161557250000000,3200000000
15634,161682250000000,3200000000
15635,161807250000000,3200000000
15636,161932250000000,3200000000
15637,162057250000000,3200000000
15638,162182250000000,3200000000
15639,162307250000000,3200000000
15640,162432250000000,3200000000
15641,162557250000000,3200000000
15642,162682250000000,3200000000
15643,162807250000000,3200000000
15644,162932250000000,3200000000
15645,163057250000000,3200000000
15646,163182250000000,3200000000
15647,163307250000000,3200000000
15648,163432250000000,3200000000
15649,163557250000000,3200000000
15650,163682250000000,3200000000
15651,163807250000000,3200000000
15652,163932250000000,3200000000
15653,164057250000000,3200000000
15654,164182250000000,3200000000
15655,164307250000000,3200000000
15656,164432250000000,3200000000
15657,164557250000000,3200000000
15658,164682250000000,3200000000
15659,164807250000000,3200000000
15660,164932250000000,3200000000
15661,165057250000000,3200000000
15662,165182250000000,3200000000
15663,165307250000000,3200000000
15664,165432250000000,3200000000
15665,165557250000000,3200000000
15666,165682250000000,3200000000
15667,165807250000000,3200000000
15668,165932250000000,3200000000
15669,166057250000000,3200000000
15670,166182250000000,3200000000
15671,166307250000000,3200000000
15672,166432250000000,3200000000
15673,166557250000000,3200000000
15674,166682250000000,3210000000
15675,166807250000000,3210000000
15676,166932250000000,3210000000
15677,167057250000000,3210000000
15678,167182250000000,3210000000
15679,167307250000000,3210000000
15680,167432250000000,3210000000
15681,167557250000000,3210000000
15682,167682250000000,3210000000
15683,167807250000000,3210000000
15684,167932250000000,3210000000
15685,168057250000000,3210000000
15686,168182250000000,3210000000
15687,168307250000000,3210000000
15688,168432250000000,3210000000
15689,168557250000000,3210000000
15690,168682250000000,3210000000
15691,168807250000000,3210000000
15692,168932250000000,3210000000
15693,169057250000000,3210000000
15694,169182250000000,3210000000
15695,169307250000000,3210000000
15696,169432250000000,3210000000
15697,169557250000000,3210000000
15698,169682250000000,3210000000
15699,169807250000000,3210000000
15700,169932250000000,3210000000
15701,170057250000000,3210000000
15702,170182250000000,3210000000
15703,170307250000000,3210000000
15704,170432250000000,3210000000
15705,170557250000000,3210000000
15706,170682250000000,3210000000
15707,170807250000000,3210000000
15708,170932250000000,3210000000
15709,171057250000000,3210000000
15710,171182250000000,3210000000
15711,171307250000000,3210000000
15712,171432250000000,3210000000
15713,171557250000000,3210000000
15714,171682250000000,3210000000
15715,171807250000000,3210000000
15716,171932250000000,3210000000
15717,172057250000000,3210000000
15718,172182250000000,3210000000
15719,172307250000000,3210000000
15720,172432250000000,3210000000
15721,172557250000000,3210000000
15722,172682250000000,3210000000
15723,172807250000000,3220000000
15724,172932250000000,3220000000
15725,173057250000000,3220000000
15726,173182250000000,3220000000
15727,173307250000000,3220000000
15728,173432250000000,3220000000
15729,173557250000000,3220000000
15730,173682250000000,3220000000
15731,173807250000000,3220000000
15732,173932250000000,3220000000
15733,174057250000000,3220000000
15734,174182250000000,3220000000
15735,174307250000000,3220000000
15736,174432250000000,3220000000
15737,174557250000000,3220000000
15738,174682250000000,3220000000
15739,174807250000000,3220000000
15740,174932250000000,3220000000
15741,175057250000000,3220000000
15742,175182250000000,3220000000
15743,175307250000000,3220000000
15744,175432250000000,3220000000
15745,175557250000000,3220000000
15746,175682250000000,3220000000
15747,175807250000000,3220000000
15748,175932250000000,3220000000
15749,176057250000000,3220000000
15750,176182250000000,3220000000
15751,176307250000000,3220000000
15752,176432250000000,3220000000
15753,176557250000000,3220000000
15754,176682250000000,3220000000
15755,176807250000000,3220000000
15756,176932250000000,3220000000
15757,177057250000000,3220000000
15758,177182250000000,3220000000
15759,177307250000000,3220000000
15760,177432250000000,3220000000
15761,177557250000000,3220000000
15762,177682250000000,3220000000
15763,177807250000000,3220000000
15764,177932250000000,3220000000
15765,178057250000000,3220000000
15766,178182250000000,3220000000
15767,178307250000000,3220000000
15768,178432250000000,3220000000
15769,178557250000000,3220000000
15770,178682250000000,3220000000
15771,178807250000000,3220000000
15772,178932250000000,3230000000
15773,179057250000000,3230000000
15774,179182250000000,3230000000
15775,179307250000000,3230000000
15776,179432250000000,3230000000
15777,179557250000000,3230000000
15778,179682250000000,3230000000
15779,179807250000000,3230000000
15780,179932250000000,3230000000
15781,180057250000000,3230000000
15782,180182250000000,3230000000
15783,180307250000000,3230000000
15784,180432250000000,3230000000
15785,180557250000000,3230000000
15786,180682250000000,3230000000
15787,180807250000000,3230000000
15788,180932250000000,3230000000
15789,181057250000000,3230000000
15790,181182250000000,3230000000
15791,181307250000000,3230000000
15792,181432250000000,3230000000
15793,181557250000000,3230000000
15794,181682250000000,3230000000
15795,181807250000000,3230000000
15796,181932250000000,3230000000
15797,182057250000000,3230000000
15798,182182250000000,3230000000
15799,182307250000000,3230000000
15800,182432250000000,3230000000
15801,182557250000000,3230000000
15802,182682250000000,3230000000
15803,182807250000000,3230000000
15804,182932250000000,3230000000
15805,183057250000000,3230000000
15806,183182250000000,3230000000
15807,183307250000000,3230000000
15808,183432250000000,3230000000
15809,183557250000000,3230000000
15810,183682250000000,3230000000
15811,183807250000000,3230000000
15812,183932250000000,3230000000
15813,184057250000000,3230000000
15814,184182250000000,3230000000
15815,184307250000000,3230000000
15816,184432250000000,3230000000
15817,184557250000000,3230000000
15818,184682250000000,3230000000
15819,184807250000000,3230000000
15820,184932250000000,3230000000
15821,185057250000000,3240000000
15822,185182250000000,3240000000
15823,185307250000000,3240000000
15824,185432250000000,3240000000
15825,185557250000000,3240000000
15826,185682250000000,3240000000
15827,185807250000000,3240000000
15828,185932250000000,3240000000
15829,186057250000000,3240000000
15830,186182250000000,3240000000
15831,186307250000000,3240000000
15832,186432250000000,3240000000
15833,186557250000000,3240000000
15834,186682250000000,3240000000
15835,186807250000000,3240000000
15836,186932250000000,3240000000
15837,187057250000000,3240000000
15838,187182250000000,3240000000
15839,187307250000000,3240000000
15840,187432250000000,3240000000
15841,187557250000000,3240000000
15842,187682250000000,3240000000
15843,187807250000000,3240000000
15844,187932250000000,3240000000
15845,188057250000000,3240000000
15846,188182250000000,3240000000
15847,188307250000000,3240000000
15848,188432250000000,3240000000
15849,188557250000000,3240000000
15850,188682250000000,3240000000
15851,188807250000000,3240000000
15852,188932250000000,3240000000
15853,189057250000000,3240000000
15854,189182250000000,3240000000
15855,189307250000000,3240000000
15856,189432250000000,3240000000
15857,189557250000000,3240000000
15858,189682250000000,3240000000
15859,189807250000000,3240000000
15860,189932250000000,3240000000
15861,190057250000000,3240000000
15862,190182250000000,3240000000
15863,190307250000000,3240000000
15864,190432250000000,3240000000
15865,190557250000000,3240000000
15866,190682250000000,3240000000
15867,190807250000000,3240000000
15868,190932250000000,3240000000
15869,191057250000000,3240000000
15870,191182250000000,3250000000
15871,191307250000000,3250000000
15872,191432250000000,3250000000
15873,191557250000000,3250000000
15874,191682250000000,3250000000
15875,191807250000000,3250000000
15876,191932250000000,3250000000
15877,192057250000000,3250000000
15878,192182250000000,3250000000
15879,192307250000000,3250000000
15880,192432250000000,3250000000
15881,192557250000000,3250000000
15882,192682250000000,3250000000
15883,192807250000000,3250000000
15884,192932250000000,3250000000
15885,193057250000000,3250000000
15886,193182250000000,3250000000
15887,193307250000000,3250000000
15888,193432250000000,3250000000
15889,193557250000000,3250000000
15890,193682250000000,3250000000
15891,193807250000000,3250000000
15892,193932250000000,3250000000
15893,194057250000000,3250000000
15894,194182250000000,3250000000
15895,194307250000000,3250000000
15896,194432250000000,3250000000
15897,194557250000000,3250000000
15898,194682250000000,3250000000
15899,194807250000000,3250000000
15900,194932250000000,3250000000
15901,195057250000000,3250000000
15902,195182250000000,3250000000
15903,195307250000000,3250000000
15904,195432250000000,3250000000
15905,195557250000000,3250000000
15906,195682250000000,3250000000
15907,195807250000000,3250000000
15908,195932250000000,3250000000
15909,196057250000000,3250000000
15910,196182250000000,3250000000
15911,196307250000000,3250000000
15912,196432250000000,3250000000
15913,196557250000000,3250000000
15914,196682250000000,3250000000
15915,196807250000000,3250000000
15916,196932250000000,3250000000
15917,197057250000000,3250000000
15918,197182250000000,3260000000
15919,197307250000000,3260000000
15920,197432250000000,3260000000
15921,197557250000000,3260000000
15922,197682250000000,3260000000
15923,197807250000000,3260000000
15924,197932250000000,3260000000
15925,198057250000000,3260000000
15926,198182250000000,3260000000
15927,198307250000000,3260000000
15928,198432250000000,3260000000
15929,198557250000000,3260000000
15930,198682250000000,3260000000
15931,198807250000000,3260000000
15932,198932250000000,3260000000
15933,199057250000000,3260000000
15934,199182250000000,3260000000
15935,199307250000000,3260000000
15936,199432250000000,3260000000
15937,199557250000000,3260000000
15938,199682250000000,3260000000
15939,199807250000000,3260000000
15940,199932250000000,3260000000
15941,200057250000000,3260000000
15942,200182250000000,3260000000
15943,200307250000000,3260000000
15944,200432250000000,3260000000
15945,200557250000000,3260000000
15946,200682250000000,3260000000
15947,200807250000000,3260000000
15948,200932250000000,3260000000
15949,201057250000000,3260000000
15950,201182250000000,3260000000
15951,201307250000000,3260000000
15952,201432250000000,3260000000
15953,201557250000000,3260000000
15954,201682250000000,3260000000
15955,201807250000000,3260000000
15956,201932250000000,3260000000
15957,202057250000000,3260000000
15958,202182250000000,3260000000
15959,202307250000000,3260000000
15960,202432250000000,3260000000
15961,202557250000000,3260000000
15962,202682250000000,3260000000
15963,202807250000000,3260000000
15964,202932250000000,3260000000
15965,203057250000000,3260000000
15966,203182250000000,3260000000
15967,203307250000000,3270000000
15968,203432250000000,3270000000
15969,203557250000000,3270000000
15970,203682250000000,3270000000
15971,203807250000000,3270000000
15972,203932250000000,3270000000
15973,204057250000000,3270000000
15974,204182250000000,3270000000
15975,204307250000000,3270000000
15976,204432250000000,3270000000
15977,204557250000000,3270000000
15978,204682250000000,3270000000
15979,204807250000000,3270000000
15980,204932250000000,3270000000
15981,205057250000000,3270000000
15982,205182250000000,3270000000
15983,205307250000000,3270000000
15984,205432250000000,3270000000
15985,205557250000000,3270000000
15986,205682250000000,3270000000
15987,205807250000000,3270000000
15988,205932250000000,3270000000
15989,206057250000000,3270000000
15990,206182250000000,3270000000
15991,206307250000000,3270000000
15992,206432250000000,3270000000
15993,206557250000000,3270000000
15994,206682250000000,3270000000
15995,206807250000000,3270000000
15996,206932250000000,3270000000
15997,207057250000000,3270000000
15998,207182250000000,3270000000
15999,207307250000000,3270000000
16000,207432250000000,3270000000
16001,207557250000000,3270000000
16002,207682250000000,3270000000
16003,207807250000000,3270000000
16004,207932250000000,3270000000
16005,208057250000000,3270000000
16006,208182250000000,3270000000
16007,208307250000000,3270000000
16008,208432250000000,3270000000
16009,208557250000000,3270000000
16010,208682250000000,3270000000
16011,208807250000000,3270000000
16012,208932250000000,3270000000
16013,209057250000000,3270000000
16014,209182250000000,3270000000
16015,209307250000000,3270000000
16016,209432250000000,3280000000
16017,209557250000000,3280000000
16018,209682250000000,3280000000
16019,209807250000000,3280000000
16020,209932250000000,3280000000
16021,210057250000000,3280000000
16022,210182250000000,3280000000
16023,210307250000000,3280000000
16024,210432250000000,3280000000
16025,210557250000000,3280000000
16026,210682250000000,3280000000
16027,210807250000000,3280000000
16028,210932250000000,3280000000
16029,211057250000000,3280000000
16030,211182250000000,3280000000
16031,211307250000000,3280000000
16032,211432250000000,3280000000
16033,211557250000000,3280000000
16034,211682250000000,3280000000
16035,211807250000000,3280000000
16036,211932250000000,3280000000
16037,212057250000000,3280000000
16038,212182250000000,3280000000
16039,212307250000000,3280000000
16040,212432250000000,3280000000
16041,212557250000000,3280000000
16042,212682250000000,3280000000
16043,212807250000000,3280000000
16044,212932250000000,3280000000
16045,213057250000000,3280000000
16046,213182250000000,3280000000
16047,213307250000000,3280000000
16048,213432250000000,3280000000
16049,213557250000000,3280000000
16050,213682250000000,3280000000
16051,213807250000000,3280000000
16052,213932250000000,3280000000
16053,214057250000000,3280000000
16054,214182250000000,3280000000
16055,214307250000000,3280000000
16056,214432250000000,3280000000
16057,214557250000000,3280000000
16058,214682250000000,3280000000
16059,214807250000000,3280000000
16060,214932250000000,3280000000
16061,215057250000000,3280000000
16062,215182250000000,3280000000
16063,215307250000000,3280000000
16064,215432250000000,3280000000
16065,215557250000000,3290000000
16066,215682250000000,3290000000
16067,215807250000000,3290000000
16068,215932250000000,3290000000
16069,216057250000000,3290000000
16070,216182250000000,3290000000
16071,216307250000000,3290000000
16072,216432250000000,3290000000
16073,216557250000000,3290000000
16074,216682250000000,3290000000
16075,216807250000000,3290000000
16076,216932250000000,3290000000
16077,217057250000000,3290000000
16078,217182250000000,3290000000
16079,217307250000000,3290000000
16080,217432250000000,3290000000
16081,217557250000000,3290000000
16082,217682250000000,3290000000
16083,217807250000000,3290000000
16084,217932250000000,3290000000
16085,218057250000000,3290000000
16086,218182250000000,3290000000
16087,218307250000000,3290000000
16088,218432250000000,3290000000
16089,218557250000000,3290000000
16090,218682250000000,3290000000
16091,218807250000000,3290000000
16092,218932250000000,3290000000
16093,219057250000000,3290000000
16094,219182250000000,3290000000
16095,219307250000000,3290000000
16096,219432250000000,3290000000
16097,219557250000000,3290000000
16098,219682250000000,3290000000
16099,219807250000000,3290000000
16100,219932250000000,3290000000
16101,220057250000000,3290000000
16102,220182250000000,3290000000
16103,220307250000000,3290000000
16104,220432250000000,3290000000
16105,220557250000000,3290000000
16106,220682250000000,3290000000
16107,220807250000000,3290000000
16108,220932250000000,3290000000
16109,221057250000000,3290000000
16110,221182250000000,3290000000
16111,221307250000000,3290000000
16112,221432250000000,3290000000
16113,221557250000000,3290000000
16114,221682250000000,3300000000
16115,221807250000000,3300000000
16116,221932250000000,3300000000
16117,222057250000000,3300000000
16118,222182250000000,3300000000
16119,222307250000000,3300000000
16120,222432250000000,3300000000
16121,222557250000000,3300000000
16122,222682250000000,3300000000
16123,222807250000000,3300000000
16124,222932250000000,3300000000
16125,223057250000000,3300000000
16126,223182250000000,3300000000
16127,223307250000000,3300000000
16128,223432250000000,3300000000
16129,223557250000000,3300000000
16130,223682250000000,3300000000
16131,223807250000000,3300000000
16132,223932250000000,3300000000
16133,224057250000000,3300000000
16134,224182250000000,3300000000
16135,224307250000000,3300000000
16136,224432250000000,3300000000
16137,224557250000000,3300000000
16138,224682250000000,3300000000
16139,224807250000000,3300000000
16140,224932250000000,3300000000
16141,225057250000000,3300000000
16142,225182250000000,3300000000
16143,225307250000000,3300000000
16144,225432250000000,3300000000
16145,225557250000000,3300000000
16146,225682250000000,3300000000
16147,225807250000000,3300000000
16148,225932250000000,3300000000
16149,226057250000000,3300000000
16150,226182250000000,3300000000
16151,226307250000000,3300000000
16152,226432250000000,3300000000
16153,226557250000000,3300000000
16154,226682250000000,3300000000
16155,226807250000000,3300000000
16156,226932250000000,3300000000
16157,227057250000000,3300000000
16158,227182250000000,3300000000
16159,227307250000000,3300000000
16160,227432250000000,3300000000
16161,227557250000000,3300000000
16162,227682250000000,3300000000
16163,227807250000000,3310000000
16164,227932250000000,3310000000
16165,228057250000000,3310000000
16166,228182250000000,3310000000
16167,228307250000000,3310000000
16168,228432250000000,3310000000
16169,228557250000000,3310000000
16170,228682250000000,3310000000
16171,228807250000000,3310000000
16172,228932250000000,3310000000
16173,229057250000000,3310000000
16174,229182250000000,3310000000
16175,229307250000000,3310000000
16176,229432250000000,3310000000
16177,229557250000000,3310000000
16178,229682250000000,3310000000
16179,229807250000000,3310000000
16180,229932250000000,3310000000
16181,230057250000000,3310000000
16182,230182250000000,3310000000
16183,230307250000000,3310000000
16184,230432250000000,3310000000
16185,230557250000000,3310000000
16186,230682250000000,3310000000
16187,230807250000000,3310000000
16188,230932250000000,3310000000
16189,231057250000000,3310000000
16190,231182250000000,3310000000
16191,231307250000000,3310000000
16192,231432250000000,3310000000
16193,231557250000000,3310000000
16194,231682250000000,3310000000
16195,231807250000000,3310000000
16196,231932250000000,3310000000
16197,232057250000000,3310000000
16198,232182250000000,3310000000
16199,232307250000000,3310000000
16200,232432250000000,3310000000
16201,232557250000000,3310000000
16202,232682250000000,3310000000
16203,232807250000000,3310000000
16204,232932250000000,3310000000
16205,233057250000000,3310000000
16206,233182250000000,3310000000
16207,233307250000000,3310000000
16208,233432250000000,3310000000
16209,233557250000000,3310000000
16210,233682250000000,3310000000
16211,233807250000000,3320000000
16212,233932250000000,3320000000
16213,234057250000000,3320000000
16214,234182250000000,3320000000
16215,234307250000000,3320000000
16216,234432250000000,3320000000
16217,234557250000000,3320000000
16218,234682250000000,3320000000
16219,234807250000000,3320000000
16220,234932250000000,3320000000
16221,235057250000000,3320000000
16222,235182250000000,3320000000
16223,235307250000000,3320000000
16224,235432250000000,3320000000
16225,235557250000000,3320000000
16226,235682250000000,3320000000
16227,235807250000000,3320000000
16228,235932250000000,3320000000
16229,236057250000000,3320000000
16230,236182250000000,3320000000
16231,236307250000000,3320000000
16232,236432250000000,3320000000
16233,236557250000000,3320000000
16234,236682250000000,3320000000
16235,236807250000000,3320000000
16236,236932250000000,3320000000
16237,237057250000000,3320000000
16238,237182250000000,3320000000
16239,237307250000000,3320000000
16240,237432250000000,3320000000
16241,237557250000000,3320000000
16242,237682250000000,3320000000
16243,237807250000000,3320000000
16244,237932250000000,3320000000
16245,238057250000000,3320000000
16246,238182250000000,3320000000
16247,238307250000000,3320000000
16248,238432250000000,3320000000
16249,238557250000000,3320000000
16250,238682250000000,3320000000
16251,238807250000000,3320000000
16252,238932250000000,3320000000
16253,239057250000000,3320000000
16254,239182250000000,3320000000
16255,239307250000000,3320000000
16256,239432250000000,3320000000
16257,239557250000000,3320000000
16258,239682250000000,3320000000
16259,239807250000000,3320000000
16260,239932250000000,3330000000
16261,240057250000000,3330000000
16262,240182250000000,3330000000
16263,240307250000000,3330000000
16264,240432250000000,3330000000
16265,240557250000000,3330000000
16266,240682250000000,3330000000
16267,240807250000000,3330000000
16268,240932250000000,3330000000
16269,241057250000000,3330000000
16270,241182250000000,3330000000
16271,241307250000000,3330000000
16272,241432250000000,3330000000
16273,241557250000000,3330000000
16274,241682250000000,3330000000
16275,241807250000000,3330000000
16276,241932250000000,3330000000
16277,242057250000000,3330000000
16278,242182250000000,3330000000
16279,242307250000000,3330000000
16280,242432250000000,3330000000
16281,242557250000000,3330000000
16282,242682250000000,3330000000
16283,242807250000000,3330000000
16284,242932250000000,3330000000
16285,243057250000000,3330000000
16286,243182250000000,3330000000
16287,243307250000000,3330000000
16288,243432250000000,3330000000
16289,243557250000000,3330000000
16290,243682250000000,3330000000
16291,243807250000000,3330000000
16292,243932250000000,3330000000
16293,244057250000000,3330000000
16294,244182250000000,3330000000
16295,244307250000000,3330000000
16296,244432250000000,3330000000
16297,244557250000000,3330000000
16298,244682250000000,3330000000
16299,244807250000000,3330000000
16300,244932250000000,3330000000
16301,245057250000000,3330000000
16302,245182250000000,3330000000
16303,245307250000000,3330000000
16304,245432250000000,3330000000
16305,245557250000000,3330000000
16306,245682250000000,3330000000
16307,245807250000000,3330000000
16308,245932250000000,3330000000
16309,246057250000000,3340000000
16310,246182250000000,3340000000
16311,246307250000000,3340000000
16312,246432250000000,3340000000
16313,246557250000000,3340000000
16314,246682250000000,3340000000
16315,246807250000000,3340000000
16316,246932250000000,3340000000
16317,247057250000000,3340000000
16318,247182250000000,3340000000
16319,247307250000000,3340000000
16320,247432250000000,3340000000
16321,247557250000000,3340000000
16322,247682250000000,3340000000
16323,247807250000000,3340000000
16324,247932250000000,3340000000
16325,248057250000000,3340000000
16326,248182250000000,3340000000
16327,248307250000000,3340000000
16328,248432250000000,3340000000
16329,248557250000000,3340000000
16330,248682250000000,3340000000
16331,248807250000000,3340000000
16332,248932250000000,3340000000
16333,249057250000000,3340000000
16334,249182250000000,3340000000
16335,249307250000000,3340000000
16336,249432250000000,3340000000
16337,249557250000000,3340000000
16338,249682250000000,3340000000
16339,249807250000000,3340000000
16340,249932250000000,3340000000
16341,250057250000000,3340000000
16342,250182250000000,3340000000
16343,250307250000000,3340000000
16344,250432250000000,3340000000
16345,250557250000000,3340000000
16346,250682250000000,3340000000
16347,250807250000000,3340000000
16348,250932250000000,3340000000
16349,251057250000000,3340000000
16350,251182250000000,3340000000
16351,251307250000000,3340000000
16352,251432250000000,3340000000
16353,251557250000000,3340000000
16354,251682250000000,3340000000
16355,251807250000000,3340000000
16356,251932250000000,3340000000
16357,252057250000000,3340000000
16358,252182250000000,3350000000
16359,252307250000000,3350000000
16360,252432250000000,3350000000
16361,252557250000000,3350000000
16362,252682250000000,3350000000
16363,252807250000000,3350000000
16364,252932250000000,3350000000
16365,253057250000000,3350000000
16366,253182250000000,3350000000
16367,253307250000000,3350000000
16368,253432250000000,3350000000
16369,253557250000000,3350000000
16370,253682250000000,3350000000
16371,253807250000000,3350000000
16372,253932250000000,3350000000
16373,254057250000000,3350000000
16374,254182250000000,3350000000
16375,254307250000000,3350000000
16376,254432250000000,3350000000
16377,254557250000000,3350000000
16378,254682250000000,3350000000
16379,254807250000000,3350000000
16380,254932250000000,3350000000
16381,255057250000000,3350000000
16382,255182250000000,3350000000
16383,255307250000000,3350000000
16384,255432250000000,3350000000
16385,255557250000000,3350000000
16386,255682250000000,3350000000
16387,255807250000000,3350000000
16388,255932250000000,3350000000
16389,256057250000000,3350000000
16390,256182250000000,3350000000
16391,256307250000000,3350000000
16392,256432250000000,3350000000
16393,256557250000000,3350000000
16394,256682250000000,3350000000
16395,256807250000000,3350000000
16396,256932250000000,3350000000
16397,257057250000000,3350000000
16398,257182250000000,3350000000
16399,257307250000000,3350000000
16400,257432250000000,3350000000
16401,257557250000000,3350000000
16402,257682250000000,3350000000
16403,257807250000000,3350000000
16404,257932250000000,3350000000
16405,258057250000000,3350000000
16406,258182250000000,3350000000
16407,258307250000000,3360000000
16408,258432250000000,3360000000
16409,258557250000000,3360000000
16410,258682250000000,3360000000
16411,258807250000000,3360000000
16412,258932250000000,3360000000
16413,259057250000000,3360000000
16414,259182250000000,3360000000
16415,259307250000000,3360000000
16416,259432250000000,3360000000
16417,259557250000000,3360000000
16418,259682250000000,3360000000
16419,259807250000000,3360000000
16420,259932250000000,3360000000
16421,260057250000000,3360000000
16422,260182250000000,3360000000
16423,260307250000000,3360000000
16424,260432250000000,3360000000
16425,260557250000000,3360000000
16426,260682250000000,3360000000
16427,260807250000000,3360000000
16428,260932250000000,3360000000
16429,261057250000000,3360000000
16430,261182250000000,3360000000
16431,261307250000000,3360000000
16432,261432250000000,3360000000
16433,261557250000000,3360000000
16434,261682250000000,3360000000
16435,261807250000000,3360000000
16436,261932250000000,3360000000
16437,262057250000000,3360000000
16438,262182250000000,3360000000
16439,262307250000000,3360000000
16440,262432250000000,3360000000
16441,262557250000000,3360000000
16442,262682250000000,3360000000
16443,262807250000000,3360000000
16444,262932250000000,3360000000
16445,263057250000000,3360000000
16446,263182250000000,3360000000
16447,263307250000000,3360000000
16448,263432250000000,3360000000
16449,263557250000000,3360000000
16450,263682250000000,3360000000
16451,263807250000000,3360000000
16452,263932250000000,3360000000
16453,264057250000000,3360000000
16454,264182250000000,3360000000
16455,264307250000000,3360000000
16456,264432250000000,3370000000
16457,264557250000000,3370000000
16458,264682250000000,3370000000
16459,264807250000000,3370000000
16460,264932250000000,3370000000
16461,265057250000000,3370000000
16462,265182250000000,3370000000
16463,265307250000000,3370000000
16464,265432250000000,3370000000
16465,265557250000000,3370000000
16466,265682250000000,3370000000
16467,265807250000000,3370000000
16468,265932250000000,3370000000
16469,266057250000000,3370000000
16470,266182250000000,3370000000
16471,266307250000000,3370000000
16472,266432250000000,3370000000
16473,266557250000000,3370000000
16474,266682250000000,3370000000
16475,266807250000000,3370000000
16476,266932250000000,3370000000
16477,267057250000000,3370000000
16478,267182250000000,3370000000
16479,267307250000000,3370000000
16480,267432250000000,3370000000
16481,267557250000000,3370000000
16482,267682250000000,3370000000
16483,267807250000000,3370000000
16484,267932250000000,3370000000
16485,268057250000000,3370000000
16486,268182250000000,3370000000
16487,268307250000000,3370000000
16488,268432250000000,3370000000
16489,268557250000000,3370000000
16490,268682250000000,3370000000
16491,268807250000000,3370000000
16492,268932250000000,3370000000
16493,269057250000000,3370000000
16494,269182250000000,3370000000
16495,269307250000000,3370000000
16496,269432250000000,3370000000
16497,269557250000000,3370000000
16498,269682250000000,3370000000
16499,269807250000000,3370000000
16500,269932250000000,3370000000
16501,270057250000000,3370000000
16502,270182250000000,3370000000
16503,270307250000000,3370000000
16504,270432250000000,3380000000
16505,270557250000000,3380000000
16506,270682250000000,3380000000
16507,270807250000000,3380000000
16508,270932250000000,3380000000
16509,271057250000000,3380000000
16510,271182250000000,3380000000
16511,271307250000000,3380000000
16512,271432250000000,3380000000
16513,271557250000000,3380000000
16514,271682250000000,3380000000
16515,271807250000000,3380000000
16516,271932250000000,3380000000
16517,272057250000000,3380000000
16518,272182250000000,3380000000
16519,272307250000000,3380000000
16520,272432250000000,3380000000
16521,272557250000000,3380000000
16522,272682250000000,3380000000
16523,272807250000000,3380000000
16524,272932250000000,3380000000
16525,273057250000000,3380000000
16526,273182250000000,3380000000
16527,273307250000000,3380000000
16528,273432250000000,3380000000
16529,273557250000000,3380000000
16530,273682250000000,3380000000
16531,273807250000000,3380000000
16532,273932250000000,3380000000
16533,274057250000000,3380000000
16534,274182250000000,3380000000
16535,274307250000000,3380000000
16536,274432250000000,3380000000
16537,274557250000000,3380000000
16538,274682250000000,3380000000
16539,274807250000000,3380000000
16540,274932250000000,3380000000
16541,275057250000000,3380000000
16542,275182250000000,3380000000
16543,275307250000000,3380000000
16544,275432250000000,3380000000
16545,275557250000000,3380000000
16546,275682250000000,3380000000
16547,275807250000000,3380000000
16548,275932250000000,3380000000
16549,276057250000000,3380000000
16550,276182250000000,3380000000
16551,276307250000000,3380000000
16552,276432250000000,3380000000
16553,276557250000000,3390000000
16554,276682250000000,3390000000
16555,276807250000000,3390000000
16556,276932250000000,3390000000
16557,277057250000000,3390000000
16558,277182250000000,3390000000
16559,277307250000000,3390000000
16560,277432250000000,3390000000
16561,277557250000000,3390000000
16562,277682250000000,3390000000
16563,277807250000000,3390000000
16564,277932250000000,3390000000
16565,278057250000000,3390000000
16566,278182250000000,3390000000
16567,278307250000000,3390000000
16568,278432250000000,3390000000
16569,278557250000000,3390000000
16570,278682250000000,3390000000
16571,278807250000000,3390000000
16572,278932250000000,3390000000
16573,279057250000000,3390000000
16574,279182250000000,3390000000
16575,279307250000000,3390000000
16576,279432250000000,3390000000
16577,279557250000000,3390000000
16578,279682250000000,3390000000
16579,279807250000000,3390000000
16580,279932250000000,3390000000
16581,280057250000000,3390000000
16582,280182250000000,3390000000
16583,280307250000000,3390000000
16584,280432250000000,3390000000
16585,280557250000000,3390000000
16586,280682250000000,3390000000
16587,280807250000000,3390000000
16588,280932250000000,3390000000
16589,281057250000000,3390000000
16590,281182250000000,3390000000
16591,281307250000000,3390000000
16592,281432250000000,3390000000
16593,281557250000000,3390000000
16594,281682250000000,3390000000
16595,281807250000000,3390000000
16596,281932250000000,3390000000
16597,282057250000000,3390000000
16598,282182250000000,3390000000
16599,282307250000000,3390000000
16600,282432250000000,3390000000
16601,282557250000000,3390000000
16602,282682250000000,3400000000
16603,282807250000000,3400000000
16604,282932250000000,3400000000
16605,283057250000000,3400000000
16606,283182250000000,3400000000
16607,283307250000000,3400000000
16608,283432250000000,3400000000
16609,283557250000000,3400000000
16610,283682250000000,3400000000
16611,283807250000000,3400000000
16612,283932250000000,3400000000
16613,284057250000000,3400000000
16614,284182250000000,3400000000
16615,284307250000000,3400000000
16616,284432250000000,3400000000
16617,284557250000000,3400000000
16618,284682250000000,3400000000
16619,284807250000000,3400000000
16620,284932250000000,3400000000
16621,285057250000000,3400000000
16622,285182250000000,3400000000
16623,285307250000000,3400000000
16624,285432250000000,3400000000
16625,285557250000000,3400000000
16626,285682250000000,3400000000
16627,285807250000000,3400000000
16628,285932250000000,3400000000
16629,286057250000000,3400000000
16630,286182250000000,3400000000
16631,286307250000000,3400000000
16632,286432250000000,3400000000
16633,286557250000000,3400000000
16634,286682250000000,3400000000
16635,286807250000000,3400000000
16636,286932250000000,3400000000
16637,287057250000000,3400000000
16638,287182250000000,3400000000
16639,287307250000000,3400000000
16640,287432250000000,3400000000
16641,287557250000000,3400000000
16642,287682250000000,3400000000
16643,287807250000000,3400000000
16644,287932250000000,3400000000
16645,288057250000000,3400000000
16646,288182250000000,3400000000
16647,288307250000000,3400000000
16648,288432250000000,3400000000
16649,288557250000000,3400000000
16650,288682250000000,3400000000
16651,288807250000000,3410000000
16652,288932250000000,3410000000
16653,289057250000000,3410000000
16654,289182250000000,3410000000
16655,289307250000000,3410000000
16656,289432250000000,3410000000
16657,289557250000000,3410000000
16658,289682250000000,3410000000
16659,289807250000000,3410000000
16660,289932250000000,3410000000
16661,290057250000000,3410000000
16662,290182250000000,3410000000
16663,290307250000000,3410000000
16664,290432250000000,3410000000
16665,290557250000000,3410000000
16666,290682250000000,3410000000
16667,290807250000000,3410000000
16668,290932250000000,3410000000
16669,291057250000000,3410000000
16670,291182250000000,3410000000
16671,291307250000000,3410000000
16672,291432250000000,3410000000
16673,291557250000000,3410000000
16674,291682250000000,3410000000
16675,291807250000000,3410000000
16676,291932250000000,3410000000
16677,292057250000000,3410000000
16678,292182250000000,3410000000
16679,292307250000000,3410000000
16680,292432250000000,3410000000
16681,292557250000000,3410000000
16682,292682250000000,3410000000
16683,292807250000000,3410000000
16684,292932250000000,3410000000
16685,293057250000000,3410000000
16686,293182250000000,3410000000
16687,293307250000000,3410000000
16688,293432250000000,3410000000
16689,293557250000000,3410000000
16690,293682250000000,3410000000
16691,293807250000000,3410000000
16692,293932250000000,3410000000
16693,294057250000000,3410000000
16694,294182250000000,3410000000
16695,294307250000000,3410000000
16696,294432250000000,3410000000
16697,294557250000000,3410000000
16698,294682250000000,3410000000
16699,294807250000000,3410000000
16700,294932250000000,3420000000
16701,295057250000000,3420000000
16702,295182250000000,3420000000
16703,295307250000000,3420000000
16704,295432250000000,3420000000
16705,295557250000000,3420000000
16706,295682250000000,3420000000
16707,295807250000000,3420000000
16708,295932250000000,3420000000
16709,296057250000000,3420000000
16710,296182250000000,3420000000
16711,296307250000000,3420000000
16712,296432250000000,3420000000
16713,296557250000000,3420000000
16714,296682250000000,3420000000
16715,296807250000000,3420000000
16716,296932250000000,3420000000
16717,297057250000000,3420000000
16718,297182250000000,3420000000
16719,297307250000000,3420000000
16720,297432250000000,3420000000
16721,297557250000000,3420000000
16722,297682250000000,3420000000
16723,297807250000000,3420000000
16724,297932250000000,3420000000
16725,298057250000000,3420000000
16726,298182250000000,3420000000
16727,298307250000000,3420000000
16728,298432250000000,3420000000
16729,298557250000000,3420000000
16730,298682250000000,3420000000
16731,298807250000000,3420000000
16732,298932250000000,3420000000
16733,299057250000000,3420000000
16734,299182250000000,3420000000
16735,299307250000000,3420000000
16736,299432250000000,3420000000
16737,299557250000000,3420000000
16738,299682250000000,3420000000
16739,299807250000000,3420000000
16740,299932250000000,3420000000
16741,300057250000000,3420000000
16742,300182250000000,3420000000
16743,300307250000000,3420000000
16744,300432250000000,3420000000
16745,300557250000000,3420000000
16746,300682250000000,3420000000
16747,300807250000000,3420000000
16748,300932250000000,3420000000
16749,301057250000000,3430000000
16750,301182250000000,3430000000
16751,301307250000000,3430000000
16752,301432250000000,3430000000
16753,301557250000000,3430000000
16754,301682250000000,3430000000
16755,301807250000000,3430000000
16756,301932250000000,3430000000
16757,302057250000000,3430000000
16758,302182250000000,3430000000
16759,302307250000000,3430000000
16760,302432250000000,3430000000
16761,302557250000000,3430000000
16762,302682250000000,3430000000
16763,302807250000000,3430000000
16764,302932250000000,3430000000
16765,303057250000000,3430000000
16766,303182250000000,3430000000
16767,303307250000000,3430000000
16768,303432250000000,3430000000
16769,303557250000000,3430000000
16770,303682250000000,3430000000
16771,303807250000000,3430000000
16772,303932250000000,3430000000
16773,304057250000000,3430000000
16774,304182250000000,3430000000
16775,304307250000000,3430000000
16776,304432250000000,3430000000
16777,304557250000000,3430000000
16778,304682250000000,3430000000
16779,304807250000000,3430000000
16780,304932250000000,3430000000
16781,305057250000000,3430000000
16782,305182250000000,3430000000
16783,305307250000000,3430000000
16784,305432250000000,3430000000
16785,305557250000000,3430000000
16786,305682250000000,3430000000
16787,305807250000000,3430000000
16788,305932250000000,3430000000
16789,306057250000000,3430000000
16790,306182250000000,3430000000
16791,306307250000000,3430000000
16792,306432250000000,3430000000
16793,306557250000000,3430000000
16794,306682250000000,3430000000
16795,306807250000000,3430000000
16796,306932250000000,3430000000
16797,307057250000000,3440000000
16798,307182250000000,3440000000
16799,307307250000000,3440000000
16800,307432250000000,3440000000
16801,307557250000000,3440000000
16802,307682250000000,3440000000
16803,307807250000000,3440000000
16804,307932250000000,3440000000
16805,308057250000000,3440000000
16806,308182250000000,3440000000
16807,308307250000000,3440000000
16808,308432250000000,3440000000
16809,308557250000000,3440000000
16810,308682250000000,3440000000
16811,308807250000000,3440000000
16812,308932250000000,3440000000
16813,309057250000000,3440000000
16814,309182250000000,3440000000
16815,309307250000000,3440000000
16816,309432250000000,3440000000
16817,309557250000000,3440000000
16818,309682250000000,3440000000
16819,309807250000000,3440000000
16820,309932250000000,3440000000
16821,310057250000000,3440000000
16822,310182250000000,3440000000
16823,310307250000000,3440000000
16824,310432250000000,3440000000
16825,310557250000000,3440000000
16826,310682250000000,3440000000
16827,310807250000000,3440000000
16828,310932250000000,3440000000
16829,311057250000000,3440000000
16830,311182250000000,3440000000
16831,311307250000000,3440000000
16832,311432250000000,3440000000
16833,311557250000000,3440000000
16834,311682250000000,3440000000
16835,311807250000000,3440000000
16836,311932250000000,3440000000
16837,312057250000000,3440000000
16838,312182250000000,3440000000
16839,312307250000000,3440000000
16840,312432250000000,3440000000
16841,312557250000000,3440000000
16842,312682250000000,3440000000
16843,312807250000000,3440000000
16844,312932250000000,3440000000
16845,313057250000000,3440000000
16846,313182250000000,3450000000
16847,313307250000000,3450000000
16848,313432250000000,3450000000
16849,313557250000000,3450000000
16850,313682250000000,3450000000
16851,313807250000000,3450000000
16852,313932250000000,3450000000
16853,314057250000000,3450000000
16854,314182250000000,3450000000
16855,314307250000000,3450000000
16856,314432250000000,3450000000
16857,314557250000000,3450000000
16858,314682250000000,3450000000
16859,314807250000000,3450000000
16860,314932250000000,3450000000
16861,315057250000000,3450000000
16862,315182250000000,3450000000
16863,315307250000000,3450000000
16864,315432250000000,3450000000
16865,315557250000000,3450000000
16866,315682250000000,3450000000
16867,315807250000000,3450000000
16868,315932250000000,3450000000
16869,316057250000000,3450000000
16870,316182250000000,3450000000
16871,316307250000000,3450000000
16872,316432250000000,3450000000
16873,316557250000000,3450000000
16874,316682250000000,3450000000
16875,316807250000000,3450000000
16876,316932250000000,3450000000
16877,317057250000000,3450000000
16878,317182250000000,3450000000
16879,317307250000000,3450000000
16880,317432250000000,3450000000
16881,317557250000000,3450000000
16882,317682250000000,3450000000
16883,317807250000000,3450000000
16884,317932250000000,3450000000
16885,318057250000000,3450000000
16886,318182250000000,3450000000
16887,318307250000000,3450000000
16888,318432250000000,3450000000
16889,318557250000000,3450000000
16890,318682250000000,3450000000
16891,318807250000000,3450000000
16892,318932250000000,3450000000
16893,319057250000000,3450000000
16894,319182250000000,3450000000
16895,319307250000000,3460000000
16896,319432250000000,3460000000
16897,319557250000000,3460000000
16898,319682250000000,3460000000
16899,319807250000000,3460000000
16900,319932250000000,3460000000
16901,320057250000000,3460000000
16902,320182250000000,3460000000
16903,320307250000000,3460000000
16904,320432250000000,3460000000
16905,320557250000000,3460000000
16906,320682250000000,3460000000
16907,320807250000000,3460000000
16908,320932250000000,3460000000
16909,321057250000000,3460000000
16910,321182250000000,3460000000
16911,321307250000000,3460000000
16912,321432250000000,3460000000
16913,321557250000000,3460000000
16914,321682250000000,3460000000
16915,321807250000000,3460000000
16916,321932250000000,3460000000
16917,322057250000000,3460000000
16918,322182250000000,3460000000
16919,322307250000000,3460000000
16920,322432250000000,3460000000
16921,322557250000000,3460000000
16922,322682250000000,3460000000
16923,322807250000000,3460000000
16924,322932250000000,3460000000
16925,323057250000000,3460000000
16926,323182250000000,3460000000
16927,323307250000000,3460000000
16928,323432250000000,3460000000
16929,323557250000000,3460000000
16930,323682250000000,3460000000
16931,323807250000000,3460000000
16932,323932250000000,3460000000
16933,324057250000000,3460000000
16934,324182250000000,3460000000
16935,324307250000000,3460000000
16936,324432250000000,3460000000
16937,324557250000000,3460000000
16938,324682250000000,3460000000
16939,324807250000000,3460000000
16940,324932250000000,3460000000
16941,325057250000000,3460000000
16942,325182250000000,3460000000
16943,325307250000000,3460000000
16944,325432250000000,3470000000
16945,325557250000000,3470000000
16946,325682250000000,3470000000
16947,325807250000000,3470000000
16948,325932250000000,3470000000
16949,326057250000000,3470000000
16950,326182250000000,3470000000
16951,326307250000000,3470000000
16952,326432250000000,3470000000
16953,326557250000000,3470000000
16954,326682250000000,3470000000
16955,326807250000000,3470000000
16956,326932250000000,3470000000
16957,327057250000000,3470000000
16958,327182250000000,3470000000
16959,327307250000000,3470000000
16960,327432250000000,3470000000
16961,327557250000000,3470000000
16962,327682250000000,3470000000
16963,327807250000000,3470000000
16964,327932250000000,3470000000
16965,328057250000000,3470000000
16966,328182250000000,3470000000
16967,328307250000000,3470000000
16968,328432250000000,3470000000
16969,328557250000000,3470000000
16970,328682250000000,3470000000
16971,328807250000000,3470000000
16972,328932250000000,3470000000
16973,329057250000000,3470000000
16974,329182250000000,3470000000
16975,329307250000000,3470000000
16976,329432250000000,3470000000
16977,329557250000000,3470000000
16978,329682250000000,3470000000
16979,329807250000000,3470000000
16980,329932250000000,3470000000
16981,330057250000000,3470000000
16982,330182250000000,3470000000
16983,330307250000000,3470000000
16984,330432250000000,3470000000
16985,330557250000000,3470000000
16986,330682250000000,3470000000
16987,330807250000000,3470000000
16988,330932250000000,3470000000
16989,331057250000000,3470000000
16990,331182250000000,3470000000
16991,331307250000000,3470000000
16992,331432250000000,3470000000
16993,331557250000000,3480000000
16994,331682250000000,3480000000
16995,331807250000000,3480000000
16996,331932250000000,3480000000
16997,332057250000000,3480000000
16998,332182250000000,3480000000
16999,332307250000000,3480000000
17000,332432250000000,3480000000
17001,332557250000000,3480000000
17002,332682250000000,3480000000
17003,332807250000000,3480000000
17004,332932250000000,3480000000
17005,333057250000000,3480000000
17006,333182250000000,3480000000
17007,333307250000000,3480000000
17008,333432250000000,3480000000
17009,333557250000000,3480000000
17010,333682250000000,3480000000
17011,333807250000000,3480000000
17012,333932250000000,3480000000
17013,334057250000000,3480000000
17014,334182250000000,3480000000
17015,334307250000000,3480000000
17016,334432250000000,3480000000
17017,334557250000000,3480000000
17018,334682250000000,3480000000
17019,334807250000000,3480000000
17020,334932250000000,3480000000
17021,335057250000000,3480000000
17022,335182250000000,3480000000
17023,335307250000000,3480000000
17024,335432250000000,3480000000
17025,335557250000000,3480000000
17026,335682250000000,3480000000
17027,335807250000000,3480000000
17028,335932250000000,3480000000
17029,336057250000000,3480000000
17030,336182250000000,3480000000
17031,336307250000000,3480000000
17032,336432250000000,3480000000
17033,336557250000000,3480000000
17034,336682250000000,3480000000
17035,336807250000000,3480000000
17036,336932250000000,3480000000
17037,337057250000000,3480000000
17038,337182250000000,3480000000
17039,337307250000000,3480000000
17040,337432250000000,3480000000
17041,337557250000000,3480000000
17042,337682250000000,3490000000
17043,337807250000000,3490000000
17044,337932250000000,3490000000
17045,338057250000000,3490000000
17046,338182250000000,3490000000
17047,338307250000000,3490000000
17048,338432250000000,3490000000
17049,338557250000000,3490000000
17050,338682250000000,3490000000
17051,338807250000000,3490000000
17052,338932250000000,3490000000
17053,339057250000000,3490000000
17054,339182250000000,3490000000
17055,339307250000000,3490000000
17056,339432250000000,3490000000
17057,339557250000000,3490000000
17058,339682250000000,3490000000
17059,339807250000000,3490000000
17060,339932250000000,3490000000
17061,340057250000000,3490000000
17062,340182250000000,3490000000
17063,340307250000000,3490000000
17064,340432250000000,3490000000
17065,340557250000000,3490000000
17066,340682250000000,3490000000
17067,340807250000000,3490000000
17068,340932250000000,3490000000
17069,341057250000000,3490000000
17070,341182250000000,3490000000
17071,341307250000000,3490000000
17072,341432250000000,3490000000
17073,341557250000000,3490000000
17074,341682250000000,3490000000
17075,341807250000000,3490000000
17076,341932250000000,3490000000
17077,342057250000000,3490000000
17078,342182250000000,3490000000
17079,342307250000000,3490000000
17080,342432250000000,3490000000
17081,342557250000000,3490000000
17082,342682250000000,3490000000
17083,342807250000000,3490000000
17084,342932250000000,3490000000
17085,343057250000000,3490000000
17086,343182250000000,3490000000
17087,343307250000000,3490000000
17088,343432250000000,3490000000
17089,343557250000000,3490000000
17090,343682250000000,3500000000
17091,343807250000000,3500000000
17092,343932250000000,3500000000
17093,344057250000000,3500000000
17094,344182250000000,3500000000
17095,344307250000000,3500000000
17096,344432250000000,3500000000
17097,344557250000000,3500000000
17098,344682250000000,3500000000
17099,344807250000000,3500000000
17100,344932250000000,3500000000
17101,345057250000000,3500000000
17102,345182250000000,3500000000
17103,345307250000000,3500000000
17104,345432250000000,3500000000
17105,345557250000000,3500000000
17106,345682250000000,3500000000
17107,345807250000000,3500000000
17108,345932250000000,3500000000
17109,346057250000000,3500000000
17110,346182250000000,3500000000
17111,346307250000000,3500000000
17112,346432250000000,3500000000
17113,346557250000000,3500000000
17114,346682250000000,3500000000
17115,346807250000000,3500000000
17116,346932250000000,3500000000
17117,347057250000000,3500000000
17118,347182250000000,3500000000
17119,347307250000000,3500000000
17120,347432250000000,3500000000
17121,347557250000000,3500000000
17122,347682250000000,3500000000
17123,347807250000000,3500000000
17124,347932250000000,3500000000
17125,348057250000000,3500000000
17126,348182250000000,3500000000
17127,348307250000000,3500000000
17128,348432250000000,3500000000
17129,348557250000000,3500000000
17130,348682250000000,3500000000
17131,348807250000000,3500000000
17132,348932250000000,3500000000
17133,349057250000000,3500000000
17134,349182250000000,3500000000
17135,349307250000000,3500000000
17136,349432250000000,3500000000
17137,349557250000000,3500000000
17138,349682250000000,3500000000
17139,349807250000000,3510000000
17140,349932250000000,3510000000
17141,350057250000000,3510000000
17142,350182250000000,3510000000
17143,350307250000000,3510000000
17144,350432250000000,3510000000
17145,350557250000000,3510000000
17146,350682250000000,3510000000
17147,350807250000000,3510000000
17148,350932250000000,3510000000
17149,351057250000000,3510000000
17150,351182250000000,3510000000
17151,351307250000000,3510000000
17152,351432250000000,3510000000
17153,351557250000000,3510000000
17154,351682250000000,3510000000
17155,351807250000000,3510000000
17156,351932250000000,3510000000
17157,352057250000000,3510000000
17158,352182250000000,3510000000
17159,352307250000000,3510000000
17160,352432250000000,3510000000
17161,352557250000000,3510000000
17162,352682250000000,3510000000
17163,352807250000000,3510000000
17164,352932250000000,3510000000
17165,353057250000000,3510000000
17166,353182250000000,3510000000
17167,353307250000000,3510000000
17168,353432250000000,3510000000
17169,353557250000000,3510000000
17170,353682250000000,3510000000
17171,353807250000000,3510000000
17172,353932250000000,3510000000
17173,354057250000000,3510000000
17174,354182250000000,3510000000
17175,354307250000000,3510000000
17176,354432250000000,3510000000
17177,354557250000000,3510000000
17178,354682250000000,3510000000
17179,354807250000000,3510000000
17180,354932250000000,3510000000
17181,355057250000000,3510000000
17182,355182250000000,3510000000
17183,355307250000000,3510000000
17184,355432250000000,3510000000
17185,355557250000000,3510000000
17186,355682250000000,3510000000
17187,355807250000000,3510000000
17188,355932250000000,3520000000
17189,356057250000000,3520000000
17190,356182250000000,3520000000
17191,356307250000000,3520000000
17192,356432250000000,3520000000
17193,356557250000000,3520000000
17194,356682250000000,3520000000
17195,356807250000000,3520000000
17196,356932250000000,3520000000
17197,357057250000000,3520000000
17198,357182250000000,3520000000
17199,357307250000000,3520000000
17200,357432250000000,3520000000
17201,357557250000000,3520000000
17202,357682250000000,3520000000
17203,357807250000000,3520000000
17204,357932250000000,3520000000
17205,358057250000000,3520000000
17206,358182250000000,3520000000
17207,358307250000000,3520000000
17208,358432250000000,3520000000
17209,358557250000000,3520000000
17210,358682250000000,3520000000
17211,358807250000000,3520000000
17212,358932250000000,3520000000
17213,359057250000000,3520000000
17214,359182250000000,3520000000
17215,359307250000000,3520000000
17216,359432250000000,3520000000
17217,359557250000000,3520000000
17218,359682250000000,3520000000
17219,359807250000000,3520000000
17220,359932250000000,3520000000
17221,360057250000000,3520000000
17222,360182250000000,3520000000
17223,360307250000000,3520000000
17224,360432250000000,3520000000
17225,360557250000000,3520000000
17226,360682250000000,3520000000
17227,360807250000000,3520000000
17228,360932250000000,3520000000
17229,361057250000000,3520000000
17230,361182250000000,3520000000
17231,361307250000000,3520000000
17232,361432250000000,3520000000
17233,361557250000000,3520000000
17234,361682250000000,3520000000
17235,361807250000000,3520000000
17236,361932250000000,3520000000
17237,362057250000000,3530000000
17238,362182250000000,3530000000
17239,362307250000000,3530000000
17240,362432250000000,3530000000
17241,362557250000000,3530000000
17242,362682250000000,3530000000
17243,362807250000000,3530000000
17244,362932250000000,3530000000
17245,363057250000000,3530000000
17246,363182250000000,3530000000
17247,363307250000000,3530000000
17248,363432250000000,3530000000
17249,363557250000000,3530000000
17250,363682250000000,3530000000
17251,363807250000000,3530000000
17252,363932250000000,3530000000
17253,364057250000000,3530000000
17254,364182250000000,3530000000
17255,364307250000000,3530000000
17256,364432250000000,3530000000
17257,364557250000000,3530000000
17258,364682250000000,3530000000
17259,364807250000000,3530000000
17260,364932250000000,3530000000
17261,365057250000000,3530000000
17262,365182250000000,3530000000
17263,365307250000000,3530000000
17264,365432250000000,3530000000
17265,365557250000000,3530000000
17266,365682250000000,3530000000
17267,365807250000000,3530000000
17268,365932250000000,3530000000
17269,366057250000000,3530000000
17270,366182250000000,3530000000
17271,366307250000000,3530000000
17272,366432250000000,3530000000
17273,366557250000000,3530000000
17274,366682250000000,3530000000
17275,366807250000000,3530000000
17276,366932250000000,3530000000
17277,367057250000000,3530000000
17278,367182250000000,3530000000
17279,367307250000000,3530000000
17280,367432250000000,3530000000
17281,367557250000000,3530000000
17282,367682250000000,3530000000
17283,367807250000000,3530000000
17284,367932250000000,3530000000
17285,368057250000000,3530000000
17286,368182250000000,3540000000
17287,368307250000000,3540000000
17288,368432250000000,3540000000
17289,368557250000000,3540000000
17290,368682250000000,3540000000
17291,368807250000000,3540000000
17292,368932250000000,3540000000
17293,369057250000000,3540000000
17294,369182250000000,3540000000
17295,369307250000000,3540000000
17296,369432250000000,3540000000
17297,369557250000000,3540000000
17298,369682250000000,3540000000
17299,369807250000000,3540000000
17300,369932250000000,3540000000
17301,370057250000000,3540000000
17302,370182250000000,3540000000
17303,370307250000000,3540000000
17304,370432250000000,3540000000
17305,370557250000000,3540000000
17306,370682250000000,3540000000
17307,370807250000000,3540000000
17308,370932250000000,3540000000
17309,371057250000000,3540000000
17310,371182250000000,3540000000
17311,371307250000000,3540000000
17312,371432250000000,3540000000
17313,371557250000000,3540000000
17314,371682250000000,3540000000
17315,371807250000000,3540000000
17316,371932250000000,3540000000
17317,372057250000000,3540000000
17318,372182250000000,3540000000
17319,372307250000000,3540000000
17320,372432250000000,3540000000
17321,372557250000000,3540000000
17322,372682250000000,3540000000
17323,372807250000000,3540000000
17324,372932250000000,3540000000
17325,373057250000000,3540000000
17326,373182250000000,3540000000
17327,373307250000000,3540000000
17328,373432250000000,3540000000
17329,373557250000000,3540000000
17330,373682250000000,3540000000
17331,373807250000000,3540000000
17332,373932250000000,3540000000
17333,374057250000000,3540000000
17334,374182250000000,3550000000
17335,374307250000000,3550000000
17336,374432250000000,3550000000
17337,374557250000000,3550000000
17338,374682250000000,3550000000
17339,374807250000000,3550000000
17340,374932250000000,3550000000
17341,375057250000000,3550000000
17342,375182250000000,3550000000
17343,375307250000000,3550000000
17344,375432250000000,3550000000
17345,375557250000000,3550000000
17346,375682250000000,3550000000
17347,375807250000000,3550000000
17348,375932250000000,3550000000
17349,376057250000000,3550000000
17350,376182250000000,3550000000
17351,376307250000000,3550000000
17352,376432250000000,3550000000
17353,376557250000000,3550000000
17354,376682250000000,3550000000
17355,376807250000000,3550000000
17356,376932250000000,3550000000
17357,377057250000000,3550000000
17358,377182250000000,3550000000
17359,377307250000000,3550000000
17360,377432250000000,3550000000
17361,377557250000000,3550000000
17362,377682250000000,3550000000
17363,377807250000000,3550000000
17364,377932250000000,3550000000
17365,378057250000000,3550000000
17366,378182250000000,3550000000
17367,378307250000000,3550000000
17368,378432250000000,3550000000
17369,378557250000000,3550000000
17370,378682250000000,3550000000
17371,378807250000000,3550000000
17372,378932250000000,3550000000
17373,379057250000000,3550000000
17374,379182250000000,3550000000
17375,379307250000000,3550000000
17376,379432250000000,3550000000
17377,379557250000000,3550000000
17378,379682250000000,3550000000
17379,379807250000000,3550000000
17380,379932250000000,3550000000
17381,380057250000000,3550000000
17382,380182250000000,3550000000
17383,380307250000000,3560000000
17384,380432250000000,3560000000
17385,380557250000000,3560000000
17386,380682250000000,3560000000
17387,380807250000000,3560000000
17388,380932250000000,3560000000
17389,381057250000000,3560000000
17390,381182250000000,3560000000
17391,381307250000000,3560000000
17392,381432250000000,3560000000
17393,381557250000000,3560000000
17394,381682250000000,3560000000
17395,381807250000000,3560000000
17396,381932250000000,3560000000
17397,382057250000000,3560000000
17398,382182250000000,3560000000
17399,382307250000000,3560000000
17400,382432250000000,3560000000
17401,382557250000000,3560000000
17402,382682250000000,3560000000
17403,382807250000000,3560000000
17404,382932250000000,3560000000
17405,383057250000000,3560000000
17406,383182250000000,3560000000
17407,383307250000000,3560000000
17408,383432250000000,3560000000
17409,383557250000000,3560000000
17410,383682250000000,3560000000
17411,383807250000000,3560000000
17412,383932250000000,3560000000
17413,384057250000000,3560000000
17414,384182250000000,3560000000
17415,384307250000000,3560000000
17416,384432250000000,3560000000
17417,384557250000000,3560000000
17418,384682250000000,3560000000
17419,384807250000000,3560000000
17420,384932250000000,3560000000
17421,385057250000000,3560000000
17422,385182250000000,3560000000
17423,385307250000000,3560000000
17424,385432250000000,3560000000
17425,385557250000000,3560000000
17426,385682250000000,3560000000
17427,385807250000000,3560000000
17428,385932250000000,3560000000
17429,386057250000000,3560000000
17430,386182250000000,3560000000
17431,386307250000000,3560000000
17432,386432250000000,3570000000
17433,386557250000000,3570000000
17434,386682250000000,3570000000
17435,386807250000000,3570000000
17436,386932250000000,3570000000
17437,387057250000000,3570000000
17438,387182250000000,3570000000
17439,387307250000000,3570000000
17440,387432250000000,3570000000
17441,387557250000000,3570000000
17442,387682250000000,3570000000
17443,387807250000000,3570000000
17444,387932250000000,3570000000
17445,388057250000000,3570000000
17446,388182250000000,3570000000
17447,388307250000000,3570000000
17448,388432250000000,3570000000
17449,388557250000000,3570000000
17450,388682250000000,3570000000
17451,388807250000000,3570000000
17452,388932250000000,3570000000
17453,389057250000000,3570000000
17454,389182250000000,3570000000
17455,389307250000000,3570000000
17456,389432250000000,3570000000
17457,389557250000000,3570000000
17458,389682250000000,3570000000
17459,389807250000000,3570000000
17460,389932250000000,3570000000
17461,390057250000000,3570000000
17462,390182250000000,3570000000
17463,390307250000000,3570000000
17464,390432250000000,3570000000
17465,390557250000000,3570000000
17466,390682250000000,3570000000
17467,390807250000000,3570000000
17468,390932250000000,3570000000
17469,391057250000000,3570000000
17470,391182250000000,3570000000
17471,391307250000000,3570000000
17472,391432250000000,3570000000
17473,391557250000000,3570000000
17474,391682250000000,3570000000
17475,391807250000000,3570000000
17476,391932250000000,3570000000
17477,392057250000000,3570000000
17478,392182250000000,3570000000
17479,392307250000000,3570000000
17480,392432250000000,3570000000
17481,392557250000000,3580000000
17482,392682250000000,3580000000
17483,392807250000000,3580000000
17484,392932250000000,3580000000
17485,393057250000000,3580000000
17486,393182250000000,3580000000
17487,393307250000000,3580000000
17488,393432250000000,3580000000
17489,393557250000000,3580000000
17490,393682250000000,3580000000
17491,393807250000000,3580000000
17492,393932250000000,3580000000
17493,394057250000000,3580000000
17494,394182250000000,3580000000
17495,394307250000000,3580000000
17496,394432250000000,3580000000
17497,394557250000000,3580000000
17498,394682250000000,3580000000
17499,394807250000000,3580000000
17500,394932250000000,3580000000
17501,395182250000000,3580000000
17502,395432250000000,3580000000
17503,395682250000000,3580000000
17504,395932250000000,3580000000
17505,396182250000000,3580000000
17506,396432250000000,3580000000
17507,396682250000000,3580000000
17508,396932250000000,3580000000
17509,397182250000000,3580000000
17510,397432250000000,3580000000
17511,397682250000000,3580000000
17512,397932250000000,3580000000
17513,398182250000000,3580000000
17514,398432250000000,3580000000
17515,398682250000000,3580000000
17516,398932250000000,3580000000
17517,399182250000000,3580000000
17518,399432250000000,3580000000
17519,399682250000000,3580000000
17520,399932250000000,3580000000
17521,400182250000000,3580000000
17522,400432250000000,3580000000
17523,400682250000000,3580000000
17524,400932250000000,3580000000
17525,401182250000000,3580000000
17526,401432250000000,3580000000
17527,401682250000000,3580000000
17528,401932250000000,3580000000
17529,402182250000000,3580000000
17530,402432250000000,3590000000
17531,402682250000000,3590000000
17532,402932250000000,3590000000
17533,403182250000000,3590000000
17534,403432250000000,3590000000
17535,403682250000000,3590000000
17536,403932250000000,3590000000
17537,404182250000000,3590000000
17538,404432250000000,3590000000
17539,404682250000000,3590000000
17540,404932250000000,3590000000
17541,405182250000000,3590000000
17542,405432250000000,3590000000
17543,405682250000000,3590000000
17544,405932250000000,3590000000
17545,406182250000000,3590000000
17546,406432250000000,3590000000
17547,406682250000000,3590000000
17548,406932250000000,3590000000
17549,407182250000000,3590000000
17550,407432250000000,3590000000
17551,407682250000000,3590000000
17552,407932250000000,3590000000
17553,408182250000000,3590000000
17554,408432250000000,3590000000
17555,408682250000000,3590000000
17556,408932250000000,3590000000
17557,409182250000000,3590000000
17558,409432250000000,3590000000
17559,409682250000000,3590000000
17560,409932250000000,3590000000
17561,410182250000000,3590000000
17562,410432250000000,3590000000
17563,410682250000000,3590000000
17564,410932250000000,3590000000
17565,411182250000000,3590000000
17566,411432250000000,3590000000
17567,411682250000000,3590000000
17568,411932250000000,3590000000
17569,412182250000000,3590000000
17570,412432250000000,3590000000
17571,412682250000000,3590000000
17572,412932250000000,3590000000
17573,413182250000000,3590000000
17574,413432250000000,3590000000
17575,413682250000000,3590000000
17576,413932250000000,3590000000
17577,414182250000000,3590000000
17578,414432250000000,3590000000
17579,414682250000000,3600000000
17580,414932250000000,3600000000
17581,415182250000000,3600000000
17582,415432250000000,3600000000
17583,415682250000000,3600000000
17584,415932250000000,3600000000
17585,416182250000000,3600000000
17586,416432250000000,3600000000
17587,416682250000000,3600000000
17588,416932250000000,3600000000
17589,417182250000000,3600000000
17590,417432250000000,3600000000
17591,417682250000000,3600000000
17592,417932250000000,3600000000
17593,418182250000000,3600000000
17594,418432250000000,3600000000
17595,418682250000000,3600000000
17596,418932250000000,3600000000
17597,419182250000000,3600000000
17598,419432250000000,3600000000
17599,419682250000000,3600000000
17600,419932250000000,3600000000
17601,420182250000000,3600000000
17602,420432250000000,3600000000
17603,420682250000000,3600000000
17604,420932250000000,3600000000
17605,421182250000000,3600000000
17606,421432250000000,3600000000
17607,421682250000000,3600000000
17608,421932250000000,3600000000
17609,422182250000000,3600000000
17610,422432250000000,3600000000
17611,422682250000000,3600000000
17612,422932250000000,3600000000
17613,423182250000000,3600000000
17614,423432250000000,3600000000
17615,423682250000000,3600000000
17616,423932250000000,3600000000
17617,424182250000000,3600000000
17618,424432250000000,3600000000
17619,424682250000000,3600000000
17620,424932250000000,3600000000
17621,425182250000000,3600000000
17622,425432250000000,3600000000
17623,425682250000000,3600000000
17624,425932250000000,3600000000
17625,426182250000000,3600000000
17626,426432250000000,3600000000
17627,426682250000000,3610000000
17628,426932250000000,3610000000
17629,427182250000000,3610000000
17630,427432250000000,3610000000
17631,427682250000000,3610000000
17632,427932250000000,3610000000
17633,428182250000000,3610000000
17634,428432250000000,3610000000
17635,428682250000000,3610000000
17636,428932250000000,3610000000
17637,429182250000000,3610000000
17638,429432250000000,3610000000
17639,429682250000000,3610000000
17640,429932250000000,3610000000
17641,430182250000000,3610000000
17642,430432250000000,3610000000
17643,430682250000000,3610000000
17644,430932250000000,3610000000
17645,431182250000000,3610000000
17646,431432250000000,3610000000
17647,431682250000000,3610000000
17648,431932250000000,3610000000
17649,432182250000000,3610000000
17650,432432250000000,3610000000
17651,432682250000000,3610000000
17652,432932250000000,3610000000
17653,433182250000000,3610000000
17654,433432250000000,3610000000
17655,433682250000000,3610000000
17656,433932250000000,3610000000
17657,434182250000000,3610000000
17658,434432250000000,3610000000
17659,434682250000000,3610000000
17660,434932250000000,3610000000
17661,435182250000000,3610000000
17662,435432250000000,3610000000
17663,435682250000000,3610000000
17664,435932250000000,3610000000
17665,436182250000000,3610000000
17666,436432250000000,3610000000
17667,436682250000000,3610000000
17668,436932250000000,3610000000
17669,437182250000000,3610000000
17670,437432250000000,3610000000
17671,437682250000000,3610000000
17672,437932250000000,3610000000
17673,438182250000000,3610000000
17674,438432250000000,3610000000
17675,438682250000000,3610000000
17676,438932250000000,3620000000
17677,439182250000000,3620000000
17678,439432250000000,3620000000
17679,439682250000000,3620000000
17680,439932250000000,3620000000
17681,440182250000000,3620000000
17682,440432250000000,3620000000
17683,440682250000000,3620000000
17684,440932250000000,3620000000
17685,441182250000000,3620000000
17686,441432250000000,3620000000
17687,441682250000000,3620000000
17688,441932250000000,3620000000
17689,442182250000000,3620000000
17690,442432250000000,3620000000
17691,442682250000000,3620000000
17692,442932250000000,3620000000
17693,443182250000000,3620000000
17694,443432250000000,3620000000
17695,443682250000000,3620000000
17696,443932250000000,3620000000
17697,444182250000000,3620000000
17698,444432250000000,3620000000
17699,444682250000000,3620000000
17700,444932250000000,3620000000
17701,445182250000000,3620000000
17702,445432250000000,3620000000
17703,445682250000000,3620000000
17704,445932250000000,3620000000
17705,446182250000000,3620000000
17706,446432250000000,3620000000
17707,446682250000000,3620000000
17708,446932250000000,3620000000
17709,447182250000000,3620000000
17710,447432250000000,3620000000
17711,447682250000000,3620000000
17712,447932250000000,3620000000
17713,448182250000000,3620000000
17714,448432250000000,3620000000
17715,448682250000000,3620000000
17716,448932250000000,3620000000
17717,449182250000000,3620000000
17718,449432250000000,3620000000
17719,449682250000000,3620000000
17720,449932250000000,3620000000
17721,450182250000000,3620000000
17722,450432250000000,3620000000
17723,450682250000000,3620000000
17724,450932250000000,3620000000
17725,451182250000000,3630000000
17726,451432250000000,3630000000
17727,451682250000000,3630000000
17728,451932250000000,3630000000
17729,452182250000000,3630000000
17730,452432250000000,3630000000
17731,452682250000000,3630000000
17732,452932250000000,3630000000
17733,453182250000000,3630000000
17734,453432250000000,3630000000
17735,453682250000000,3630000000
17736,453932250000000,3630000000
17737,454182250000000,3630000000
17738,454432250000000,3630000000
17739,454682250000000,3630000000
17740,454932250000000,3630000000
17741,455182250000000,3630000000
17742,455432250000000,3630000000
17743,455682250000000,3630000000
17744,455932250000000,3630000000
17745,456182250000000,3630000000
17746,456432250000000,3630000000
17747,456682250000000,3630000000
17748,456932250000000,3630000000
17749,457182250000000,3630000000
17750,457432250000000,3630000000
17751,457682250000000,3630000000
17752,457932250000000,3630000000
17753,458182250000000,3630000000
17754,458432250000000,3630000000
17755,458682250000000,3630000000
17756,458932250000000,3630000000
17757,459182250000000,3630000000
17758,459432250000000,3630000000
17759,459682250000000,3630000000
17760,459932250000000,3630000000
17761,460182250000000,3630000000
17762,460432250000000,3630000000
17763,460682250000000,3630000000
17764,460932250000000,3630000000
17765,461182250000000,3630000000
17766,461432250000000,3630000000
17767,461682250000000,3630000000
17768,461932250000000,3630000000
17769,462182250000000,3630000000
17770,462432250000000,3630000000
17771,462682250000000,3630000000
17772,462932250000000,3630000000
17773,463182250000000,3630000000
17774,463432250000000,3640000000
17775,463682250000000,3640000000
17776,463932250000000,3640000000
17777,464182250000000,3640000000
17778,464432250000000,3640000000
17779,464682250000000,3640000000
17780,464932250000000,3640000000
17781,465182250000000,3640000000
17782,465432250000000,3640000000
17783,465682250000000,3640000000
17784,465932250000000,3640000000
17785,466182250000000,3640000000
17786,466432250000000,3640000000
17787,466682250000000,3640000000
17788,466932250000000,3640000000
17789,467182250000000,3640000000
17790,467432250000000,3640000000
17791,467682250000000,3640000000
17792,467932250000000,3640000000
17793,468182250000000,3640000000
17794,468432250000000,3640000000
17795,468682250000000,3640000000
17796,468932250000000,3640000000
17797,469182250000000,3640000000
17798,469432250000000,3640000000
17799,469682250000000,3640000000
17800,469932250000000,3640000000
17801,470182250000000,3640000000
17802,470432250000000,3640000000
17803,470682250000000,3640000000
17804,470932250000000,3640000000
17805,471182250000000,3640000000
17806,471432250000000,3640000000
17807,471682250000000,3640000000
17808,471932250000000,3640000000
17809,472182250000000,3640000000
17810,472432250000000,3640000000
17811,472682250000000,3640000000
17812,472932250000000,3640000000
17813,473182250000000,3640000000
17814,473432250000000,3640000000
17815,473682250000000,3640000000
17816,473932250000000,3640000000
17817,474182250000000,3640000000
17818,474432250000000,3640000000
17819,474682250000000,3640000000
17820,474932250000000,3640000000
17821,475182250000000,3640000000
17822,475432250000000,3640000000
17823,475682250000000,3650000000
17824,475932250000000,3650000000
17825,476182250000000,3650000000
17826,476432250000000,3650000000
17827,476682250000000,3650000000
17828,476932250000000,3650000000
17829,477182250000000,3650000000
17830,477432250000000,3650000000
17831,477682250000000,3650000000
17832,477932250000000,3650000000
17833,478182250000000,3650000000
17834,478432250000000,3650000000
17835,478682250000000,3650000000
17836,478932250000000,3650000000
17837,479182250000000,3650000000
17838,479432250000000,3650000000
17839,479682250000000,3650000000
17840,479932250000000,3650000000
17841,480182250000000,3650000000
17842,480432250000000,3650000000
17843,480682250000000,3650000000
17844,480932250000000,3650000000
17845,481182250000000,3650000000
17846,481432250000000,3650000000
17847,481682250000000,3650000000
17848,481932250000000,3650000000
17849,482182250000000,3650000000
17850,482432250000000,3650000000
17851,482682250000000,3650000000
17852,482932250000000,3650000000
17853,483182250000000,3650000000
17854,483432250000000,3650000000
17855,483682250000000,3650000000
17856,483932250000000,3650000000
17857,484182250000000,3650000000
17858,484432250000000,3650000000
17859,484682250000000,3650000000
17860,484932250000000,3650000000
17861,485182250000000,3650000000
17862,485432250000000,3650000000
17863,485682250000000,3650000000
17864,485932250000000,3650000000
17865,486182250000000,3650000000
17866,486432250000000,3650000000
17867,486682250000000,3650000000
17868,486932250000000,3650000000
17869,487182250000000,3650000000
17870,487432250000000,3650000000
17871,487682250000000,3650000000
17872,487932250000000,3660000000
17873,488182250000000,3660000000
17874,488432250000000,3660000000
17875,488682250000000,3660000000
17876,488932250000000,3660000000
17877,489182250000000,3660000000
17878,489432250000000,3660000000
17879,489682250000000,3660000000
17880,489932250000000,3660000000
17881,490182250000000,3660000000
17882,490432250000000,3660000000
17883,490682250000000,3660000000
17884,490932250000000,3660000000
17885,491182250000000,3660000000
17886,491432250000000,3660000000
17887,491682250000000,3660000000
17888,491932250000000,3660000000
17889,492182250000000,3660000000
17890,492432250000000,3660000000
17891,492682250000000,3660000000
17892,492932250000000,3660000000
17893,493182250000000,3660000000
17894,493432250000000,3660000000
17895,493682250000000,3660000000
17896,493932250000000,3660000000
17897,494182250000000,3660000000
17898,494432250000000,3660000000
17899,494682250000000,3660000000
17900,494932250000000,3660000000
17901,495182250000000,3660000000
17902,495432250000000,3660000000
17903,495682250000000,3660000000
17904,495932250000000,3660000000
17905,496182250000000,3660000000
17906,496432250000000,3660000000
17907,496682250000000,3660000000
17908,496932250000000,3660000000
17909,497182250000000,3660000000
17910,497432250000000,3660000000
17911,497682250000000,3660000000
17912,497932250000000,3660000000
17913,498182250000000,3660000000
17914,498432250000000,3660000000
17915,498682250000000,3660000000
17916,498932250000000,3660000000
17917,499182250000000,3660000000
17918,499432250000000,3660000000
17919,499682250000000,3660000000
17920,499932250000000,3670000000
17921,500182250000000,3670000000
17922,500432250000000,3670000000
17923,500682250000000,3670000000
17924,500932250000000,3670000000
17925,501182250000000,3670000000
17926,501432250000000,3670000000
17927,501682250000000,3670000000
17928,501932250000000,3670000000
17929,502182250000000,3670000000
17930,502432250000000,3670000000
17931,502682250000000,3670000000
17932,502932250000000,3670000000
17933,503182250000000,3670000000
17934,503432250000000,3670000000
17935,503682250000000,3670000000
17936,503932250000000,3670000000
17937,504182250000000,3670000000
17938,504432250000000,3670000000
17939,504682250000000,3670000000
17940,504932250000000,3670000000
17941,505182250000000,3670000000
17942,505432250000000,3670000000
17943,505682250000000,3670000000
17944,505932250000000,3670000000
17945,506182250000000,3670000000
17946,506432250000000,3670000000
17947,506682250000000,3670000000
17948,506932250000000,3670000000
17949,507182250000000,3670000000
17950,507432250000000,3670000000
17951,507682250000000,3670000000
17952,507932250000000,3670000000
17953,508182250000000,3670000000
17954,508432250000000,3670000000
17955,508682250000000,3670000000
17956,508932250000000,3670000000
17957,509182250000000,3670000000
17958,509432250000000,3670000000
17959,509682250000000,3670000000
17960,509932250000000,3670000000
17961,510182250000000,3670000000
17962,510432250000000,3670000000
17963,510682250000000,3670000000
17964,510932250000000,3670000000
17965,511182250000000,3670000000
17966,511432250000000,3670000000
17967,511682250000000,3670000000
17968,511932250000000,3670000000
17969,512182250000000,3680000000
17970,512432250000000,3680000000
17971,512682250000000,3680000000
17972,512932250000000,3680000000
17973,513182250000000,3680000000
17974,513432250000000,3680000000
17975,513682250000000,3680000000
17976,513932250000000,3680000000
17977,514182250000000,3680000000
17978,514432250000000,3680000000
17979,514682250000000,3680000000
17980,514932250000000,3680000000
17981,515182250000000,3680000000
17982,515432250000000,3680000000
17983,515682250000000,3680000000
17984,515932250000000,3680000000
17985,516182250000000,3680000000
17986,516432250000000,3680000000
17987,516682250000000,3680000000
17988,516932250000000,3680000000
17989,517182250000000,3680000000
17990,517432250000000,3680000000
17991,517682250000000,3680000000
17992,517932250000000,3680000000
17993,518182250000000,3680000000
17994,518432250000000,3680000000
17995,518682250000000,3680000000
17996,518932250000000,3680000000
17997,519182250000000,3680000000
17998,519432250000000,3680000000
17999,519682250000000,3680000000
18000,519932250000000,3680000000
18001,520182250000000,3680000000
18002,520432250000000,3680000000
18003,520682250000000,3680000000
18004,520932250000000,3680000000
18005,521182250000000,3680000000
18006,521432250000000,3680000000
18007,521682250000000,3680000000
18008,521932250000000,3680000000
18009,522182250000000,3680000000
18010,522432250000000,3680000000
18011,522682250000000,3680000000
18012,522932250000000,3680000000
18013,523182250000000,3680000000
18014,523432250000000,3680000000
18015,523682250000000,3680000000
18016,523932250000000,3680000000
18017,524182250000000,3680000000
18018,524432250000000,3690000000
18019,524682250000000,3690000000
18020,524932250000000,3690000000
18021,525182250000000,3690000000
18022,525432250000000,3690000000
18023,525682250000000,3690000000
18024,525932250000000,3690000000
18025,526182250000000,3690000000
18026,526432250000000,3690000000
18027,526682250000000,3690000000
18028,526932250000000,3690000000
18029,527182250000000,3690000000
18030,527432250000000,3690000000
18031,527682250000000,3690000000
18032,527932250000000,3690000000
18033,528182250000000,3690000000
18034,528432250000000,3690000000
18035,528682250000000,3690000000
18036,528932250000000,3690000000
18037,529182250000000,3690000000
18038,529432250000000,3690000000
18039,529682250000000,3690000000
18040,529932250000000,3690000000
18041,530182250000000,3690000000
18042,530432250000000,3690000000
18043,530682250000000,3690000000
18044,530932250000000,3690000000
18045,531182250000000,3690000000
18046,531432250000000,3690000000
18047,531682250000000,3690000000
18048,531932250000000,3690000000
18049,532182250000000,3690000000
18050,532432250000000,3690000000
18051,532682250000000,3690000000
18052,532932250000000,3690000000
18053,533182250000000,3690000000
18054,533432250000000,3690000000
18055,533682250000000,3690000000
18056,533932250000000,3690000000
18057,534182250000000,3690000000
18058,534432250000000,3690000000
18059,534682250000000,3690000000
18060,534932250000000,3690000000
18061,535182250000000,3690000000
18062,535432250000000,3690000000
18063,535682250000000,3690000000
18064,535932250000000,3690000000
18065,536182250000000,3690000000
18066,536432250000000,3690000000
18067,536682250000000,3700000000
18068,536932250000000,3700000000
18069,537182250000000,3700000000
18070,537432250000000,3700000000
18071,537682250000000,3700000000
18072,537932250000000,3700000000
18073,538182250000000,3700000000
18074,538432250000000,3700000000
18075,538682250000000,3700000000
18076,538932250000000,3700000000
18077,539182250000000,3700000000
18078,539432250000000,3700000000
18079,539682250000000,3700000000
18080,539932250000000,3700000000
18081,540182250000000,3700000000
18082,540432250000000,3700000000
18083,540682250000000,3700000000
18084,540932250000000,3700000000
18085,541182250000000,3700000000
18086,541432250000000,3700000000
18087,541682250000000,3700000000
18088,541932250000000,3700000000
18089,542182250000000,3700000000
18090,542432250000000,3700000000
18091,542682250000000,3700000000
18092,542932250000000,3700000000
18093,543182250000000,3700000000
18094,543432250000000,3700000000
18095,543682250000000,3700000000
18096,543932250000000,3700000000
18097,544182250000000,3700000000
18098,544432250000000,3700000000
18099,544682250000000,3700000000
18100,544932250000000,3700000000
18101,545182250000000,3700000000
18102,545432250000000,3700000000
18103,545682250000000,3700000000
18104,545932250000000,3700000000
18105,546182250000000,3700000000
18106,546432250000000,3700000000
18107,546682250000000,3700000000
18108,546932250000000,3700000000
18109,547182250000000,3700000000
18110,547432250000000,3700000000
18111,547682250000000,3700000000
18112,547932250000000,3700000000
18113,548182250000000,3700000000
18114,548432250000000,3700000000
18115,548682250000000,3700000000
18116,548932250000000,3710000000
18117,549182250000000,3710000000
18118,549432250000000,3710000000
18119,549682250000000,3710000000
18120,549932250000000,3710000000
18121,550182250000000,3710000000
18122,550432250000000,3710000000
18123,550682250000000,3710000000
18124,550932250000000,3710000000
18125,551182250000000,3710000000
18126,551432250000000,3710000000
18127,551682250000000,3710000000
18128,551932250000000,3710000000
18129,552182250000000,3710000000
18130,552432250000000,3710000000
18131,552682250000000,3710000000
18132,552932250000000,3710000000
18133,553182250000000,3710000000
18134,553432250000000,3710000000
18135,553682250000000,3710000000
18136,553932250000000,3710000000
18137,554182250000000,3710000000
18138,554432250000000,3710000000
18139,554682250000000,3710000000
18140,554932250000000,3710000000
18141,555182250000000,3710000000
18142,555432250000000,3710000000
18143,555682250000000,3710000000
18144,555932250000000,3710000000
18145,556182250000000,3710000000
18146,556432250000000,3710000000
18147,556682250000000,3710000000
18148,556932250000000,3710000000
18149,557182250000000,3710000000
18150,557432250000000,3710000000
18151,557682250000000,3710000000
18152,557932250000000,3710000000
18153,558182250000000,3710000000
18154,558432250000000,3710000000
18155,558682250000000,3710000000
18156,558932250000000,3710000000
18157,559182250000000,3710000000
18158,559432250000000,3710000000
18159,559682250000000,3710000000
18160,559932250000000,3710000000
18161,560182250000000,3710000000
18162,560432250000000,3710000000
18163,560682250000000,3710000000
18164,560932250000000,3710000000
18165,561182250000000,3720000000
18166,561432250000000,3720000000
18167,561682250000000,3720000000
18168,561932250000000,3720000000
18169,562182250000000,3720000000
18170,562432250000000,3720000000
18171,562682250000000,3720000000
18172,562932250000000,3720000000
18173,563182250000000,3720000000
18174,563432250000000,3720000000
18175,563682250000000,3720000000
18176,563932250000000,3720000000
18177,564182250000000,3720000000
18178,564432250000000,3720000000
18179,564682250000000,3720000000
18180,564932250000000,3720000000
18181,565182250000000,3720000000
18182,565432250000000,3720000000
18183,565682250000000,3720000000
18184,565932250000000,3720000000
18185,566182250000000,3720000000
18186,566432250000000,3720000000
18187,566682250000000,3720000000
18188,566932250000000,3720000000
18189,567182250000000,3720000000
18190,567432250000000,3720000000
18191,567682250000000,3720000000
18192,567932250000000,3720000000
18193,568182250000000,3720000000
18194,568432250000000,3720000000
18195,568682250000000,3720000000
18196,568932250000000,3720000000
18197,569182250000000,3720000000
18198,569432250000000,3720000000
18199,569682250000000,3720000000
18200,569932250000000,3720000000
18201,570182250000000,3720000000
18202,570432250000000,3720000000
18203,570682250000000,3720000000
18204,570932250000000,3720000000
18205,571182250000000,3720000000
18206,571432250000000,3720000000
18207,571682250000000,3720000000
18208,571932250000000,3720000000
18209,572182250000000,3720000000
18210,572432250000000,3720000000
18211,572682250000000,3720000000
18212,572932250000000,3720000000
18213,573182250000000,3730000000
18214,573432250000000,3730000000
18215,573682250000000,3730000000
18216,573932250000000,3730000000
18217,574182250000000,3730000000
18218,574432250000000,3730000000
18219,574682250000000,3730000000
18220,574932250000000,3730000000
18221,575182250000000,3730000000
18222,575432250000000,3730000000
18223,575682250000000,3730000000
18224,575932250000000,3730000000
18225,576182250000000,3730000000
18226,576432250000000,3730000000
18227,576682250000000,3730000000
18228,576932250000000,3730000000
18229,577182250000000,3730000000
18230,577432250000000,3730000000
18231,577682250000000,3730000000
18232,577932250000000,3730000000
18233,578182250000000,3730000000
18234,578432250000000,3730000000
18235,578682250000000,3730000000
18236,578932250000000,3730000000
18237,579182250000000,3730000000
18238,579432250000000,3730000000
18239,579682250000000,3730000000
18240,579932250000000,3730000000
18241,580182250000000,3730000000
18242,580432250000000,3730000000
18243,580682250000000,3730000000
18244,580932250000000,3730000000
18245,581182250000000,3730000000
18246,581432250000000,3730000000
18247,581682250000000,3730000000
18248,581932250000000,3730000000
18249,582182250000000,3730000000
18250,582432250000000,3730000000
18251,582682250000000,3730000000
18252,582932250000000,3730000000
18253,583182250000000,3730000000
18254,583432250000000,3730000000
18255,583682250000000,3730000000
18256,583932250000000,3730000000
18257,584182250000000,3730000000
18258,584432250000000,3730000000
18259,584682250000000,3730000000
18260,584932250000000,3730000000
18261,585182250000000,3730000000
18262,585432250000000,3740000000
18263,585682250000000,3740000000
18264,585932250000000,3740000000
18265,586182250000000,3740000000
18266,586432250000000,3740000000
18267,586682250000000,3740000000
18268,586932250000000,3740000000
18269,587182250000000,3740000000
18270,587432250000000,3740000000
18271,587682250000000,3740000000
18272,587932250000000,3740000000
18273,588182250000000,3740000000
18274,588432250000000,3740000000
18275,588682250000000,3740000000
18276,588932250000000,3740000000
18277,589182250000000,3740000000
18278,589432250000000,3740000000
18279,589682250000000,3740000000
18280,589932250000000,3740000000
18281,590182250000000,3740000000
18282,590432250000000,3740000000
18283,590682250000000,3740000000
18284,590932250000000,3740000000
18285,591182250000000,3740000000
18286,591432250000000,3740000000
18287,591682250000000,3740000000
18288,591932250000000,3740000000
18289,592182250000000,3740000000
18290,592432250000000,3740000000
18291,592682250000000,3740000000
18292,592932250000000,3740000000
18293,593182250000000,3740000000
18294,593432250000000,3740000000
18295,593682250000000,3740000000
18296,593932250000000,3740000000
18297,594182250000000,3740000000
18298,594432250000000,3740000000
18299,594682250000000,3740000000
18300,594932250000000,3740000000
18301,595182250000000,3740000000
18302,595432250000000,3740000000
18303,595682250000000,3740000000
18304,595932250000000,3740000000
18305,596182250000000,3740000000
18306,596432250000000,3740000000
18307,596682250000000,3740000000
18308,596932250000000,3740000000
18309,597182250000000,3740000000
18310,597432250000000,3740000000
18311,597682250000000,3750000000
18312,597932250000000,3750000000
18313,598182250000000,3750000000
18314,598432250000000,3750000000
18315,598682250000000,3750000000
18316,598932250000000,3750000000
18317,599182250000000,3750000000
18318,599432250000000,3750000000
18319,599682250000000,3750000000
18320,599932250000000,3750000000
18321,600182250000000,3750000000
18322,600432250000000,3750000000
18323,600682250000000,3750000000
18324,600932250000000,3750000000
18325,601182250000000,3750000000
18326,601432250000000,3750000000
18327,601682250000000,3750000000
18328,601932250000000,3750000000
18329,602182250000000,3750000000
18330,602432250000000,3750000000
18331,602682250000000,3750000000
18332,602932250000000,3750000000
18333,603182250000000,3750000000
18334,603432250000000,3750000000
18335,603682250000000,3750000000
18336,603932250000000,3750000000
18337,604182250000000,3750000000
18338,604432250000000,3750000000
18339,604682250000000,3750000000
18340,604932250000000,3750000000
18341,605182250000000,3750000000
18342,605432250000000,3750000000
18343,605682250000000,3750000000
18344,605932250000000,3750000000
18345,606182250000000,3750000000
18346,606432250000000,3750000000
18347,606682250000000,3750000000
18348,606932250000000,3750000000
18349,607182250000000,3750000000
18350,607432250000000,3750000000
18351,607682250000000,3750000000
18352,607932250000000,3750000000
18353,608182250000000,3750000000
18354,608432250000000,3750000000
18355,608682250000000,3750000000
18356,608932250000000,3750000000
18357,609182250000000,3750000000
18358,609432250000000,3750000000
18359,609682250000000,3750000000
18360,609932250000000,3760000000
18361,610182250000000,3760000000
18362,610432250000000,3760000000
18363,610682250000000,3760000000
18364,610932250000000,3760000000
18365,611182250000000,3760000000
18366,611432250000000,3760000000
18367,611682250000000,3760000000
18368,611932250000000,3760000000
18369,612182250000000,3760000000
18370,612432250000000,3760000000
18371,612682250000000,3760000000
18372,612932250000000,3760000000
18373,613182250000000,3760000000
18374,613432250000000,3760000000
18375,613682250000000,3760000000
18376,613932250000000,3760000000
18377,614182250000000,3760000000
18378,614432250000000,3760000000
18379,614682250000000,3760000000
18380,614932250000000,3760000000
18381,615182250000000,3760000000
18382,615432250000000,3760000000
18383,615682250000000,3760000000
18384,615932250000000,3760000000
18385,616182250000000,3760000000
18386,616432250000000,3760000000
18387,616682250000000,3760000000
18388,616932250000000,3760000000
18389,617182250000000,3760000000
18390,617432250000000,3760000000
18391,617682250000000,3760000000
18392,617932250000000,3760000000
18393,618182250000000,3760000000
18394,618432250000000,3760000000
18395,618682250000000,3760000000
18396,618932250000000,3760000000
18397,619182250000000,3760000000
18398,619432250000000,3760000000
18399,619682250000000,3760000000
18400,619932250000000,3760000000
18401,620182250000000,3760000000
18402,620432250000000,3760000000
18403,620682250000000,3760000000
18404,620932250000000,3760000000
18405,621182250000000,3760000000
18406,621432250000000,3760000000
18407,621682250000000,3760000000
18408,621932250000000,3760000000
18409,622182250000000,3770000000
18410,622432250000000,3770000000
18411,622682250000000,3770000000
18412,622932250000000,3770000000
18413,623182250000000,3770000000
18414,623432250000000,3770000000
18415,623682250000000,3770000000
18416,623932250000000,3770000000
18417,624182250000000,3770000000
18418,624432250000000,3770000000
18419,624682250000000,3770000000
18420,624932250000000,3770000000
18421,625182250000000,3770000000
18422,625432250000000,3770000000
18423,625682250000000,3770000000
18424,625932250000000,3770000000
18425,626182250000000,3770000000
18426,626432250000000,3770000000
18427,626682250000000,3770000000
18428,626932250000000,3770000000
18429,627182250000000,3770000000
18430,627432250000000,3770000000
18431,627682250000000,3770000000
18432,627932250000000,3770000000
18433,628182250000000,3770000000
18434,628432250000000,3770000000
18435,628682250000000,3770000000
18436,628932250000000,3770000000
18437,629182250000000,3770000000
18438,629432250000000,3770000000
18439,629682250000000,3770000000
18440,629932250000000,3770000000
18441,630182250000000,3770000000
18442,630432250000000,3770000000
18443,630682250000000,3770000000
18444,630932250000000,3770000000
18445,631182250000000,3770000000
18446,631432250000000,3770000000
18447,631682250000000,3770000000
18448,631932250000000,3770000000
18449,632182250000000,3770000000
18450,632432250000000,3770000000
18451,632682250000000,3770000000
18452,632932250000000,3770000000
18453,633182250000000,3770000000
18454,633432250000000,3770000000
18455,633682250000000,3770000000
18456,633932250000000,3770000000
18457,634182250000000,3770000000
18458,634432250000000,3780000000
18459,634682250000000,3780000000
18460,634932250000000,3780000000
18461,635182250000000,3780000000
18462,635432250000000,3780000000
18463,635682250000000,3780000000
18464,635932250000000,3780000000
18465,636182250000000,3780000000
18466,636432250000000,3780000000
18467,636682250000000,3780000000
18468,636932250000000,3780000000
18469,637182250000000,3780000000
18470,637432250000000,3780000000
18471,637682250000000,3780000000
18472,637932250000000,3780000000
18473,638182250000000,3780000000
18474,638432250000000,3780000000
18475,638682250000000,3780000000
18476,638932250000000,3780000000
18477,639182250000000,3780000000
18478,639432250000000,3780000000
18479,639682250000000,3780000000
18480,639932250000000,3780000000
18481,640182250000000,3780000000
18482,640432250000000,3780000000
18483,640682250000000,3780000000
18484,640932250000000,3780000000
18485,641182250000000,3780000000
18486,641432250000000,3780000000
18487,641682250000000,3780000000
18488,641932250000000,3780000000
18489,642182250000000,3780000000
18490,642432250000000,3780000000
18491,642682250000000,3780000000
18492,642932250000000,3780000000
18493,643182250000000,3780000000
18494,643432250000000,3780000000
18495,643682250000000,3780000000
18496,643932250000000,3780000000
18497,644182250000000,3780000000
18498,644432250000000,3780000000
18499,644682250000000,3780000000
18500,644932250000000,3780000000
18501,645182250000000,3780000000
18502,645432250000000,3780000000
18503,645682250000000,3780000000
18504,645932250000000,3780000000
18505,646182250000000,3780000000
18506,646432250000000,3790000000
18507,646682250000000,3790000000
18508,646932250000000,3790000000
18509,647182250000000,3790000000
18510,647432250000000,3790000000
18511,647682250000000,3790000000
18512,647932250000000,3790000000
18513,648182250000000,3790000000
18514,648432250000000,3790000000
18515,648682250000000,3790000000
18516,648932250000000,3790000000
18517,649182250000000,3790000000
18518,649432250000000,3790000000
18519,649682250000000,3790000000
18520,649932250000000,3790000000
18521,650182250000000,3790000000
18522,650432250000000,3790000000
18523,650682250000000,3790000000
18524,650932250000000,3790000000
18525,651182250000000,3790000000
18526,651432250000000,3790000000
18527,651682250000000,3790000000
18528,651932250000000,3790000000
18529,652182250000000,3790000000
18530,652432250000000,3790000000
18531,652682250000000,3790000000
18532,652932250000000,3790000000
18533,653182250000000,3790000000
18534,653432250000000,3790000000
18535,653682250000000,3790000000
18536,653932250000000,3790000000
18537,654182250000000,3790000000
18538,654432250000000,3790000000
18539,654682250000000,3790000000
18540,654932250000000,3790000000
18541,655182250000000,3790000000
18542,655432250000000,3790000000
18543,655682250000000,3790000000
18544,655932250000000,3790000000
18545,656182250000000,3790000000
18546,656432250000000,3790000000
18547,656682250000000,3790000000
18548,656932250000000,3790000000
18549,657182250000000,3790000000
18550,657432250000000,3790000000
18551,657682250000000,3790000000
18552,657932250000000,3790000000
18553,658182250000000,3790000000
18554,658432250000000,3790000000
18555,658682250000000,3800000000
18556,658932250000000,3800000000
18557,659182250000000,3800000000
18558,659432250000000,3800000000
18559,659682250000000,3800000000
18560,659932250000000,3800000000
18561,660182250000000,3800000000
18562,660432250000000,3800000000
18563,660682250000000,3800000000
18564,660932250000000,3800000000
18565,661182250000000,3800000000
18566,661432250000000,3800000000
18567,661682250000000,3800000000
18568,661932250000000,3800000000
18569,662182250000000,3800000000
18570,662432250000000,3800000000
18571,662682250000000,3800000000
18572,662932250000000,3800000000
18573,663182250000000,3800000000
18574,663432250000000,3800000000
18575,663682250000000,3800000000
18576,663932250000000,3800000000
18577,664182250000000,3800000000
18578,664432250000000,3800000000
18579,664682250000000,3800000000
18580,664932250000000,3800000000
18581,665182250000000,3800000000
18582,665432250000000,3800000000
18583,665682250000000,3800000000
18584,665932250000000,3800000000
18585,666182250000000,3800000000
18586,666432250000000,3800000000
18587,666682250000000,3800000000
18588,666932250000000,3800000000
18589,667182250000000,3800000000
18590,667432250000000,3800000000
18591,667682250000000,3800000000
18592,667932250000000,3800000000
18593,668182250000000,3800000000
18594,668432250000000,3800000000
18595,668682250000000,3800000000
18596,668932250000000,3800000000
18597,669182250000000,3800000000
18598,669432250000000,3800000000
18599,669682250000000,3800000000
18600,669932250000000,3800000000
18601,670182250000000,3800000000
18602,670432250000000,3800000000
18603,670682250000000,3800000000
18604,670932250000000,3810000000
18605,671182250000000,3810000000
18606,671432250000000,3810000000
18607,671682250000000,3810000000
18608,671932250000000,3810000000
18609,672182250000000,3810000000
18610,672432250000000,3810000000
18611,672682250000000,3810000000
18612,672932250000000,3810000000
18613,673182250000000,3810000000
18614,673432250000000,3810000000
18615,673682250000000,3810000000
18616,673932250000000,3810000000
18617,674182250000000,3810000000
18618,674432250000000,3810000000
18619,674682250000000,3810000000
18620,674932250000000,3810000000
18621,675182250000000,3810000000
18622,675432250000000,3810000000
18623,675682250000000,3810000000
18624,675932250000000,3810000000
18625,676182250000000,3810000000
18626,676432250000000,3810000000
18627,676682250000000,3810000000
18628,676932250000000,3810000000
18629,677182250000000,3810000000
18630,677432250000000,3810000000
18631,677682250000000,3810000000
18632,677932250000000,3810000000
18633,678182250000000,3810000000
18634,678432250000000,3810000000
18635,678682250000000,3810000000
18636,678932250000000,3810000000
18637,679182250000000,3810000000
18638,679432250000000,3810000000
18639,679682250000000,3810000000
18640,679932250000000,3810000000
18641,680182250000000,3810000000
18642,680432250000000,3810000000
18643,680682250000000,3810000000
18644,680932250000000,3810000000
18645,681182250000000,3810000000
18646,681432250000000,3810000000
18647,681682250000000,3810000000
18648,681932250000000,3810000000
18649,682182250000000,3810000000
18650,682432250000000,3810000000
18651,682682250000000,3810000000
18652,682932250000000,3810000000
18653,683182250000000,3820000000
18654,683432250000000,3820000000
18655,683682250000000,3820000000
18656,683932250000000,3820000000
18657,684182250000000,3820000000
18658,684432250000000,3820000000
18659,684682250000000,3820000000
18660,684932250000000,3820000000
18661,685182250000000,3820000000
18662,685432250000000,3820000000
18663,685682250000000,3820000000
18664,685932250000000,3820000000
18665,686182250000000,3820000000
18666,686432250000000,3820000000
18667,686682250000000,3820000000
18668,686932250000000,3820000000
18669,687182250000000,3820000000
18670,687432250000000,3820000000
18671,687682250000000,3820000000
18672,687932250000000,3820000000
18673,688182250000000,3820000000
18674,688432250000000,3820000000
18675,688682250000000,3820000000
18676,688932250000000,3820000000
18677,689182250000000,3820000000
18678,689432250000000,3820000000
18679,689682250000000,3820000000
18680,689932250000000,3820000000
18681,690182250000000,3820000000
18682,690432250000000,3820000000
18683,690682250000000,3820000000
18684,690932250000000,3820000000
18685,691182250000000,3820000000
18686,691432250000000,3820000000
18687,691682250000000,3820000000
18688,691932250000000,3820000000
18689,692182250000000,3820000000
18690,692432250000000,3820000000
18691,692682250000000,3820000000
18692,692932250000000,3820000000
18693,693182250000000,3820000000
18694,693432250000000,3820000000
18695,693682250000000,3820000000
18696,693932250000000,3820000000
18697,694182250000000,3820000000
18698,694432250000000,3820000000
18699,694682250000000,3820000000
18700,694932250000000,3820000000
18701,695182250000000,3820000000
18702,695432250000000,3830000000
18703,695682250000000,3830000000
18704,695932250000000,3830000000
18705,696182250000000,3830000000
18706,696432250000000,3830000000
18707,696682250000000,3830000000
18708,696932250000000,3830000000
18709,697182250000000,3830000000
18710,697432250000000,3830000000
18711,697682250000000,3830000000
18712,697932250000000,3830000000
18713,698182250000000,3830000000
18714,698432250000000,3830000000
18715,698682250000000,3830000000
18716,698932250000000,3830000000
18717,699182250000000,3830000000
18718,699432250000000,3830000000
18719,699682250000000,3830000000
18720,699932250000000,3830000000
18721,700182250000000,3830000000
18722,700432250000000,3830000000
18723,700682250000000,3830000000
18724,700932250000000,3830000000
18725,701182250000000,3830000000
18726,701432250000000,3830000000
18727,701682250000000,3830000000
18728,701932250000000,3830000000
18729,702182250000000,3830000000
18730,702432250000000,3830000000
18731,702682250000000,3830000000
18732,702932250000000,3830000000
18733,703182250000000,3830000000
18734,703432250000000,3830000000
18735,703682250000000,3830000000
18736,703932250000000,3830000000
18737,704182250000000,3830000000
18738,704432250000000,3830000000
18739,704682250000000,3830000000
18740,704932250000000,3830000000
18741,705182250000000,3830000000
18742,705432250000000,3830000000
18743,705682250000000,3830000000
18744,705932250000000,3830000000
18745,706182250000000,3830000000
18746,706432250000000,3830000000
18747,706682250000000,3830000000
18748,706932250000000,3830000000
18749,707182250000000,3830000000
18750,707432250000000,3840000000
18751,707682250000000,3840000000
18752,707932250000000,3840000000
18753,708182250000000,3840000000
18754,708432250000000,3840000000
18755,708682250000000,3840000000
18756,708932250000000,3840000000
18757,709182250000000,3840000000
18758,709432250000000,3840000000
18759,709682250000000,3840000000
18760,709932250000000,3840000000
18761,710182250000000,3840000000
18762,710432250000000,3840000000
18763,710682250000000,3840000000
18764,710932250000000,3840000000
18765,711182250000000,3840000000
18766,711432250000000,3840000000
18767,711682250000000,3840000000
18768,711932250000000,3840000000
18769,712182250000000,3840000000
18770,712432250000000,3840000000
18771,712682250000000,3840000000
18772,712932250000000,3840000000
18773,713182250000000,3840000000
18774,713432250000000,3840000000
18775,713682250000000,3840000000
18776,713932250000000,3840000000
18777,714182250000000,3840000000
18778,714432250000000,3840000000
18779,714682250000000,3840000000
18780,714932250000000,3840000000
18781,715182250000000,3840000000
18782,715432250000000,3840000000
18783,715682250000000,3840000000
18784,715932250000000,3840000000
18785,716182250000000,3840000000
18786,716432250000000,3840000000
18787,716682250000000,3840000000
18788,716932250000000,3840000000
18789,717182250000000,3840000000
18790,717432250000000,3840000000
18791,717682250000000,3840000000
18792,717932250000000,3840000000
18793,718182250000000,3840000000
18794,718432250000000,3840000000
18795,718682250000000,3840000000
18796,718932250000000,3840000000
18797,719182250000000,3840000000
18798,719432250000000,3840000000
18799,719682250000000,3850000000
18800,719932250000000,3850000000
18801,720182250000000,3850000000
18802,720432250000000,3850000000
18803,720682250000000,3850000000
18804,720932250000000,3850000000
18805,721182250000000,3850000000
18806,721432250000000,3850000000
18807,721682250000000,3850000000
18808,721932250000000,3850000000
18809,722182250000000,3850000000
18810,722432250000000,3850000000
18811,722682250000000,3850000000
18812,722932250000000,3850000000
18813,723182250000000,3850000000
18814,723432250000000,3850000000
18815,723682250000000,3850000000
18816,723932250000000,3850000000
18817,724182250000000,3850000000
18818,724432250000000,3850000000
18819,724682250000000,3850000000
18820,724932250000000,3850000000
18821,725182250000000,3850000000
18822,725432250000000,3850000000
18823,725682250000000,3850000000
18824,725932250000000,3850000000
18825,726182250000000,3850000000
18826,726432250000000,3850000000
18827,726682250000000,3850000000
18828,726932250000000,3850000000
18829,727182250000000,3850000000
18830,727432250000000,3850000000
18831,727682250000000,3850000000
18832,727932250000000,3850000000
18833,728182250000000,3850000000
18834,728432250000000,3850000000
18835,728682250000000,3850000000
18836,728932250000000,3850000000
18837,729182250000000,3850000000
18838,729432250000000,3850000000
18839,729682250000000,3850000000
18840,729932250000000,3850000000
18841,730182250000000,3850000000
18842,730432250000000,3850000000
18843,730682250000000,3850000000
18844,730932250000000,3850000000
18845,731182250000000,3850000000
18846,731432250000000,3850000000
18847,731682250000000,3850000000
18848,731932250000000,3860000000
18849,732182250000000,3860000000
18850,732432250000000,3860000000
18851,732682250000000,3860000000
18852,732932250000000,3860000000
18853,733182250000000,3860000000
18854,733432250000000,3860000000
18855,733682250000000,3860000000
18856,733932250000000,3860000000
18857,734182250000000,3860000000
18858,734432250000000,3860000000
18859,734682250000000,3860000000
18860,734932250000000,3860000000
18861,735182250000000,3860000000
18862,735432250000000,3860000000
18863,735682250000000,3860000000
18864,735932250000000,3860000000
18865,736182250000000,3860000000
18866,736432250000000,3860000000
18867,736682250000000,3860000000
18868,736932250000000,3860000000
18869,737182250000000,3860000000
18870,737432250000000,3860000000
18871,737682250000000,3860000000
18872,737932250000000,3860000000
18873,738182250000000,3860000000
18874,738432250000000,3860000000
18875,738682250000000,3860000000
18876,738932250000000,3860000000
18877,739182250000000,3860000000
18878,739432250000000,3860000000
18879,739682250000000,3860000000
18880,739932250000000,3860000000
18881,740182250000000,3860000000
18882,740432250000000,3860000000
18883,740682250000000,3860000000
18884,740932250000000,3860000000
18885,741182250000000,3860000000
18886,741432250000000,3860000000
18887,741682250000000,3860000000
18888,741932250000000,3860000000
18889,742182250000000,3860000000
18890,742432250000000,3860000000
18891,742682250000000,3860000000
18892,742932250000000,3860000000
18893,743182250000000,3860000000
18894,743432250000000,3860000000
18895,743682250000000,3860000000
18896,743932250000000,3860000000
18897,744182250000000,3870000000
18898,744432250000000,3870000000
18899,744682250000000,3870000000
18900,744932250000000,3870000000
18901,745182250000000,3870000000
18902,745432250000000,3870000000
18903,745682250000000,3870000000
18904,745932250000000,3870000000
18905,746182250000000,3870000000
18906,746432250000000,3870000000
18907,746682250000000,3870000000
18908,746932250000000,3870000000
18909,747182250000000,3870000000
18910,747432250000000,3870000000
18911,747682250000000,3870000000
18912,747932250000000,3870000000
18913,748182250000000,3870000000
18914,748432250000000,3870000000
18915,748682250000000,3870000000
18916,748932250000000,3870000000
18917,749182250000000,3870000000
18918,749432250000000,3870000000
18919,749682250000000,3870000000
18920,749932250000000,3870000000
18921,750182250000000,3870000000
18922,750432250000000,3870000000
18923,750682250000000,3870000000
18924,750932250000000,3870000000
18925,751182250000000,3870000000
18926,751432250000000,3870000000
18927,751682250000000,3870000000
18928,751932250000000,3870000000
18929,752182250000000,3870000000
18930,752432250000000,3870000000
18931,752682250000000,3870000000
18932,752932250000000,3870000000
18933,753182250000000,3870000000
18934,753432250000000,3870000000
18935,753682250000000,3870000000
18936,753932250000000,3870000000
18937,754182250000000,3870000000
18938,754432250000000,3870000000
18939,754682250000000,3870000000
18940,754932250000000,3870000000
18941,755182250000000,3870000000
18942,755432250000000,3870000000
18943,755682250000000,3870000000
18944,755932250000000,3870000000
18945,756182250000000,3870000000
18946,756432250000000,3880000000
18947,756682250000000,3880000000
18948,756932250000000,3880000000
18949,757182250000000,3880000000
18950,757432250000000,3880000000
18951,757682250000000,3880000000
18952,757932250000000,3880000000
18953,758182250000000,3880000000
18954,758432250000000,3880000000
18955,758682250000000,3880000000
18956,758932250000000,3880000000
18957,759182250000000,3880000000
18958,759432250000000,3880000000
18959,759682250000000,3880000000
18960,759932250000000,3880000000
18961,760182250000000,3880000000
18962,760432250000000,3880000000
18963,760682250000000,3880000000
18964,760932250000000,3880000000
18965,761182250000000,3880000000
18966,761432250000000,3880000000
18967,761682250000000,3880000000
18968,761932250000000,3880000000
18969,762182250000000,3880000000
18970,762432250000000,3880000000
18971,762682250000000,3880000000
18972,762932250000000,3880000000
18973,763182250000000,3880000000
18974,763432250000000,3880000000
18975,763682250000000,3880000000
18976,763932250000000,3880000000
18977,764182250000000,3880000000
18978,764432250000000,3880000000
18979,764682250000000,3880000000
18980,764932250000000,3880000000
18981,765182250000000,3880000000
18982,765432250000000,3880000000
18983,765682250000000,3880000000
18984,765932250000000,3880000000
18985,766182250000000,3880000000
18986,766432250000000,3880000000
18987,766682250000000,3880000000
18988,766932250000000,3880000000
18989,767182250000000,3880000000
18990,767432250000000,3880000000
18991,767682250000000,3880000000
18992,767932250000000,3880000000
18993,768182250000000,3880000000
18994,768432250000000,3880000000
18995,768682250000000,3890000000
18996,768932250000000,3890000000
18997,769182250000000,3890000000
18998,769432250000000,3890000000
18999,769682250000000,3890000000
19000,769932250000000,3890000000
19001,770182250000000,3890000000
19002,770432250000000,3890000000
19003,770682250000000,3890000000
19004,770932250000000,3890000000
19005,771182250000000,3890000000
19006,771432250000000,3890000000
19007,771682250000000,3890000000
19008,771932250000000,3890000000
19009,772182250000000,3890000000
19010,772432250000000,3890000000
19011,772682250000000,3890000000
19012,772932250000000,3890000000
19013,773182250000000,3890000000
19014,773432250000000,3890000000
19015,773682250000000,3890000000
19016,773932250000000,3890000000
19017,774182250000000,3890000000
19018,774432250000000,3890000000
19019,774682250000000,3890000000
19020,774932250000000,3890000000
19021,775182250000000,3890000000
19022,775432250000000,3890000000
19023,775682250000000,3890000000
19024,775932250000000,3890000000
19025,776182250000000,3890000000
19026,776432250000000,3890000000
19027,776682250000000,3890000000
19028,776932250000000,3890000000
19029,777182250000000,3890000000
19030,777432250000000,3890000000
19031,777682250000000,3890000000
19032,777932250000000,3890000000
19033,778182250000000,3890000000
19034,778432250000000,3890000000
19035,778682250000000,3890000000
19036,778932250000000,3890000000
19037,779182250000000,3890000000
19038,779432250000000,3890000000
19039,779682250000000,3890000000
19040,779932250000000,3890000000
19041,780182250000000,3890000000
19042,780432250000000,3890000000
19043,780682250000000,3900000000
19044,780932250000000,3900000000
19045,781182250000000,3900000000
19046,781432250000000,3900000000
19047,781682250000000,3900000000
19048,781932250000000,3900000000
19049,782182250000000,3900000000
19050,782432250000000,3900000000
19051,782682250000000,3900000000
19052,782932250000000,3900000000
19053,783182250000000,3900000000
19054,783432250000000,3900000000
19055,783682250000000,3900000000
19056,783932250000000,3900000000
19057,784182250000000,3900000000
19058,784432250000000,3900000000
19059,784682250000000,3900000000
19060,784932250000000,3900000000
19061,785182250000000,3900000000
19062,785432250000000,3900000000
19063,785682250000000,3900000000
19064,785932250000000,3900000000
19065,786182250000000,3900000000
19066,786432250000000,3900000000
19067,786682250000000,3900000000
19068,786932250000000,3900000000
19069,787182250000000,3900000000
19070,787432250000000,3900000000
19071,787682250000000,3900000000
19072,787932250000000,3900000000
19073,788182250000000,3900000000
19074,788432250000000,3900000000
19075,788682250000000,3900000000
19076,788932250000000,3900000000
19077,789182250000000,3900000000
19078,789432250000000,3900000000
19079,789682250000000,3900000000
19080,789932250000000,3900000000
19081,790182250000000,3900000000
19082,790432250000000,3900000000
19083,790682250000000,3900000000
19084,790932250000000,3900000000
19085,791182250000000,3900000000
19086,791432250000000,3900000000
19087,791682250000000,3900000000
19088,791932250000000,3900000000
19089,792182250000000,3900000000
19090,792432250000000,3900000000
19091,792682250000000,3900000000
19092,792932250000000,3910000000
19093,793182250000000,3910000000
19094,793432250000000,3910000000
19095,793682250000000,3910000000
19096,793932250000000,3910000000
19097,794182250000000,3910000000
19098,794432250000000,3910000000
19099,794682250000000,3910000000
19100,794932250000000,3910000000
19101,795182250000000,3910000000
19102,795432250000000,3910000000
19103,795682250000000,3910000000
19104,795932250000000,3910000000
19105,796182250000000,3910000000
19106,796432250000000,3910000000
19107,796682250000000,3910000000
19108,796932250000000,3910000000
19109,797182250000000,3910000000
19110,797432250000000,3910000000
19111,797682250000000,3910000000
19112,797932250000000,3910000000
19113,798182250000000,3910000000
19114,798432250000000,3910000000
19115,798682250000000,3910000000
19116,798932250000000,3910000000
19117,799182250000000,3910000000
19118,799432250000000,3910000000
19119,799682250000000,3910000000
19120,799932250000000,3910000000
19121,800182250000000,3910000000
19122,800432250000000,3910000000
19123,800682250000000,3910000000
19124,800932250000000,3910000000
19125,801182250000000,3910000000
19126,801432250000000,3910000000
19127,801682250000000,3910000000
19128,801932250000000,3910000000
19129,802182250000000,3910000000
19130,802432250000000,3910000000
19131,802682250000000,3910000000
19132,802932250000000,3910000000
19133,803182250000000,3910000000
19134,803432250000000,3910000000
19135,803682250000000,3910000000
19136,803932250000000,3910000000
19137,804182250000000,3910000000
19138,804432250000000,3910000000
19139,804682250000000,3910000000
19140,804932250000000,3910000000
19141,805182250000000,3920000000
19142,805432250000000,3920000000
19143,805682250000000,3920000000
19144,805932250000000,3920000000
19145,806182250000000,3920000000
19146,806432250000000,3920000000
19147,806682250000000,3920000000
19148,806932250000000,3920000000
19149,807182250000000,3920000000
19150,807432250000000,3920000000
19151,807682250000000,3920000000
19152,807932250000000,3920000000
19153,808182250000000,3920000000
19154,808432250000000,3920000000
19155,808682250000000,3920000000
19156,808932250000000,3920000000
19157,809182250000000,3920000000
19158,809432250000000,3920000000
19159,809682250000000,3920000000
19160,809932250000000,3920000000
19161,810182250000000,3920000000
19162,810432250000000,3920000000
19163,810682250000000,3920000000
19164,810932250000000,3920000000
19165,811182250000000,3920000000
19166,811432250000000,3920000000
19167,811682250000000,3920000000
19168,811932250000000,3920000000
19169,812182250000000,3920000000
19170,812432250000000,3920000000
19171,812682250000000,3920000000
19172,812932250000000,3920000000
19173,813182250000000,3920000000
19174,813432250000000,3920000000
19175,813682250000000,3920000000
19176,813932250000000,3920000000
19177,814182250000000,3920000000
19178,814432250000000,3920000000
19179,814682250000000,3920000000
19180,814932250000000,3920000000
19181,815182250000000,3920000000
19182,815432250000000,3920000000
19183,815682250000000,3920000000
19184,815932250000000,3920000000
19185,816182250000000,3920000000
19186,816432250000000,3920000000
19187,816682250000000,3920000000
19188,816932250000000,3920000000
19189,817182250000000,3920000000
19190,817432250000000,3930000000
19191,817682250000000,3930000000
19192,817932250000000,3930000000
19193,818182250000000,3930000000
19194,818432250000000,3930000000
19195,818682250000000,3930000000
19196,818932250000000,3930000000
19197,819182250000000,3930000000
19198,819432250000000,3930000000
19199,819682250000000,3930000000
19200,819932250000000,3930000000
19201,820182250000000,3930000000
19202,820432250000000,3930000000
19203,820682250000000,3930000000
19204,820932250000000,3930000000
19205,821182250000000,3930000000
19206,821432250000000,3930000000
19207,821682250000000,3930000000
19208,821932250000000,3930000000
19209,822182250000000,3930000000
19210,822432250000000,3930000000
19211,822682250000000,3930000000
19212,822932250000000,3930000000
19213,823182250000000,3930000000
19214,823432250000000,3930000000
19215,823682250000000,3930000000
19216,823932250000000,3930000000
19217,824182250000000,3930000000
19218,824432250000000,3930000000
19219,824682250000000,3930000000
19220,824932250000000,3930000000
19221,825182250000000,3930000000
19222,825432250000000,3930000000
19223,825682250000000,3930000000
19224,825932250000000,3930000000
19225,826182250000000,3930000000
19226,826432250000000,3930000000
19227,826682250000000,3930000000
19228,826932250000000,3930000000
19229,827182250000000,3930000000
19230,827432250000000,3930000000
19231,827682250000000,3930000000
19232,827932250000000,3930000000
19233,828182250000000,3930000000
19234,828432250000000,3930000000
19235,828682250000000,3930000000
19236,828932250000000,3930000000
19237,829182250000000,3930000000
19238,829432250000000,3930000000
19239,829682250000000,3940000000
19240,829932250000000,3940000000
19241,830182250000000,3940000000
19242,830432250000000,3940000000
19243,830682250000000,3940000000
19244,830932250000000,3940000000
19245,831182250000000,3940000000
19246,831432250000000,3940000000
19247,831682250000000,3940000000
19248,831932250000000,3940000000
19249,832182250000000,3940000000
19250,832432250000000,3940000000
19251,832682250000000,3940000000
19252,832932250000000,3940000000
19253,833182250000000,3940000000
19254,833432250000000,3940000000
19255,833682250000000,3940000000
19256,833932250000000,3940000000
19257,834182250000000,3940000000
19258,834432250000000,3940000000
19259,834682250000000,3940000000
19260,834932250000000,3940000000
19261,835182250000000,3940000000
19262,835432250000000,3940000000
19263,835682250000000,3940000000
19264,835932250000000,3940000000
19265,836182250000000,3940000000
19266,836432250000000,3940000000
19267,836682250000000,3940000000
19268,836932250000000,3940000000
19269,837182250000000,3940000000
19270,837432250000000,3940000000
19271,837682250000000,3940000000
19272,837932250000000,3940000000
19273,838182250000000,3940000000
19274,838432250000000,3940000000
19275,838682250000000,3940000000
19276,838932250000000,3940000000
19277,839182250000000,3940000000
19278,839432250000000,3940000000
19279,839682250000000,3940000000
19280,839932250000000,3940000000
19281,840182250000000,3940000000
19282,840432250000000,3940000000
19283,840682250000000,3940000000
19284,840932250000000,3940000000
19285,841182250000000,3940000000
19286,841432250000000,3940000000
19287,841682250000000,3940000000
19288,841932250000000,3950000000
19289,842182250000000,3950000000
19290,842432250000000,3950000000
19291,842682250000000,3950000000
19292,842932250000000,3950000000
19293,843182250000000,3950000000
19294,843432250000000,3950000000
19295,843682250000000,3950000000
19296,843932250000000,3950000000
19297,844182250000000,3950000000
19298,844432250000000,3950000000
19299,844682250000000,3950000000
19300,844932250000000,3950000000
19301,845182250000000,3950000000
19302,845432250000000,3950000000
19303,845682250000000,3950000000
19304,845932250000000,3950000000
19305,846182250000000,3950000000
19306,846432250000000,3950000000
19307,846682250000000,3950000000
19308,846932250000000,3950000000
19309,847182250000000,3950000000
19310,847432250000000,3950000000
19311,847682250000000,3950000000
19312,847932250000000,3950000000
19313,848182250000000,3950000000
19314,848432250000000,3950000000
19315,848682250000000,3950000000
19316,848932250000000,3950000000
19317,849182250000000,3950000000
19318,849432250000000,3950000000
19319,849682250000000,3950000000
19320,849932250000000,3950000000
19321,850182250000000,3950000000
19322,850432250000000,3950000000
19323,850682250000000,3950000000
19324,850932250000000,3950000000
19325,851182250000000,3950000000
19326,851432250000000,3950000000
19327,851682250000000,3950000000
19328,851932250000000,3950000000
19329,852182250000000,3950000000
19330,852432250000000,3950000000
19331,852682250000000,3950000000
19332,852932250000000,3950000000
19333,853182250000000,3950000000
19334,853432250000000,3950000000
19335,853682250000000,3950000000
19336,853932250000000,3960000000
19337,854182250000000,3960000000
19338,854432250000000,3960000000
19339,854682250000000,3960000000
19340,854932250000000,3960000000
19341,855182250000000,3960000000
19342,855432250000000,3960000000
19343,855682250000000,3960000000
19344,855932250000000,3960000000
19345,856182250000000,3960000000
19346,856432250000000,3960000000
19347,856682250000000,3960000000
19348,856932250000000,3960000000
19349,857182250000000,3960000000
19350,857432250000000,3960000000
19351,857682250000000,3960000000
19352,857932250000000,3960000000
19353,858182250000000,3960000000
19354,858432250000000,3960000000
19355,858682250000000,3960000000
19356,858932250000000,3960000000
19357,859182250000000,3960000000
19358,859432250000000,3960000000
19359,859682250000000,3960000000
19360,859932250000000,3960000000
19361,860182250000000,3960000000
19362,860432250000000,3960000000
19363,860682250000000,3960000000
19364,860932250000000,3960000000
19365,861182250000000,3960000000
19366,861432250000000,3960000000
19367,861682250000000,3960000000
19368,861932250000000,3960000000
19369,862182250000000,3960000000
19370,862432250000000,3960000000
19371,862682250000000,3960000000
19372,862932250000000,3960000000
19373,863182250000000,3960000000
19374,863432250000000,3960000000
19375,863682250000000,3960000000
19376,863932250000000,3960000000
19377,864182250000000,3960000000
19378,864432250000000,3960000000
19379,864682250000000,3960000000
19380,864932250000000,3960000000
19381,865182250000000,3960000000
19382,865432250000000,3960000000
19383,865682250000000,3960000000
19384,865932250000000,3960000000
19385,866182250000000,3970000000
19386,866432250000000,3970000000
19387,866682250000000,3970000000
19388,866932250000000,3970000000
19389,867182250000000,3970000000
19390,867432250000000,3970000000
19391,867682250000000,3970000000
19392,867932250000000,3970000000
19393,868182250000000,3970000000
19394,868432250000000,3970000000
19395,868682250000000,3970000000
19396,868932250000000,3970000000
19397,869182250000000,3970000000
19398,869432250000000,3970000000
19399,869682250000000,3970000000
19400,869932250000000,3970000000
19401,870182250000000,3970000000
19402,870432250000000,3970000000
19403,870682250000000,3970000000
19404,870932250000000,3970000000
19405,871182250000000,3970000000
19406,871432250000000,3970000000
19407,871682250000000,3970000000
19408,871932250000000,3970000000
19409,872182250000000,3970000000
19410,872432250000000,3970000000
19411,872682250000000,3970000000
19412,872932250000000,3970000000
19413,873182250000000,3970000000
19414,873432250000000,3970000000
19415,873682250000000,3970000000
19416,873932250000000,3970000000
19417,874182250000000,3970000000
19418,874432250000000,3970000000
19419,874682250000000,3970000000
19420,874932250000000,3970000000
19421,875182250000000,3970000000
19422,875432250000000,3970000000
19423,875682250000000,3970000000
19424,875932250000000,3970000000
19425,876182250000000,3970000000
19426,876432250000000,3970000000
19427,876682250000000,3970000000
19428,876932250000000,3970000000
19429,877182250000000,3970000000
19430,877432250000000,3970000000
19431,877682250000000,3970000000
19432,877932250000000,3970000000
19433,878182250000000,3970000000
19434,878432250000000,3980000000
19435,878682250000000,3980000000
19436,878932250000000,3980000000
19437,879182250000000,3980000000
19438,879432250000000,3980000000
19439,879682250000000,3980000000
19440,879932250000000,3980000000
19441,880182250000000,3980000000
19442,880432250000000,3980000000
19443,880682250000000,3980000000
19444,880932250000000,3980000000
19445,881182250000000,3980000000
19446,881432250000000,3980000000
19447,881682250000000,3980000000
19448,881932250000000,3980000000
19449,882182250000000,3980000000
19450,882432250000000,3980000000
19451,882682250000000,3980000000
19452,882932250000000,3980000000
19453,883182250000000,3980000000
19454,883432250000000,3980000000
19455,883682250000000,3980000000
19456,883932250000000,3980000000
19457,884182250000000,3980000000
19458,884432250000000,3980000000
19459,884682250000000,3980000000
19460,884932250000000,3980000000
19461,885182250000000,3980000000
19462,885432250000000,3980000000
19463,885682250000000,3980000000
19464,885932250000000,3980000000
19465,886182250000000,3980000000
19466,886432250000000,3980000000
19467,886682250000000,3980000000
19468,886932250000000,3980000000
19469,887182250000000,3980000000
19470,887432250000000,3980000000
19471,887682250000000,3980000000
19472,887932250000000,3980000000
19473,888182250000000,3980000000
19474,888432250000000,3980000000
19475,888682250000000,3980000000
19476,888932250000000,3980000000
19477,889182250000000,3980000000
19478,889432250000000,3980000000
19479,889682250000000,3980000000
19480,889932250000000,3980000000
19481,890182250000000,3980000000
19482,890432250000000,3980000000
19483,890682250000000,3990000000
19484,890932250000000,3990000000
19485,891182250000000,3990000000
19486,891432250000000,3990000000
19487,891682250000000,3990000000
19488,891932250000000,3990000000
19489,892182250000000,3990000000
19490,892432250000000,3990000000
19491,892682250000000,3990000000
19492,892932250000000,3990000000
19493,893182250000000,3990000000
19494,893432250000000,3990000000
19495,893682250000000,3990000000
19496,893932250000000,3990000000
19497,894182250000000,3990000000
19498,894432250000000,3990000000
19499,894682250000000,3990000000
19500,894932250000000,3990000000
19501,895182250000000,3990000000
19502,895432250000000,3990000000
19503,895682250000000,3990000000
19504,895932250000000,3990000000
19505,896182250000000,3990000000
19506,896432250000000,3990000000
19507,896682250000000,3990000000
19508,896932250000000,3990000000
19509,897182250000000,3990000000
19510,897432250000000,3990000000
19511,897682250000000,3990000000
19512,897932250000000,3990000000
19513,898182250000000,3990000000
19514,898432250000000,3990000000
19515,898682250000000,3990000000
19516,898932250000000,3990000000
19517,899182250000000,3990000000
19518,899432250000000,3990000000
19519,899682250000000,3990000000
19520,899932250000000,3990000000
19521,900182250000000,3990000000
19522,900432250000000,3990000000
19523,900682250000000,3990000000
19524,900932250000000,3990000000
19525,901182250000000,3990000000
19526,901432250000000,3990000000
19527,901682250000000,3990000000
19528,901932250000000,3990000000
19529,902182250000000,3990000000
19530,902432250000000,3990000000
19531,902682250000000,3990000000
19532,902932250000000,4000000000
19533,903182250000000,4000000000
19534,903432250000000,4000000000
19535,903682250000000,4000000000
19536,903932250000000,4000000000
19537,904182250000000,4000000000
19538,904432250000000,4000000000
19539,904682250000000,4000000000
19540,904932250000000,4000000000
19541,905182250000000,4000000000
19542,905432250000000,4000000000
19543,905682250000000,4000000000
19544,905932250000000,4000000000
19545,906182250000000,4000000000
19546,906432250000000,4000000000
19547,906682250000000,4000000000
19548,906932250000000,4000000000
19549,907182250000000,4000000000
19550,907432250000000,4000000000
19551,907682250000000,4000000000
19552,907932250000000,4000000000
19553,908182250000000,4000000000
19554,908432250000000,4000000000
19555,908682250000000,4000000000
19556,908932250000000,4000000000
19557,909182250000000,4000000000
19558,909432250000000,4000000000
19559,909682250000000,4000000000
19560,909932250000000,4000000000
19561,910182250000000,4000000000
19562,910432250000000,4000000000
19563,910682250000000,4000000000
19564,910932250000000,4000000000
19565,911182250000000,4000000000
19566,911432250000000,4000000000
19567,911682250000000,4000000000
19568,911932250000000,4000000000
19569,912182250000000,4000000000
19570,912432250000000,4000000000
19571,912682250000000,4000000000
19572,912932250000000,4000000000
19573,913182250000000,4000000000
19574,913432250000000,4000000000
19575,913682250000000,4000000000
19576,913932250000000,4000000000
19577,914182250000000,4000000000
19578,914432250000000,4000000000
19579,914682250000000,4000000000
19580,914932250000000,4000000000
19581,915182250000000,4010000000
19582,915432250000000,4010000000
19583,915682250000000,4010000000
19584,915932250000000,4010000000
19585,916182250000000,4010000000
19586,916432250000000,4010000000
19587,916682250000000,4010000000
19588,916932250000000,4010000000
19589,917182250000000,4010000000
19590,917432250000000,4010000000
19591,917682250000000,4010000000
19592,917932250000000,4010000000
19593,918182250000000,4010000000
19594,918432250000000,4010000000
19595,918682250000000,4010000000
19596,918932250000000,4010000000
19597,919182250000000,4010000000
19598,919432250000000,4010000000
19599,919682250000000,4010000000
19600,919932250000000,4010000000
19601,920182250000000,4010000000
19602,920432250000000,4010000000
19603,920682250000000,4010000000
19604,920932250000000,4010000000
19605,921182250000000,4010000000
19606,921432250000000,4010000000
19607,921682250000000,4010000000
19608,921932250000000,4010000000
19609,922182250000000,4010000000
19610,922432250000000,4010000000
19611,922682250000000,4010000000
19612,922932250000000,4010000000
19613,923182250000000,4010000000
19614,923432250000000,4010000000
19615,923682250000000,4010000000
19616,923932250000000,4010000000
19617,924182250000000,4010000000
19618,924432250000000,4010000000
19619,924682250000000,4010000000
19620,924932250000000,4010000000
19621,925182250000000,4010000000
19622,925432250000000,4010000000
19623,925682250000000,4010000000
19624,925932250000000,4010000000
19625,926182250000000,4010000000
19626,926432250000000,4010000000
19627,926682250000000,4010000000
19628,926932250000000,4010000000
19629,927182250000000,4020000000
19630,927432250000000,4020000000
19631,927682250000000,4020000000
19632,927932250000000,4020000000
19633,928182250000000,4020000000
19634,928432250000000,4020000000
19635,928682250000000,4020000000
19636,928932250000000,4020000000
19637,929182250000000,4020000000
19638,929432250000000,4020000000
19639,929682250000000,4020000000
19640,929932250000000,4020000000
19641,930182250000000,4020000000
19642,930432250000000,4020000000
19643,930682250000000,4020000000
19644,930932250000000,4020000000
19645,931182250000000,4020000000
19646,931432250000000,4020000000
19647,931682250000000,4020000000
19648,931932250000000,4020000000
19649,932182250000000,4020000000
19650,932432250000000,4020000000
19651,932682250000000,4020000000
19652,932932250000000,4020000000
19653,933182250000000,4020000000
19654,933432250000000,4020000000
19655,933682250000000,4020000000
19656,933932250000000,4020000000
19657,934182250000000,4020000000
19658,934432250000000,4020000000
19659,934682250000000,4020000000
19660,934932250000000,4020000000
19661,935182250000000,4020000000
19662,935432250000000,4020000000
19663,935682250000000,4020000000
19664,935932250000000,4020000000
19665,936182250000000,4020000000
19666,936432250000000,4020000000
19667,936682250000000,4020000000
19668,936932250000000,4020000000
19669,937182250000000,4020000000
19670,937432250000000,4020000000
19671,937682250000000,4020000000
19672,937932250000000,4020000000
19673,938182250000000,4020000000
19674,938432250000000,4020000000
19675,938682250000000,4020000000
19676,938932250000000,4020000000
19677,939182250000000,4020000000
19678,939432250000000,4030000000
19679,939682250000000,4030000000
19680,939932250000000,4030000000
19681,940182250000000,4030000000
19682,940432250000000,4030000000
19683,940682250000000,4030000000
19684,940932250000000,4030000000
19685,941182250000000,4030000000
19686,941432250000000,4030000000
19687,941682250000000,4030000000
19688,941932250000000,4030000000
19689,942182250000000,4030000000
19690,942432250000000,4030000000
19691,942682250000000,4030000000
19692,942932250000000,4030000000
19693,943182250000000,4030000000
19694,943432250000000,4030000000
19695,943682250000000,4030000000
19696,943932250000000,4030000000
19697,944182250000000,4030000000
19698,944432250000000,4030000000
19699,944682250000000,4030000000
19700,944932250000000,4030000000
19701,945182250000000,4030000000
19702,945432250000000,4030000000
19703,945682250000000,4030000000
19704,945932250000000,4030000000
19705,946182250000000,4030000000
19706,946432250000000,4030000000
19707,946682250000000,4030000000
19708,946932250000000,4030000000
19709,947182250000000,4030000000
19710,947432250000000,4030000000
19711,947682250000000,4030000000
19712,947932250000000,4030000000
19713,948182250000000,4030000000
19714,948432250000000,4030000000
19715,948682250000000,4030000000
19716,948932250000000,4030000000
19717,949182250000000,4030000000
19718,949432250000000,4030000000
19719,949682250000000,4030000000
19720,949932250000000,4030000000
19721,950182250000000,4030000000
19722,950432250000000,4030000000
19723,950682250000000,4030000000
19724,950932250000000,4030000000
19725,951182250000000,4030000000
19726,951432250000000,4030000000
19727,951682250000000,4040000000
19728,951932250000000,4040000000
19729,952182250000000,4040000000
19730,952432250000000,4040000000
19731,952682250000000,4040000000
19732,952932250000000,4040000000
19733,953182250000000,4040000000
19734,953432250000000,4040000000
19735,953682250000000,4040000000
19736,953932250000000,4040000000
19737,954182250000000,4040000000
19738,954432250000000,4040000000
19739,954682250000000,4040000000
19740,954932250000000,4040000000
19741,955182250000000,4040000000
19742,955432250000000,4040000000
19743,955682250000000,4040000000
19744,955932250000000,4040000000
19745,956182250000000,4040000000
19746,956432250000000,4040000000
19747,956682250000000,4040000000
19748,956932250000000,4040000000
19749,957182250000000,4040000000
19750,957432250000000,4040000000
19751,957682250000000,4040000000
19752,957932250000000,4040000000
19753,958182250000000,4040000000
19754,958432250000000,4040000000
19755,958682250000000,4040000000
19756,958932250000000,4040000000
19757,959182250000000,4040000000
19758,959432250000000,4040000000
19759,959682250000000,4040000000
19760,959932250000000,4040000000
19761,960182250000000,4040000000
19762,960432250000000,4040000000
19763,960682250000000,4040000000
19764,960932250000000,4040000000
19765,961182250000000,4040000000
19766,961432250000000,4040000000
19767,961682250000000,4040000000
19768,961932250000000,4040000000
19769,962182250000000,4040000000
19770,962432250000000,4040000000
19771,962682250000000,4040000000
19772,962932250000000,4040000000
19773,963182250000000,4040000000
19774,963432250000000,4040000000
19775,963682250000000,4040000000
19776,963932250000000,4050000000
19777,964182250000000,4050000000
19778,964432250000000,4050000000
19779,964682250000000,4050000000
19780,964932250000000,4050000000
19781,965182250000000,4050000000
19782,965432250000000,4050000000
19783,965682250000000,4050000000
19784,965932250000000,4050000000
19785,966182250000000,4050000000
19786,966432250000000,4050000000
19787,966682250000000,4050000000
19788,966932250000000,4050000000
19789,967182250000000,4050000000
19790,967432250000000,4050000000
19791,967682250000000,4050000000
19792,967932250000000,4050000000
19793,968182250000000,4050000000
19794,968432250000000,4050000000
19795,968682250000000,4050000000
19796,968932250000000,4050000000
19797,969182250000000,4050000000
19798,969432250000000,4050000000
19799,969682250000000,4050000000
19800,969932250000000,4050000000
19801,970182250000000,4050000000
19802,970432250000000,4050000000
19803,970682250000000,4050000000
19804,970932250000000,4050000000
19805,971182250000000,4050000000
19806,971432250000000,4050000000
19807,971682250000000,4050000000
19808,971932250000000,4050000000
19809,972182250000000,4050000000
19810,972432250000000,4050000000
19811,972682250000000,4050000000
19812,972932250000000,4050000000
19813,973182250000000,4050000000
19814,973432250000000,4050000000
19815,973682250000000,4050000000
19816,973932250000000,4050000000
19817,974182250000000,4050000000
19818,974432250000000,4050000000
19819,974682250000000,4050000000
19820,974932250000000,4050000000
19821,975182250000000,4050000000
19822,975432250000000,4050000000
19823,975682250000000,4050000000
19824,975932250000000,4050000000
19825,976182250000000,4060000000
19826,976432250000000,4060000000
19827,976682250000000,4060000000
19828,976932250000000,4060000000
19829,977182250000000,4060000000
19830,977432250000000,4060000000
19831,977682250000000,4060000000
19832,977932250000000,4060000000
19833,978182250000000,4060000000
19834,978432250000000,4060000000
19835,978682250000000,4060000000
19836,978932250000000,4060000000
19837,979182250000000,4060000000
19838,979432250000000,4060000000
19839,979682250000000,4060000000
19840,979932250000000,4060000000
19841,980182250000000,4060000000
19842,980432250000000,4060000000
19843,980682250000000,4060000000
19844,980932250000000,4060000000
19845,981182250000000,4060000000
19846,981432250000000,4060000000
19847,981682250000000,4060000000
19848,981932250000000,4060000000
19849,982182250000000,4060000000
19850,982432250000000,4060000000
19851,982682250000000,4060000000
19852,982932250000000,4060000000
19853,983182250000000,4060000000
19854,983432250000000,4060000000
19855,983682250000000,4060000000
19856,983932250000000,4060000000
19857,984182250000000,4060000000
19858,984432250000000,4060000000
19859,984682250000000,4060000000
19860,984932250000000,4060000000
19861,985182250000000,4060000000
19862,985432250000000,4060000000
19863,985682250000000,4060000000
19864,985932250000000,4060000000
19865,986182250000000,4060000000
19866,986432250000000,4060000000
19867,986682250000000,4060000000
19868,986932250000000,4060000000
19869,987182250000000,4060000000
19870,987432250000000,4060000000
19871,987682250000000,4060000000
19872,987932250000000,4060000000
19873,988182250000000,4060000000
19874,988432250000000,4070000000
19875,988682250000000,4070000000
19876,988932250000000,4070000000
19877,989182250000000,4070000000
19878,989432250000000,4070000000
19879,989682250000000,4070000000
19880,989932250000000,4070000000
19881,990182250000000,4070000000
19882,990432250000000,4070000000
19883,990682250000000,4070000000
19884,990932250000000,4070000000
19885,991182250000000,4070000000
19886,991432250000000,4070000000
19887,991682250000000,4070000000
19888,991932250000000,4070000000
19889,992182250000000,4070000000
19890,992432250000000,4070000000
19891,992682250000000,4070000000
19892,992932250000000,4070000000
19893,993182250000000,4070000000
19894,993432250000000,4070000000
19895,993682250000000,4070000000
19896,993932250000000,4070000000
19897,994182250000000,4070000000
19898,994432250000000,4070000000
19899,994682250000000,4070000000
19900,994932250000000,4070000000
19901,995182250000000,4070000000
19902,995432250000000,4070000000
19903,995682250000000,4070000000
19904,995932250000000,4070000000
19905,996182250000000,4070000000
19906,996432250000000,4070000000
19907,996682250000000,4070000000
19908,996932250000000,4070000000
19909,997182250000000,4070000000
19910,997432250000000,4070000000
19911,997682250000000,4070000000
19912,997932250000000,4070000000
19913,998182250000000,4070000000
19914,998432250000000,4070000000
19915,998682250000000,4070000000
19916,998932250000000,4070000000
19917,999182250000000,4070000000
19918,999432250000000,4070000000
19919,999682250000000,4070000000
19920,999932250000000,4070000000
19921,1000182250000000,4070000000
19922,1000432250000000,4080000000
19923,1000682250000000,4080000000
19924,1000932250000000,4080000000
19925,1001182250000000,4080000000
19926,1001432250000000,4080000000
19927,1001682250000000,4080000000
19928,1001932250000000,4080000000
19929,1002182250000000,4080000000
19930,1002432250000000,4080000000
19931,1002682250000000,4080000000
19932,1002932250000000,4080000000
19933,1003182250000000,4080000000
19934,1003432250000000,4080000000
19935,1003682250000000,4080000000
19936,1003932250000000,4080000000
19937,1004182250000000,4080000000
19938,1004432250000000,4080000000
19939,1004682250000000,4080000000
19940,1004932250000000,4080000000
19941,1005182250000000,4080000000
19942,1005432250000000,4080000000
19943,1005682250000000,4080000000
19944,1005932250000000,4080000000
19945,1006182250000000,4080000000
19946,1006432250000000,4080000000
19947,1006682250000000,4080000000
19948,1006932250000000,4080000000
19949,1007182250000000,4080000000
19950,1007432250000000,4080000000
19951,1007682250000000,4080000000
19952,1007932250000000,4080000000
19953,1008182250000000,4080000000
19954,1008432250000000,4080000000
19955,1008682250000000,4080000000
19956,1008932250000000,4080000000
19957,1009182250000000,4080000000
19958,1009432250000000,4080000000
19959,1009682250000000,4080000000
19960,1009932250000000,4080000000
19961,1010182250000000,4080000000
19962,1010432250000000,4080000000
19963,1010682250000000,4080000000
19964,1010932250000000,4080000000
19965,1011182250000000,4080000000
19966,1011432250000000,4080000000
19967,1011682250000000,4080000000
19968,1011932250000000,4080000000
19969,1012182250000000,4080000000
19970,1012432250000000,4080000000
19971,1012682250000000,4090000000
19972,1012932250000000,4090000000
19973,1013182250000000,4090000000
19974,1013432250000000,4090000000
19975,1013682250000000,4090000000
19976,1013932250000000,4090000000
19977,1014182250000000,4090000000
19978,1014432250000000,4090000000
19979,1014682250000000,4090000000
19980,1014932250000000,4090000000
19981,1015182250000000,4090000000
19982,1015432250000000,4090000000
19983,1015682250000000,4090000000
19984,1015932250000000,4090000000
19985,1016182250000000,4090000000
19986,1016432250000000,4090000000
19987,1016682250000000,4090000000
19988,1016932250000000,4090000000
19989,1017182250000000,4090000000
19990,1017432250000000,4090000000
19991,1017682250000000,4090000000
19992,1017932250000000,4090000000
19993,1018182250000000,4090000000
19994,1018432250000000,4090000000
19995,1018682250000000,4090000000
19996,1018932250000000,4090000000
19997,1019182250000000,4090000000
19998,1019432250000000,4090000000
19999,1019682250000000,4090000000
20000,1019932250000000,4090000000
20001,1020557250000000,4090000000
20002,1021182250000000,4090000000
20003,1021807250000000,4090000000
20004,1022432250000000,4090000000
20005,1023057250000000,4090000000
20006,1023682250000000,4090000000
20007,1024307250000000,4090000000
20008,1024932250000000,4090000000
20009,1025557250000000,4090000000
20010,1026182250000000,4090000000
20011,1026807250000000,4090000000
20012,1027432250000000,4090000000
20013,1028057250000000,4090000000
20014,1028682250000000,4090000000
20015,1029307250000000,4090000000
20016,1029932250000000,4090000000
20017,1030557250000000,4090000000
20018,1031182250000000,4090000000
20019,1031807250000000,4090000000
20020,1032432250000000,4100000000
20021,1033057250000000,4100000000
20022,1033682250000000,4100000000
20023,1034307250000000,4100000000
20024,1034932250000000,4100000000
20025,1035557250000000,4100000000
20026,1036182250000000,4100000000
20027,1036807250000000,4100000000
20028,1037432250000000,4100000000
20029,1038057250000000,4100000000
20030,1038682250000000,4100000000
20031,1039307250000000,4100000000
20032,1039932250000000,4100000000
20033,1040557250000000,4100000000
20034,1041182250000000,4100000000
20035,1041807250000000,4100000000
20036,1042432250000000,4100000000
20037,1043057250000000,4100000000
20038,1043682250000000,4100000000
20039,1044307250000000,4100000000
20040,1044932250000000,4100000000
20041,1045557250000000,4100000000
20042,1046182250000000,4100000000
20043,1046807250000000,4100000000
20044,1047432250000000,4100000000
20045,1048057250000000,4100000000
20046,1048682250000000,4100000000
20047,1049307250000000,4100000000
20048,1049932250000000,4100000000
20049,1050557250000000,4100000000
20050,1051182250000000,4100000000
20051,1051807250000000,4100000000
20052,1052432250000000,4100000000
20053,1053057250000000,4100000000
20054,1053682250000000,4100000000
20055,1054307250000000,4100000000
20056,1054932250000000,4100000000
20057,1055557250000000,4100000000
20058,1056182250000000,4100000000
20059,1056807250000000,4100000000
20060,1057432250000000,4100000000
20061,1058057250000000,4100000000
20062,1058682250000000,4100000000
20063,1059307250000000,4100000000
20064,1059932250000000,4100000000
20065,1060557250000000,4100000000
20066,1061182250000000,4100000000
20067,1061807250000000,4100000000
20068,1062432250000000,4100000000
20069,1063057250000000,4110000000
20070,1063682250000000,4110000000
20071,1064307250000000,4110000000
20072,1064932250000000,4110000000
20073,1065557250000000,4110000000
20074,1066182250000000,4110000000
20075,1066807250000000,4110000000
20076,1067432250000000,4110000000
20077,1068057250000000,4110000000
20078,1068682250000000,4110000000
20079,1069307250000000,4110000000
20080,1069932250000000,4110000000
20081,1070557250000000,4110000000
20082,1071182250000000,4110000000
20083,1071807250000000,4110000000
20084,1072432250000000,4110000000
20085,1073057250000000,4110000000
20086,1073682250000000,4110000000
20087,1074307250000000,4110000000
20088,1074932250000000,4110000000
20089,1075557250000000,4110000000
20090,1076182250000000,4110000000
20091,1076807250000000,4110000000
20092,1077432250000000,4110000000
20093,1078057250000000,4110000000
20094,1078682250000000,4110000000
20095,1079307250000000,4110000000
20096,1079932250000000,4110000000
20097,1080557250000000,4110000000
20098,1081182250000000,4110000000
20099,1081807250000000,4110000000
20100,1082432250000000,4110000000
20101,1083057250000000,4110000000
20102,1083682250000000,4110000000
20103,1084307250000000,4110000000
20104,1084932250000000,4110000000
20105,1085557250000000,4110000000
20106,1086182250000000,4110000000
20107,1086807250000000,4110000000
20108,1087432250000000,4110000000
20109,1088057250000000,4110000000
20110,1088682250000000,4110000000
20111,1089307250000000,4110000000
20112,1089932250000000,4110000000
20113,1090557250000000,4110000000
20114,1091182250000000,4110000000
20115,1091807250000000,4110000000
20116,1092432250000000,4110000000
20117,1093057250000000,4110000000
20118,1093682250000000,4120000000
20119,1094307250000000,4120000000
20120,1094932250000000,4120000000
20121,1095557250000000,4120000000
20122,1096182250000000,4120000000
20123,1096807250000000,4120000000
20124,1097432250000000,4120000000
20125,1098057250000000,4120000000
20126,1098682250000000,4120000000
20127,1099307250000000,4120000000
20128,1099932250000000,4120000000
20129,1100557250000000,4120000000
20130,1101182250000000,4120000000
20131,1101807250000000,4120000000
20132,1102432250000000,4120000000
20133,1103057250000000,4120000000
20134,1103682250000000,4120000000
20135,1104307250000000,4120000000
20136,1104932250000000,4120000000
20137,1105557250000000,4120000000
20138,1106182250000000,4120000000
20139,1106807250000000,4120000000
20140,1107432250000000,4120000000
20141,1108057250000000,4120000000
20142,1108682250000000,4120000000
20143,1109307250000000,4120000000
20144,1109932250000000,4120000000
20145,1110557250000000,4120000000
20146,1111182250000000,4120000000
20147,1111807250000000,4120000000
20148,1112432250000000,4120000000
20149,1113057250000000,4120000000
20150,1113682250000000,4120000000
20151,1114307250000000,4120000000
20152,1114932250000000,4120000000
20153,1115557250000000,4120000000
20154,1116182250000000,4120000000
20155,1116807250000000,4120000000
20156,1117432250000000,4120000000
20157,1118057250000000,4120000000
20158,1118682250000000,4120000000
20159,1119307250000000,4120000000
20160,1119932250000000,4120000000
20161,1120557250000000,4120000000
20162,1121182250000000,4120000000
20163,1121807250000000,4120000000
20164,1122432250000000,4120000000
20165,1123057250000000,4120000000
20166,1123682250000000,4120000000
20167,1124307250000000,4130000000
20168,1124932250000000,4130000000
20169,1125557250000000,4130000000
20170,1126182250000000,4130000000
20171,1126807250000000,4130000000
20172,1127432250000000,4130000000
20173,1128057250000000,4130000000
20174,1128682250000000,4130000000
20175,1129307250000000,4130000000
20176,1129932250000000,4130000000
20177,1130557250000000,4130000000
20178,1131182250000000,4130000000
20179,1131807250000000,4130000000
20180,1132432250000000,4130000000
20181,1133057250000000,4130000000
20182,1133682250000000,4130000000
20183,1134307250000000,4130000000
20184,1134932250000000,4130000000
20185,1135557250000000,4130000000
20186,1136182250000000,4130000000
20187,1136807250000000,4130000000
20188,1137432250000000,4130000000
20189,1138057250000000,4130000000
20190,1138682250000000,4130000000
20191,1139307250000000,4130000000
20192,1139932250000000,4130000000
20193,1140557250000000,4130000000
20194,1141182250000000,4130000000
20195,1141807250000000,4130000000
20196,1142432250000000,4130000000
20197,1143057250000000,4130000000
20198,1143682250000000,4130000000
20199,1144307250000000,4130000000
20200,1144932250000000,4130000000
20201,1145557250000000,4130000000
20202,1146182250000000,4130000000
20203,1146807250000000,4130000000
20204,1147432250000000,4130000000
20205,1148057250000000,4130000000
20206,1148682250000000,4130000000
20207,1149307250000000,4130000000
20208,1149932250000000,4130000000
20209,1150557250000000,4130000000
20210,1151182250000000,4130000000
20211,1151807250000000,4130000000
20212,1152432250000000,4130000000
20213,1153057250000000,4130000000
20214,1153682250000000,4130000000
20215,1154307250000000,4140000000
20216,1154932250000000,4140000000
20217,1155557250000000,4140000000
20218,1156182250000000,4140000000
20219,1156807250000000,4140000000
20220,1157432250000000,4140000000
20221,1158057250000000,4140000000
20222,1158682250000000,4140000000
20223,1159307250000000,4140000000
20224,1159932250000000,4140000000
20225,1160557250000000,4140000000
20226,1161182250000000,4140000000
20227,1161807250000000,4140000000
20228,1162432250000000,4140000000
20229,1163057250000000,4140000000
20230,1163682250000000,4140000000
20231,1164307250000000,4140000000
20232,1164932250000000,4140000000
20233,1165557250000000,4140000000
20234,1166182250000000,4140000000
20235,1166807250000000,4140000000
20236,1167432250000000,4140000000
20237,1168057250000000,4140000000
20238,1168682250000000,4140000000
20239,1169307250000000,4140000000
20240,1169932250000000,4140000000
20241,1170557250000000,4140000000
20242,1171182250000000,4140000000
20243,1171807250000000,4140000000
20244,1172432250000000,4140000000
20245,1173057250000000,4140000000
20246,1173682250000000,4140000000
20247,1174307250000000,4140000000
20248,1174932250000000,4140000000
20249,1175557250000000,4140000000
20250,1176182250000000,4140000000
20251,1176807250000000,4140000000
20252,1177432250000000,4140000000
20253,1178057250000000,4140000000
20254,1178682250000000,4140000000
20255,1179307250000000,4140000000
20256,1179932250000000,4140000000
20257,1180557250000000,4140000000
20258,1181182250000000,4140000000
20259,1181807250000000,4140000000
20260,1182432250000000,4140000000
20261,1183057250000000,4140000000
20262,1183682250000000,4140000000
20263,1184307250000000,4140000000
20264,1184932250000000,4150000000
20265,1185557250000000,4150000000
20266,1186182250000000,4150000000
20267,1186807250000000,4150000000
20268,1187432250000000,4150000000
20269,1188057250000000,4150000000
20270,1188682250000000,4150000000
20271,1189307250000000,4150000000
20272,1189932250000000,4150000000
20273,1190557250000000,4150000000
20274,1191182250000000,4150000000
20275,1191807250000000,4150000000
20276,1192432250000000,4150000000
20277,1193057250000000,4150000000
20278,1193682250000000,4150000000
20279,1194307250000000,4150000000
20280,1194932250000000,4150000000
20281,1195557250000000,4150000000
20282,1196182250000000,4150000000
20283,1196807250000000,4150000000
20284,1197432250000000,4150000000
20285,1198057250000000,4150000000
20286,1198682250000000,4150000000
20287,1199307250000000,4150000000
20288,1199932250000000,4150000000
20289,1200557250000000,4150000000
20290,1201182250000000,4150000000
20291,1201807250000000,4150000000
20292,1202432250000000,4150000000
20293,1203057250000000,4150000000
20294,1203682250000000,4150000000
20295,1204307250000000,4150000000
20296,1204932250000000,4150000000
20297,1205557250000000,4150000000
20298,1206182250000000,4150000000
20299,1206807250000000,4150000000
20300,1207432250000000,4150000000
20301,1208057250000000,4150000000
20302,1208682250000000,4150000000
20303,1209307250000000,4150000000
20304,1209932250000000,4150000000
20305,1210557250000000,4150000000
20306,1211182250000000,4150000000
20307,1211807250000000,4150000000
20308,1212432250000000,4150000000
20309,1213057250000000,4150000000
20310,1213682250000000,4150000000
20311,1214307250000000,4150000000
20312,1214932250000000,4150000000
20313,1215557250000000,4160000000
20314,1216182250000000,4160000000
20315,1216807250000000,4160000000
20316,1217432250000000,4160000000
20317,1218057250000000,4160000000
20318,1218682250000000,4160000000
20319,1219307250000000,4160000000
20320,1219932250000000,4160000000
20321,1220557250000000,4160000000
20322,1221182250000000,4160000000
20323,1221807250000000,4160000000
20324,1222432250000000,4160000000
20325,1223057250000000,4160000000
20326,1223682250000000,4160000000
20327,1224307250000000,4160000000
20328,1224932250000000,4160000000
20329,1225557250000000,4160000000
20330,1226182250000000,4160000000
20331,1226807250000000,4160000000
20332,1227432250000000,4160000000
20333,1228057250000000,4160000000
20334,1228682250000000,4160000000
20335,1229307250000000,4160000000
20336,1229932250000000,4160000000
20337,1230557250000000,4160000000
20338,1231182250000000,4160000000
20339,1231807250000000,4160000000
20340,1232432250000000,4160000000
20341,1233057250000000,4160000000
20342,1233682250000000,4160000000
20343,1234307250000000,4160000000
20344,1234932250000000,4160000000
20345,1235557250000000,4160000000
20346,1236182250000000,4160000000
20347,1236807250000000,4160000000
20348,1237432250000000,4160000000
20349,1238057250000000,4160000000
20350,1238682250000000,4160000000
20351,1239307250000000,4160000000
20352,1239932250000000,4160000000
20353,1240557250000000,4160000000
20354,1241182250000000,4160000000
20355,1241807250000000,4160000000
20356,1242432250000000,4160000000
20357,1243057250000000,4160000000
20358,1243682250000000,4160000000
20359,1244307250000000,4160000000
20360,1244932250000000,4160000000
20361,1245557250000000,4160000000
20362,1246182250000000,4170000000
20363,1246807250000000,4170000000
20364,1247432250000000,4170000000
20365,1248057250000000,4170000000
20366,1248682250000000,4170000000
20367,1249307250000000,4170000000
20368,1249932250000000,4170000000
20369,1250557250000000,4170000000
20370,1251182250000000,4170000000
20371,1251807250000000,4170000000
20372,1252432250000000,4170000000
20373,1253057250000000,4170000000
20374,1253682250000000,4170000000
20375,1254307250000000,4170000000
20376,1254932250000000,4170000000
20377,1255557250000000,4170000000
20378,1256182250000000,4170000000
20379,1256807250000000,4170000000
20380,1257432250000000,4170000000
20381,1258057250000000,4170000000
20382,1258682250000000,4170000000
20383,1259307250000000,4170000000
20384,1259932250000000,4170000000
20385,1260557250000000,4170000000
20386,1261182250000000,4170000000
20387,1261807250000000,4170000000
20388,1262432250000000,4170000000
20389,1263057250000000,4170000000
20390,1263682250000000,4170000000
20391,1264307250000000,4170000000
20392,1264932250000000,4170000000
20393,1265557250000000,4170000000
20394,1266182250000000,4170000000
20395,1266807250000000,4170000000
20396,1267432250000000,4170000000
20397,1268057250000000,4170000000
20398,1268682250000000,4170000000
20399,1269307250000000,4170000000
20400,1269932250000000,4170000000
20401,1270557250000000,4170000000
20402,1271182250000000,4170000000
20403,1271807250000000,4170000000
20404,1272432250000000,4170000000
20405,1273057250000000,4170000000
20406,1273682250000000,4170000000
20407,1274307250000000,4170000000
20408,1274932250000000,4170000000
20409,1275557250000000,4170000000
20410,1276182250000000,4170000000
20411,1276807250000000,4180000000
20412,1277432250000000,4180000000
20413,1278057250000000,4180000000
20414,1278682250000000,4180000000
20415,1279307250000000,4180000000
20416,1279932250000000,4180000000
20417,1280557250000000,4180000000
20418,1281182250000000,4180000000
20419,1281807250000000,4180000000
20420,1282432250000000,4180000000
20421,1283057250000000,4180000000
20422,1283682250000000,4180000000
20423,1284307250000000,4180000000
20424,1284932250000000,4180000000
20425,1285557250000000,4180000000
20426,1286182250000000,4180000000
20427,1286807250000000,4180000000
20428,1287432250000000,4180000000
20429,1288057250000000,4180000000
20430,1288682250000000,4180000000
20431,1289307250000000,4180000000
20432,1289932250000000,4180000000
20433,1290557250000000,4180000000
20434,1291182250000000,4180000000
20435,1291807250000000,4180000000
20436,1292432250000000,4180000000
20437,1293057250000000,4180000000
20438,1293682250000000,4180000000
20439,1294307250000000,4180000000
20440,1294932250000000,4180000000
20441,1295557250000000,4180000000
20442,1296182250000000,4180000000
20443,1296807250000000,4180000000
20444,1297432250000000,4180000000
20445,1298057250000000,4180000000
20446,1298682250000000,4180000000
20447,1299307250000000,4180000000
20448,1299932250000000,4180000000
20449,1300557250000000,4180000000
20450,1301182250000000,4180000000
20451,1301807250000000,4180000000
20452,1302432250000000,4180000000
20453,1303057250000000,4180000000
20454,1303682250000000,4180000000
20455,1304307250000000,4180000000
20456,1304932250000000,4180000000
20457,1305557250000000,4180000000
20458,1306182250000000,4180000000
20459,1306807250000000,4190000000
20460,1307432250000000,4190000000
20461,1308057250000000,4190000000
20462,1308682250000000,4190000000
20463,1309307250000000,4190000000
20464,1309932250000000,4190000000
20465,1310557250000000,4190000000
20466,1311182250000000,4190000000
20467,1311807250000000,4190000000
20468,1312432250000000,4190000000
20469,1313057250000000,4190000000
20470,1313682250000000,4190000000
20471,1314307250000000,4190000000
20472,1314932250000000,4190000000
20473,1315557250000000,4190000000
20474,1316182250000000,4190000000
20475,1316807250000000,4190000000
20476,1317432250000000,4190000000
20477,1318057250000000,4190000000
20478,1318682250000000,4190000000
20479,1319307250000000,4190000000
20480,1319932250000000,4190000000
20481,1320557250000000,4190000000
20482,1321182250000000,4190000000
20483,1321807250000000,4190000000
20484,1322432250000000,4190000000
20485,1323057250000000,4190000000
20486,1323682250000000,4190000000
20487,1324307250000000,4190000000
20488,1324932250000000,4190000000
20489,1325557250000000,4190000000
20490,1326182250000000,4190000000
20491,1326807250000000,4190000000
20492,1327432250000000,4190000000
20493,1328057250000000,4190000000
20494,1328682250000000,4190000000
20495,1329307250000000,4190000000
20496,1329932250000000,4190000000
20497,1330557250000000,4190000000
20498,1331182250000000,4190000000
20499,1331807250000000,4190000000
20500,1332432250000000,4190000000
20501,1333057250000000,4190000000
20502,1333682250000000,4190000000
20503,1334307250000000,4190000000
20504,1334932250000000,4190000000
20505,1335557250000000,4190000000
20506,1336182250000000,4190000000
20507,1336807250000000,4190000000
20508,1337432250000000,4200000000
20509,1338057250000000,4200000000
20510,1338682250000000,4200000000
20511,1339307250000000,4200000000
20512,1339932250000000,4200000000
20513,1340557250000000,4200000000
20514,1341182250000000,4200000000
20515,1341807250000000,4200000000
20516,1342432250000000,4200000000
20517,1343057250000000,4200000000
20518,1343682250000000,4200000000
20519,1344307250000000,4200000000
20520,1344932250000000,4200000000
20521,1345557250000000,4200000000
20522,1346182250000000,4200000000
20523,1346807250000000,4200000000
20524,1347432250000000,4200000000
20525,1348057250000000,4200000000
20526,1348682250000000,4200000000
20527,1349307250000000,4200000000
20528,1349932250000000,4200000000
20529,1350557250000000,4200000000
20530,1351182250000000,4200000000
20531,1351807250000000,4200000000
20532,1352432250000000,4200000000
20533,1353057250000000,4200000000
20534,1353682250000000,4200000000
20535,1354307250000000,4200000000
20536,1354932250000000,4200000000
20537,1355557250000000,4200000000
20538,1356182250000000,4200000000
20539,1356807250000000,4200000000
20540,1357432250000000,4200000000
20541,1358057250000000,4200000000
20542,1358682250000000,4200000000
20543,1359307250000000,4200000000
20544,1359932250000000,4200000000
20545,1360557250000000,4200000000
20546,1361182250000000,4200000000
20547,1361807250000000,4200000000
20548,1362432250000000,4200000000
20549,1363057250000000,4200000000
20550,1363682250000000,4200000000
20551,1364307250000000,4200000000
20552,1364932250000000,4200000000
20553,1365557250000000,4200000000
20554,1366182250000000,4200000000
20555,1366807250000000,4200000000
20556,1367432250000000,4200000000
20557,1368057250000000,4210000000
20558,1368682250000000,4210000000
20559,1369307250000000,4210000000
20560,1369932250000000,4210000000
20561,1370557250000000,4210000000
20562,1371182250000000,4210000000
20563,1371807250000000,4210000000
20564,1372432250000000,4210000000
20565,1373057250000000,4210000000
20566,1373682250000000,4210000000
20567,1374307250000000,4210000000
20568,1374932250000000,4210000000
20569,1375557250000000,4210000000
20570,1376182250000000,4210000000
20571,1376807250000000,4210000000
20572,1377432250000000,4210000000
20573,1378057250000000,4210000000
20574,1378682250000000,4210000000
20575,1379307250000000,4210000000
20576,1379932250000000,4210000000
20577,1380557250000000,4210000000
20578,1381182250000000,4210000000
20579,1381807250000000,4210000000
20580,1382432250000000,4210000000
20581,1383057250000000,4210000000
20582,1383682250000000,4210000000
20583,1384307250000000,4210000000
20584,1384932250000000,4210000000
20585,1385557250000000,4210000000
20586,1386182250000000,4210000000
20587,1386807250000000,4210000000
20588,1387432250000000,4210000000
20589,1388057250000000,4210000000
20590,1388682250000000,4210000000
20591,1389307250000000,4210000000
20592,1389932250000000,4210000000
20593,1390557250000000,4210000000
20594,1391182250000000,4210000000
20595,1391807250000000,4210000000
20596,1392432250000000,4210000000
20597,1393057250000000,4210000000
20598,1393682250000000,4210000000
20599,1394307250000000,4210000000
20600,1394932250000000,4210000000
20601,1395557250000000,4210000000
20602,1396182250000000,4210000000
20603,1396807250000000,4210000000
20604,1397432250000000,4210000000
20605,1398057250000000,4210000000
20606,1398682250000000,4220000000
20607,1399307250000000,4220000000
20608,1399932250000000,4220000000
20609,1400557250000000,4220000000
20610,1401182250000000,4220000000
20611,1401807250000000,4220000000
20612,1402432250000000,4220000000
20613,1403057250000000,4220000000
20614,1403682250000000,4220000000
20615,1404307250000000,4220000000
20616,1404932250000000,4220000000
20617,1405557250000000,4220000000
20618,1406182250000000,4220000000
20619,1406807250000000,4220000000
20620,1407432250000000,4220000000
20621,1408057250000000,4220000000
20622,1408682250000000,4220000000
20623,1409307250000000,4220000000
20624,1409932250000000,4220000000
20625,1410557250000000,4220000000
20626,1411182250000000,4220000000
20627,1411807250000000,4220000000
20628,1412432250000000,4220000000
20629,1413057250000000,4220000000
20630,1413682250000000,4220000000
20631,1414307250000000,4220000000
20632,1414932250000000,4220000000
20633,1415557250000000,4220000000
20634,1416182250000000,4220000000
20635,1416807250000000,4220000000
20636,1417432250000000,4220000000
20637,1418057250000000,4220000000
20638,1418682250000000,4220000000
20639,1419307250000000,4220000000
20640,1419932250000000,4220000000
20641,1420557250000000,4220000000
20642,1421182250000000,4220000000
20643,1421807250000000,4220000000
20644,1422432250000000,4220000000
20645,1423057250000000,4220000000
20646,1423682250000000,4220000000
20647,1424307250000000,4220000000
20648,1424932250000000,4220000000
20649,1425557250000000,4220000000
20650,1426182250000000,4220000000
20651,1426807250000000,4220000000
20652,1427432250000000,4220000000
20653,1428057250000000,4220000000
20654,1428682250000000,4220000000
20655,1429307250000000,4230000000
20656,1429932250000000,4230000000
20657,1430557250000000,4230000000
20658,1431182250000000,4230000000
20659,1431807250000000,4230000000
20660,1432432250000000,4230000000
20661,1433057250000000,4230000000
20662,1433682250000000,4230000000
20663,1434307250000000,4230000000
20664,1434932250000000,4230000000
20665,1435557250000000,4230000000
20666,1436182250000000,4230000000
20667,1436807250000000,4230000000
20668,1437432250000000,4230000000
20669,1438057250000000,4230000000
20670,1438682250000000,4230000000
20671,1439307250000000,4230000000
20672,1439932250000000,4230000000
20673,1440557250000000,4230000000
20674,1441182250000000,4230000000
20675,1441807250000000,4230000000
20676,1442432250000000,4230000000
20677,1443057250000000,4230000000
20678,1443682250000000,4230000000
20679,1444307250000000,4230000000
20680,1444932250000000,4230000000
20681,1445557250000000,4230000000
20682,1446182250000000,4230000000
20683,1446807250000000,4230000000
20684,1447432250000000,4230000000
20685,1448057250000000,4230000000
20686,1448682250000000,4230000000
20687,1449307250000000,4230000000
20688,1449932250000000,4230000000
20689,1450557250000000,4230000000
20690,1451182250000000,4230000000
20691,1451807250000000,4230000000
20692,1452432250000000,4230000000
20693,1453057250000000,4230000000
20694,1453682250000000,4230000000
20695,1454307250000000,4230000000
20696,1454932250000000,4230000000
20697,1455557250000000,4230000000
20698,1456182250000000,4230000000
20699,1456807250000000,4230000000
20700,1457432250000000,4230000000
20701,1458057250000000,4230000000
20702,1458682250000000,4230000000
20703,1459307250000000,4230000000
20704,1459932250000000,4240000000
20705,1460557250000000,4240000000
20706,1461182250000000,4240000000
20707,1461807250000000,4240000000
20708,1462432250000000,4240000000
20709,1463057250000000,4240000000
20710,1463682250000000,4240000000
20711,1464307250000000,4240000000
20712,1464932250000000,4240000000
20713,1465557250000000,4240000000
20714,1466182250000000,4240000000
20715,1466807250000000,4240000000
20716,1467432250000000,4240000000
20717,1468057250000000,4240000000
20718,1468682250000000,4240000000
20719,1469307250000000,4240000000
20720,1469932250000000,4240000000
20721,1470557250000000,4240000000
20722,1471182250000000,4240000000
20723,1471807250000000,4240000000
20724,1472432250000000,4240000000
20725,1473057250000000,4240000000
20726,1473682250000000,4240000000
20727,1474307250000000,4240000000
20728,1474932250000000,4240000000
20729,1475557250000000,4240000000
20730,1476182250000000,4240000000
20731,1476807250000000,4240000000
20732,1477432250000000,4240000000
20733,1478057250000000,4240000000
20734,1478682250000000,4240000000
20735,1479307250000000,4240000000
20736,1479932250000000,4240000000
20737,1480557250000000,4240000000
20738,1481182250000000,4240000000
20739,1481807250000000,4240000000
20740,1482432250000000,4240000000
20741,1483057250000000,4240000000
20742,1483682250000000,4240000000
20743,1484307250000000,4240000000
20744,1484932250000000,4240000000
20745,1485557250000000,4240000000
20746,1486182250000000,4240000000
20747,1486807250000000,4240000000
20748,1487432250000000,4240000000
20749,1488057250000000,4240000000
20750,1488682250000000,4240000000
20751,1489307250000000,4240000000
20752,1489932250000000,4250000000
20753,1490557250000000,4250000000
20754,1491182250000000,4250000000
20755,1491807250000000,4250000000
20756,1492432250000000,4250000000
20757,1493057250000000,4250000000
20758,1493682250000000,4250000000
20759,1494307250000000,4250000000
20760,1494932250000000,4250000000
20761,1495557250000000,4250000000
20762,1496182250000000,4250000000
20763,1496807250000000,4250000000
20764,1497432250000000,4250000000
20765,1498057250000000,4250000000
20766,1498682250000000,4250000000
20767,1499307250000000,4250000000
20768,1499932250000000,4250000000
20769,1500557250000000,4250000000
20770,1501182250000000,4250000000
20771,1501807250000000,4250000000
20772,1502432250000000,4250000000
20773,1503057250000000,4250000000
20774,1503682250000000,4250000000
20775,1504307250000000,4250000000
20776,1504932250000000,4250000000
20777,1505557250000000,4250000000
20778,1506182250000000,4250000000
20779,1506807250000000,4250000000
20780,1507432250000000,4250000000
20781,1508057250000000,4250000000
20782,1508682250000000,4250000000
20783,1509307250000000,4250000000
20784,1509932250000000,4250000000
20785,1510557250000000,4250000000
20786,1511182250000000,4250000000
20787,1511807250000000,4250000000
20788,1512432250000000,4250000000
20789,1513057250000000,4250000000
20790,1513682250000000,4250000000
20791,1514307250000000,4250000000
20792,1514932250000000,4250000000
20793,1515557250000000,4250000000
20794,1516182250000000,4250000000
20795,1516807250000000,4250000000
20796,1517432250000000,4250000000
20797,1518057250000000,4250000000
20798,1518682250000000,4250000000
20799,1519307250000000,4250000000
20800,1519932250000000,4250000000
20801,1520557250000000,4260000000
20802,1521182250000000,4260000000
20803,1521807250000000,4260000000
20804,1522432250000000,4260000000
20805,1523057250000000,4260000000
20806,1523682250000000,4260000000
20807,1524307250000000,4260000000
20808,1524932250000000,4260000000
20809,1525557250000000,4260000000
20810,1526182250000000,4260000000
20811,1526807250000000,4260000000
20812,1527432250000000,4260000000
20813,1528057250000000,4260000000
20814,1528682250000000,4260000000
20815,1529307250000000,4260000000
20816,1529932250000000,4260000000
20817,1530557250000000,4260000000
20818,1531182250000000,4260000000
20819,1531807250000000,4260000000
20820,1532432250000000,4260000000
20821,1533057250000000,4260000000
20822,1533682250000000,4260000000
20823,1534307250000000,4260000000
20824,1534932250000000,4260000000
20825,1535557250000000,4260000000
20826,1536182250000000,4260000000
20827,1536807250000000,4260000000
20828,1537432250000000,4260000000
20829,1538057250000000,4260000000
20830,1538682250000000,4260000000
20831,1539307250000000,4260000000
20832,1539932250000000,4260000000
20833,1540557250000000,4260000000
20834,1541182250000000,4260000000
20835,1541807250000000,4260000000
20836,1542432250000000,4260000000
20837,1543057250000000,4260000000
20838,1543682250000000,4260000000
20839,1544307250000000,4260000000
20840,1544932250000000,4260000000
20841,1545557250000000,4260000000
20842,1546182250000000,4260000000
20843,1546807250000000,4260000000
20844,1547432250000000,4260000000
20845,1548057250000000,4260000000
20846,1548682250000000,4260000000
20847,1549307250000000,4260000000
20848,1549932250000000,4260000000
20849,1550557250000000,4260000000
20850,1551182250000000,4270000000
20851,1551807250000000,4270000000
20852,1552432250000000,4270000000
20853,1553057250000000,4270000000
20854,1553682250000000,4270000000
20855,1554307250000000,4270000000
20856,1554932250000000,4270000000
20857,1555557250000000,4270000000
20858,1556182250000000,4270000000
20859,1556807250000000,4270000000
20860,1557432250000000,4270000000
20861,1558057250000000,4270000000
20862,1558682250000000,4270000000
20863,1559307250000000,4270000000
20864,1559932250000000,4270000000
20865,1560557250000000,4270000000
20866,1561182250000000,4270000000
20867,1561807250000000,4270000000
20868,1562432250000000,4270000000
20869,1563057250000000,4270000000
20870,1563682250000000,4270000000
20871,1564307250000000,4270000000
20872,1564932250000000,4270000000
20873,1565557250000000,4270000000
20874,1566182250000000,4270000000
20875,1566807250000000,4270000000
20876,1567432250000000,4270000000
20877,1568057250000000,4270000000
20878,1568682250000000,4270000000
20879,1569307250000000,4270000000
20880,1569932250000000,4270000000
20881,1570557250000000,4270000000
20882,1571182250000000,4270000000
20883,1571807250000000,4270000000
20884,1572432250000000,4270000000
20885,1573057250000000,4270000000
20886,1573682250000000,4270000000
20887,1574307250000000,4270000000
20888,1574932250000000,4270000000
20889,1575557250000000,4270000000
20890,1576182250000000,4270000000
20891,1576807250000000,4270000000
20892,1577432250000000,4270000000
20893,1578057250000000,4270000000
20894,1578682250000000,4270000000
20895,1579307250000000,4270000000
20896,1579932250000000,4270000000
20897,1580557250000000,4270000000
20898,1581182250000000,4270000000
20899,1581807250000000,4280000000
20900,1582432250000000,4280000000
20901,1583057250000000,4280000000
20902,1583682250000000,4280000000
20903,1584307250000000,4280000000
20904,1584932250000000,4280000000
20905,1585557250000000,4280000000
20906,1586182250000000,4280000000
20907,1586807250000000,4280000000
20908,1587432250000000,4280000000
20909,1588057250000000,4280000000
20910,1588682250000000,4280000000
20911,1589307250000000,4280000000
20912,1589932250000000,4280000000
20913,1590557250000000,4280000000
20914,1591182250000000,4280000000
20915,1591807250000000,4280000000
20916,1592432250000000,4280000000
20917,1593057250000000,4280000000
20918,1593682250000000,4280000000
20919,1594307250000000,4280000000
20920,1594932250000000,4280000000
20921,1595557250000000,4280000000
20922,1596182250000000,4280000000
20923,1596807250000000,4280000000
20924,1597432250000000,4280000000
20925,1598057250000000,4280000000
20926,1598682250000000,4280000000
20927,1599307250000000,4280000000
20928,1599932250000000,4280000000
20929,1600557250000000,4280000000
20930,1601182250000000,4280000000
20931,1601807250000000,4280000000
20932,1602432250000000,4280000000
20933,1603057250000000,4280000000
20934,1603682250000000,4280000000
20935,1604307250000000,4280000000
20936,1604932250000000,4280000000
20937,1605557250000000,4280000000
20938,1606182250000000,4280000000
20939,1606807250000000,4280000000
20940,1607432250000000,4280000000
20941,1608057250000000,4280000000
20942,1608682250000000,4280000000
20943,1609307250000000,4280000000
20944,1609932250000000,4280000000
20945,1610557250000000,4280000000
20946,1611182250000000,4280000000
20947,1611807250000000,4280000000
20948,1612432250000000,4290000000
20949,1613057250000000,4290000000
20950,1613682250000000,4290000000
20951,1614307250000000,4290000000
20952,1614932250000000,4290000000
20953,1615557250000000,4290000000
20954,1616182250000000,4290000000
20955,1616807250000000,4290000000
20956,1617432250000000,4290000000
20957,1618057250000000,4290000000
20958,1618682250000000,4290000000
20959,1619307250000000,4290000000
20960,1619932250000000,4290000000
20961,1620557250000000,4290000000
20962,1621182250000000,4290000000
20963,1621807250000000,4290000000
20964,1622432250000000,4290000000
20965,1623057250000000,4290000000
20966,1623682250000000,4290000000
20967,1624307250000000,4290000000
20968,1624932250000000,4290000000
20969,1625557250000000,4290000000
20970,1626182250000000,4290000000
20971,1626807250000000,4290000000
20972,1627432250000000,4290000000
20973,1628057250000000,4290000000
20974,1628682250000000,4290000000
20975,1629307250000000,4290000000
20976,1629932250000000,4290000000
20977,1630557250000000,4290000000
20978,1631182250000000,4290000000
20979,1631807250000000,4290000000
20980,1632432250000000,4290000000
20981,1633057250000000,4290000000
20982,1633682250000000,4290000000
20983,1634307250000000,4290000000
20984,1634932250000000,4290000000
20985,1635557250000000,4290000000
20986,1636182250000000,4290000000
20987,1636807250000000,4290000000
20988,1637432250000000,4290000000
20989,1638057250000000,4290000000
20990,1638682250000000,4290000000
20991,1639307250000000,4290000000
20992,1639932250000000,4290000000
20993,1640557250000000,4290000000
20994,1641182250000000,4290000000
20995,1641807250000000,4290000000
20996,1642432250000000,4290000000
20997,1643057250000000,4300000000
20998,1643682250000000,4300000000
20999,1644307250000000,4300000000
21000,1644932250000000,4300000000
21001,1645557250000000,4300000000
21002,1646182250000000,4300000000
21003,1646807250000000,4300000000
21004,1647432250000000,4300000000
21005,1648057250000000,4300000000
21006,1648682250000000,4300000000
21007,1649307250000000,4300000000
21008,1649932250000000,4300000000
21009,1650557250000000,4300000000
21010,1651182250000000,4300000000
21011,1651807250000000,4300000000
21012,1652432250000000,4300000000
21013,1653057250000000,4300000000
21014,1653682250000000,4300000000
21015,1654307250000000,4300000000
21016,1654932250000000,4300000000
21017,1655557250000000,4300000000
21018,1656182250000000,4300000000
21019,1656807250000000,4300000000
21020,1657432250000000,4300000000
21021,1658057250000000,4300000000
21022,1658682250000000,4300000000
21023,1659307250000000,4300000000
21024,1659932250000000,4300000000
21025,1660557250000000,4300000000
21026,1661182250000000,4300000000
21027,1661807250000000,4300000000
21028,1662432250000000,4300000000
21029,1663057250000000,4300000000
21030,1663682250000000,4300000000
21031,1664307250000000,4300000000
21032,1664932250000000,4300000000
21033,1665557250000000,4300000000
21034,1666182250000000,4300000000
21035,1666807250000000,4300000000
21036,1667432250000000,4300000000
21037,1668057250000000,4300000000
21038,1668682250000000,4300000000
21039,1669307250000000,4300000000
21040,1669932250000000,4300000000
21041,1670557250000000,4300000000
21042,1671182250000000,4300000000
21043,1671807250000000,4300000000
21044,1672432250000000,4300000000
21045,1673057250000000,4310000000
21046,1673682250000000,4310000000
21047,1674307250000000,4310000000
21048,1674932250000000,4310000000
21049,1675557250000000,4310000000
21050,1676182250000000,4310000000
21051,1676807250000000,4310000000
21052,1677432250000000,4310000000
21053,1678057250000000,4310000000
21054,1678682250000000,4310000000
21055,1679307250000000,4310000000
21056,1679932250000000,4310000000
21057,1680557250000000,4310000000
21058,1681182250000000,4310000000
21059,1681807250000000,4310000000
21060,1682432250000000,4310000000
21061,1683057250000000,4310000000
21062,1683682250000000,4310000000
21063,1684307250000000,4310000000
21064,1684932250000000,4310000000
21065,1685557250000000,4310000000
21066,1686182250000000,4310000000
21067,1686807250000000,4310000000
21068,1687432250000000,4310000000
21069,1688057250000000,4310000000
21070,1688682250000000,4310000000
21071,1689307250000000,4310000000
21072,1689932250000000,4310000000
21073,1690557250000000,4310000000
21074,1691182250000000,4310000000
21075,1691807250000000,4310000000
21076,1692432250000000,4310000000
21077,1693057250000000,4310000000
21078,1693682250000000,4310000000
21079,1694307250000000,4310000000
21080,1694932250000000,4310000000
21081,1695557250000000,4310000000
21082,1696182250000000,4310000000
21083,1696807250000000,4310000000
21084,1697432250000000,4310000000
21085,1698057250000000,4310000000
21086,1698682250000000,4310000000
21087,1699307250000000,4310000000
21088,1699932250000000,4310000000
21089,1700557250000000,4310000000
21090,1701182250000000,4310000000
21091,1701807250000000,4310000000
21092,1702432250000000,4310000000
21093,1703057250000000,4310000000
21094,1703682250000000,4320000000
21095,1704307250000000,4320000000
21096,1704932250000000,4320000000
21097,1705557250000000,4320000000
21098,1706182250000000,4320000000
21099,1706807250000000,4320000000
21100,1707432250000000,4320000000
21101,1708057250000000,4320000000
21102,1708682250000000,4320000000
21103,1709307250000000,4320000000
21104,1709932250000000,4320000000
21105,1710557250000000,4320000000
21106,1711182250000000,4320000000
21107,1711807250000000,4320000000
21108,1712432250000000,4320000000
21109,1713057250000000,4320000000
21110,1713682250000000,4320000000
21111,1714307250000000,4320000000
21112,1714932250000000,4320000000
21113,1715557250000000,4320000000
21114,1716182250000000,4320000000
21115,1716807250000000,4320000000
21116,1717432250000000,4320000000
21117,1718057250000000,4320000000
21118,1718682250000000,4320000000
21119,1719307250000000,4320000000
21120,1719932250000000,4320000000
21121,1720557250000000,4320000000
21122,1721182250000000,4320000000
21123,1721807250000000,4320000000
21124,1722432250000000,4320000000
21125,1723057250000000,4320000000
21126,1723682250000000,4320000000
21127,1724307250000000,4320000000
21128,1724932250000000,4320000000
21129,1725557250000000,4320000000
21130,1726182250000000,4320000000
21131,1726807250000000,4320000000
21132,1727432250000000,4320000000
21133,1728057250000000,4320000000
21134,1728682250000000,4320000000
21135,1729307250000000,4320000000
21136,1729932250000000,4320000000
21137,1730557250000000,4320000000
21138,1731182250000000,4320000000
21139,1731807250000000,4320000000
21140,1732432250000000,4320000000
21141,1733057250000000,4320000000
21142,1733682250000000,4320000000
21143,1734307250000000,4330000000
21144,1734932250000000,4330000000
21145,1735557250000000,4330000000
21146,1736182250000000,4330000000
21147,1736807250000000,4330000000
21148,1737432250000000,4330000000
21149,1738057250000000,4330000000
21150,1738682250000000,4330000000
21151,1739307250000000,4330000000
21152,1739932250000000,4330000000
21153,1740557250000000,4330000000
21154,1741182250000000,4330000000
21155,1741807250000000,4330000000
21156,1742432250000000,4330000000
21157,1743057250000000,4330000000
21158,1743682250000000,4330000000
21159,1744307250000000,4330000000
21160,1744932250000000,4330000000
21161,1745557250000000,4330000000
21162,1746182250000000,4330000000
21163,1746807250000000,4330000000
21164,1747432250000000,4330000000
21165,1748057250000000,4330000000
21166,1748682250000000,4330000000
21167,1749307250000000,4330000000
21168,1749932250000000,4330000000
21169,1750557250000000,4330000000
21170,1751182250000000,4330000000
21171,1751807250000000,4330000000
21172,1752432250000000,4330000000
21173,1753057250000000,4330000000
21174,1753682250000000,4330000000
21175,1754307250000000,4330000000
21176,1754932250000000,4330000000
21177,1755557250000000,4330000000
21178,1756182250000000,4330000000
21179,1756807250000000,4330000000
21180,1757432250000000,4330000000
21181,1758057250000000,4330000000
21182,1758682250000000,4330000000
21183,1759307250000000,4330000000
21184,1759932250000000,4330000000
21185,1760557250000000,4330000000
21186,1761182250000000,4330000000
21187,1761807250000000,4330000000
21188,1762432250000000,4330000000
21189,1763057250000000,4330000000
21190,1763682250000000,4330000000
21191,1764307250000000,4330000000
21192,1764932250000000,4340000000
21193,1765557250000000,4340000000
21194,1766182250000000,4340000000
21195,1766807250000000,4340000000
21196,1767432250000000,4340000000
21197,1768057250000000,4340000000
21198,1768682250000000,4340000000
21199,1769307250000000,4340000000
21200,1769932250000000,4340000000
21201,1770557250000000,4340000000
21202,1771182250000000,4340000000
21203,1771807250000000,4340000000
21204,1772432250000000,4340000000
21205,1773057250000000,4340000000
21206,1773682250000000,4340000000
21207,1774307250000000,4340000000
21208,1774932250000000,4340000000
21209,1775557250000000,4340000000
21210,1776182250000000,4340000000
21211,1776807250000000,4340000000
21212,1777432250000000,4340000000
21213,1778057250000000,4340000000
21214,1778682250000000,4340000000
21215,1779307250000000,4340000000
21216,1779932250000000,4340000000
21217,1780557250000000,4340000000
21218,1781182250000000,4340000000
21219,1781807250000000,4340000000
21220,1782432250000000,4340000000
21221,1783057250000000,4340000000
21222,1783682250000000,4340000000
21223,1784307250000000,4340000000
21224,1784932250000000,4340000000
21225,1785557250000000,4340000000
21226,1786182250000000,4340000000
21227,1786807250000000,4340000000
21228,1787432250000000,4340000000
21229,1788057250000000,4340000000
21230,1788682250000000,4340000000
21231,1789307250000000,4340000000
21232,1789932250000000,4340000000
21233,1790557250000000,4340000000
21234,1791182250000000,4340000000
21235,1791807250000000,4340000000
21236,1792432250000000,4340000000
21237,1793057250000000,4340000000
21238,1793682250000000,4340000000
21239,1794307250000000,4340000000
21240,1794932250000000,4340000000
21241,1795557250000000,4350000000
21242,1796182250000000,4350000000
21243,1796807250000000,4350000000
21244,1797432250000000,4350000000
21245,1798057250000000,4350000000
21246,1798682250000000,4350000000
21247,1799307250000000,4350000000
21248,1799932250000000,4350000000
21249,1800557250000000,4350000000
21250,1801182250000000,4350000000
21251,1801807250000000,4350000000
21252,1802432250000000,4350000000
21253,1803057250000000,4350000000
21254,1803682250000000,4350000000
21255,1804307250000000,4350000000
21256,1804932250000000,4350000000
21257,1805557250000000,4350000000
21258,1806182250000000,4350000000
21259,1806807250000000,4350000000
21260,1807432250000000,4350000000
21261,1808057250000000,4350000000
21262,1808682250000000,4350000000
21263,1809307250000000,4350000000
21264,1809932250000000,4350000000
21265,1810557250000000,4350000000
21266,1811182250000000,4350000000
21267,1811807250000000,4350000000
21268,1812432250000000,4350000000
21269,1813057250000000,4350000000
21270,1813682250000000,4350000000
21271,1814307250000000,4350000000
21272,1814932250000000,4350000000
21273,1815557250000000,4350000000
21274,1816182250000000,4350000000
21275,1816807250000000,4350000000
21276,1817432250000000,4350000000
21277,1818057250000000,4350000000
21278,1818682250000000,4350000000
21279,1819307250000000,4350000000
21280,1819932250000000,4350000000
21281,1820557250000000,4350000000
21282,1821182250000000,4350000000
21283,1821807250000000,4350000000
21284,1822432250000000,4350000000
21285,1823057250000000,4350000000
21286,1823682250000000,4350000000
21287,1824307250000000,4350000000
21288,1824932250000000,4350000000
21289,1825557250000000,4350000000
21290,1826182250000000,4360000000
21291,1826807250000000,4360000000
21292,1827432250000000,4360000000
21293,1828057250000000,4360000000
21294,1828682250000000,4360000000
21295,1829307250000000,4360000000
21296,1829932250000000,4360000000
21297,1830557250000000,4360000000
21298,1831182250000000,4360000000
21299,1831807250000000,4360000000
21300,1832432250000000,4360000000
21301,1833057250000000,4360000000
21302,1833682250000000,4360000000
21303,1834307250000000,4360000000
21304,1834932250000000,4360000000
21305,1835557250000000,4360000000
21306,1836182250000000,4360000000
21307,1836807250000000,4360000000
21308,1837432250000000,4360000000
21309,1838057250000000,4360000000
21310,1838682250000000,4360000000
21311,1839307250000000,4360000000
21312,1839932250000000,4360000000
21313,1840557250000000,4360000000
21314,1841182250000000,4360000000
21315,1841807250000000,4360000000
21316,1842432250000000,4360000000
21317,1843057250000000,4360000000
21318,1843682250000000,4360000000
21319,1844307250000000,4360000000
21320,1844932250000000,4360000000
21321,1845557250000000,4360000000
21322,1846182250000000,4360000000
21323,1846807250000000,4360000000
21324,1847432250000000,4360000000
21325,1848057250000000,4360000000
21326,1848682250000000,4360000000
21327,1849307250000000,4360000000
21328,1849932250000000,4360000000
21329,1850557250000000,4360000000
21330,1851182250000000,4360000000
21331,1851807250000000,4360000000
21332,1852432250000000,4360000000
21333,1853057250000000,4360000000
21334,1853682250000000,4360000000
21335,1854307250000000,4360000000
21336,1854932250000000,4360000000
21337,1855557250000000,4360000000
21338,1856182250000000,4370000000
21339,1856807250000000,4370000000
21340,1857432250000000,4370000000
21341,1858057250000000,4370000000
21342,1858682250000000,4370000000
21343,1859307250000000,4370000000
21344,1859932250000000,4370000000
21345,1860557250000000,4370000000
21346,1861182250000000,4370000000
21347,1861807250000000,4370000000
21348,1862432250000000,4370000000
21349,1863057250000000,4370000000
21350,1863682250000000,4370000000
21351,1864307250000000,4370000000
21352,1864932250000000,4370000000
21353,1865557250000000,4370000000
21354,1866182250000000,4370000000
21355,1866807250000000,4370000000
21356,1867432250000000,4370000000
21357,1868057250000000,4370000000
21358,1868682250000000,4370000000
21359,1869307250000000,4370000000
21360,1869932250000000,4370000000
21361,1870557250000000,4370000000
21362,1871182250000000,4370000000
21363,1871807250000000,4370000000
21364,1872432250000000,4370000000
21365,1873057250000000,4370000000
21366,1873682250000000,4370000000
21367,1874307250000000,4370000000
21368,1874932250000000,4370000000
21369,1875557250000000,4370000000
21370,1876182250000000,4370000000
21371,1876807250000000,4370000000
21372,1877432250000000,4370000000
21373,1878057250000000,4370000000
21374,1878682250000000,4370000000
21375,1879307250000000,4370000000
21376,1879932250000000,4370000000
21377,1880557250000000,4370000000
21378,1881182250000000,4370000000
21379,1881807250000000,4370000000
21380,1882432250000000,4370000000
21381,1883057250000000,4370000000
21382,1883682250000000,4370000000
21383,1884307250000000,4370000000
21384,1884932250000000,4370000000
21385,1885557250000000,4370000000
21386,1886182250000000,4370000000
21387,1886807250000000,4380000000
21388,1887432250000000,4380000000
21389,1888057250000000,4380000000
21390,1888682250000000,4380000000
21391,1889307250000000,4380000000
21392,1889932250000000,4380000000
21393,1890557250000000,4380000000
21394,1891182250000000,4380000000
21395,1891807250000000,4380000000
21396,1892432250000000,4380000000
21397,1893057250000000,4380000000
21398,1893682250000000,4380000000
21399,1894307250000000,4380000000
21400,1894932250000000,4380000000
21401,1895557250000000,4380000000
21402,1896182250000000,4380000000
21403,1896807250000000,4380000000
21404,1897432250000000,4380000000
21405,1898057250000000,4380000000
21406,1898682250000000,4380000000
21407,1899307250000000,4380000000
21408,1899932250000000,4380000000
21409,1900557250000000,4380000000
21410,1901182250000000,4380000000
21411,1901807250000000,4380000000
21412,1902432250000000,4380000000
21413,1903057250000000,4380000000
21414,1903682250000000,4380000000
21415,1904307250000000,4380000000
21416,1904932250000000,4380000000
21417,1905557250000000,4380000000
21418,1906182250000000,4380000000
21419,1906807250000000,4380000000
21420,1907432250000000,4380000000
21421,1908057250000000,4380000000
21422,1908682250000000,4380000000
21423,1909307250000000,4380000000
21424,1909932250000000,4380000000
21425,1910557250000000,4380000000
21426,1911182250000000,4380000000
21427,1911807250000000,4380000000
21428,1912432250000000,4380000000
21429,1913057250000000,4380000000
21430,1913682250000000,4380000000
21431,1914307250000000,4380000000
21432,1914932250000000,4380000000
21433,1915557250000000,4380000000
21434,1916182250000000,4380000000
21435,1916807250000000,4380000000
21436,1917432250000000,4390000000
21437,1918057250000000,4390000000
21438,1918682250000000,4390000000
21439,1919307250000000,4390000000
21440,1919932250000000,4390000000
21441,1920557250000000,4390000000
21442,1921182250000000,4390000000
21443,1921807250000000,4390000000
21444,1922432250000000,4390000000
21445,1923057250000000,4390000000
21446,1923682250000000,4390000000
21447,1924307250000000,4390000000
21448,1924932250000000,4390000000
21449,1925557250000000,4390000000
21450,1926182250000000,4390000000
21451,1926807250000000,4390000000
21452,1927432250000000,4390000000
21453,1928057250000000,4390000000
21454,1928682250000000,4390000000
21455,1929307250000000,4390000000
21456,1929932250000000,4390000000
21457,1930557250000000,4390000000
21458,1931182250000000,4390000000
21459,1931807250000000,4390000000
21460,1932432250000000,4390000000
21461,1933057250000000,4390000000
21462,1933682250000000,4390000000
21463,1934307250000000,4390000000
21464,1934932250000000,4390000000
21465,1935557250000000,4390000000
21466,1936182250000000,4390000000
21467,1936807250000000,4390000000
21468,1937432250000000,4390000000
21469,1938057250000000,4390000000
21470,1938682250000000,4390000000
21471,1939307250000000,4390000000
21472,1939932250000000,4390000000
21473,1940557250000000,4390000000
21474,1941182250000000,4390000000
21475,1941807250000000,4390000000
21476,1942432250000000,4390000000
21477,1943057250000000,4390000000
21478,1943682250000000,4390000000
21479,1944307250000000,4390000000
21480,1944932250000000,4390000000
21481,1945557250000000,4390000000
21482,1946182250000000,4390000000
21483,1946807250000000,4390000000
21484,1947432250000000,4390000000
21485,1948057250000000,4400000000
21486,1948682250000000,4400000000
21487,1949307250000000,4400000000
21488,1949932250000000,4400000000
21489,1950557250000000,4400000000
21490,1951182250000000,4400000000
21491,1951807250000000,4400000000
21492,1952432250000000,4400000000
21493,1953057250000000,4400000000
21494,1953682250000000,4400000000
21495,1954307250000000,4400000000
21496,1954932250000000,4400000000
21497,1955557250000000,4400000000
21498,1956182250000000,4400000000
21499,1956807250000000,4400000000
21500,1957432250000000,4400000000
21501,1958057250000000,4400000000
21502,1958682250000000,4400000000
21503,1959307250000000,4400000000
21504,1959932250000000,4400000000
21505,1960557250000000,4400000000
21506,1961182250000000,4400000000
21507,1961807250000000,4400000000
21508,1962432250000000,4400000000
21509,1963057250000000,4400000000
21510,1963682250000000,4400000000
21511,1964307250000000,4400000000
21512,1964932250000000,4400000000
21513,1965557250000000,4400000000
21514,1966182250000000,4400000000
21515,1966807250000000,4400000000
21516,1967432250000000,4400000000
21517,1968057250000000,4400000000
21518,1968682250000000,4400000000
21519,1969307250000000,4400000000
21520,1969932250000000,4400000000
21521,1970557250000000,4400000000
21522,1971182250000000,4400000000
21523,1971807250000000,4400000000
21524,1972432250000000,4400000000
21525,1973057250000000,4400000000
21526,1973682250000000,4400000000
21527,1974307250000000,4400000000
21528,1974932250000000,4400000000
21529,1975557250000000,4400000000
21530,1976182250000000,4400000000
21531,1976807250000000,4400000000
21532,1977432250000000,4400000000
21533,1978057250000000,4400000000
21534,1978682250000000,4410000000
21535,1979307250000000,4410000000
21536,1979932250000000,4410000000
21537,1980557250000000,4410000000
21538,1981182250000000,4410000000
21539,1981807250000000,4410000000
21540,1982432250000000,4410000000
21541,1983057250000000,4410000000
21542,1983682250000000,4410000000
21543,1984307250000000,4410000000
21544,1984932250000000,4410000000
21545,1985557250000000,4410000000
21546,1986182250000000,4410000000
21547,1986807250000000,4410000000
21548,1987432250000000,4410000000
21549,1988057250000000,4410000000
21550,1988682250000000,4410000000
21551,1989307250000000,4410000000
21552,1989932250000000,4410000000
21553,1990557250000000,4410000000
21554,1991182250000000,4410000000
21555,1991807250000000,4410000000
21556,1992432250000000,4410000000
21557,1993057250000000,4410000000
21558,1993682250000000,4410000000
21559,1994307250000000,4410000000
21560,1994932250000000,4410000000
21561,1995557250000000,4410000000
21562,1996182250000000,4410000000
21563,1996807250000000,4410000000
21564,1997432250000000,4410000000
21565,1998057250000000,4410000000
21566,1998682250000000,4410000000
21567,1999307250000000,4410000000
21568,1999932250000000,4410000000
21569,2000557250000000,4410000000
21570,2001182250000000,4410000000
21571,2001807250000000,4410000000
21572,2002432250000000,4410000000
21573,2003057250000000,4410000000
21574,2003682250000000,4410000000
21575,2004307250000000,4410000000
21576,2004932250000000,4410000000
21577,2005557250000000,4410000000
21578,2006182250000000,4410000000
21579,2006807250000000,4410000000
21580,2007432250000000,4410000000
21581,2008057250000000,4410000000
21582,2008682250000000,4410000000
21583,2009307250000000,4420000000
21584,2009932250000000,4420000000
21585,2010557250000000,4420000000
21586,2011182250000000,4420000000
21587,2011807250000000,4420000000
21588,2012432250000000,4420000000
21589,2013057250000000,4420000000
21590,2013682250000000,4420000000
21591,2014307250000000,4420000000
21592,2014932250000000,4420000000
21593,2015557250000000,4420000000
21594,2016182250000000,4420000000
21595,2016807250000000,4420000000
21596,2017432250000000,4420000000
21597,2018057250000000,4420000000
21598,2018682250000000,4420000000
21599,2019307250000000,4420000000
21600,2019932250000000,4420000000
21601,2020557250000000,4420000000
21602,2021182250000000,4420000000
21603,2021807250000000,4420000000
21604,2022432250000000,4420000000
21605,2023057250000000,4420000000
21606,2023682250000000,4420000000
21607,2024307250000000,4420000000
21608,2024932250000000,4420000000
21609,2025557250000000,4420000000
21610,2026182250000000,4420000000
21611,2026807250000000,4420000000
21612,2027432250000000,4420000000
21613,2028057250000000,4420000000
21614,2028682250000000,4420000000
21615,2029307250000000,4420000000
21616,2029932250000000,4420000000
21617,2030557250000000,4420000000
21618,2031182250000000,4420000000
21619,2031807250000000,4420000000
21620,2032432250000000,4420000000
21621,2033057250000000,4420000000
21622,2033682250000000,4420000000
21623,2034307250000000,4420000000
21624,2034932250000000,4420000000
21625,2035557250000000,4420000000
21626,2036182250000000,4420000000
21627,2036807250000000,4420000000
21628,2037432250000000,4420000000
21629,2038057250000000,4420000000
21630,2038682250000000,4420000000
21631,2039307250000000,4430000000
21632,2039932250000000,4430000000
21633,2040557250000000,4430000000
21634,2041182250000000,4430000000
21635,2041807250000000,4430000000
21636,2042432250000000,4430000000
21637,2043057250000000,4430000000
21638,2043682250000000,4430000000
21639,2044307250000000,4430000000
21640,2044932250000000,4430000000
21641,2045557250000000,4430000000
21642,2046182250000000,4430000000
21643,2046807250000000,4430000000
21644,2047432250000000,4430000000
21645,2048057250000000,4430000000
21646,2048682250000000,4430000000
21647,2049307250000000,4430000000
21648,2049932250000000,4430000000
21649,2050557250000000,4430000000
21650,2051182250000000,4430000000
21651,2051807250000000,4430000000
21652,2052432250000000,4430000000
21653,2053057250000000,4430000000
21654,2053682250000000,4430000000
21655,2054307250000000,4430000000
21656,2054932250000000,4430000000
21657,2055557250000000,4430000000
21658,2056182250000000,4430000000
21659,2056807250000000,4430000000
21660,2057432250000000,4430000000
21661,2058057250000000,4430000000
21662,2058682250000000,4430000000
21663,2059307250000000,4430000000
21664,2059932250000000,4430000000
21665,2060557250000000,4430000000
21666,2061182250000000,4430000000
21667,2061807250000000,4430000000
21668,2062432250000000,4430000000
21669,2063057250000000,4430000000
21670,2063682250000000,4430000000
21671,2064307250000000,4430000000
21672,2064932250000000,4430000000
21673,2065557250000000,4430000000
21674,2066182250000000,4430000000
21675,2066807250000000,4430000000
21676,2067432250000000,4430000000
21677,2068057250000000,4430000000
21678,2068682250000000,4430000000
21679,2069307250000000,4430000000
21680,2069932250000000,4440000000
21681,2070557250000000,4440000000
21682,2071182250000000,4440000000
21683,2071807250000000,4440000000
21684,2072432250000000,4440000000
21685,2073057250000000,4440000000
21686,2073682250000000,4440000000
21687,2074307250000000,4440000000
21688,2074932250000000,4440000000
21689,2075557250000000,4440000000
21690,2076182250000000,4440000000
21691,2076807250000000,4440000000
21692,2077432250000000,4440000000
21693,2078057250000000,4440000000
21694,2078682250000000,4440000000
21695,2079307250000000,4440000000
21696,2079932250000000,4440000000
21697,2080557250000000,4440000000
21698,2081182250000000,4440000000
21699,2081807250000000,4440000000
21700,2082432250000000,4440000000
21701,2083057250000000,4440000000
21702,2083682250000000,4440000000
21703,2084307250000000,4440000000
21704,2084932250000000,4440000000
21705,2085557250000000,4440000000
21706,2086182250000000,4440000000
21707,2086807250000000,4440000000
21708,2087432250000000,4440000000
21709,2088057250000000,4440000000
21710,2088682250000000,4440000000
21711,2089307250000000,4440000000
21712,2089932250000000,4440000000
21713,2090557250000000,4440000000
21714,2091182250000000,4440000000
21715,2091807250000000,4440000000
21716,2092432250000000,4440000000
21717,2093057250000000,4440000000
21718,2093682250000000,4440000000
21719,2094307250000000,4440000000
21720,2094932250000000,4440000000
21721,2095557250000000,4440000000
21722,2096182250000000,4440000000
21723,2096807250000000,4440000000
21724,2097432250000000,4440000000
21725,2098057250000000,4440000000
21726,2098682250000000,4440000000
21727,2099307250000000,4440000000
21728,2099932250000000,4440000000
21729,2100557250000000,4450000000
21730,2101182250000000,4450000000
21731,2101807250000000,4450000000
21732,2102432250000000,4450000000
21733,2103057250000000,4450000000
21734,2103682250000000,4450000000
21735,2104307250000000,4450000000
21736,2104932250000000,4450000000
21737,2105557250000000,4450000000
21738,2106182250000000,4450000000
21739,2106807250000000,4450000000
21740,2107432250000000,4450000000
21741,2108057250000000,4450000000
21742,2108682250000000,4450000000
21743,2109307250000000,4450000000
21744,2109932250000000,4450000000
21745,2110557250000000,4450000000
21746,2111182250000000,4450000000
21747,2111807250000000,4450000000
21748,2112432250000000,4450000000
21749,2113057250000000,4450000000
21750,2113682250000000,4450000000
21751,2114307250000000,4450000000
21752,2114932250000000,4450000000
21753,2115557250000000,4450000000
21754,2116182250000000,4450000000
21755,2116807250000000,4450000000
21756,2117432250000000,4450000000
21757,2118057250000000,4450000000
21758,2118682250000000,4450000000
21759,2119307250000000,4450000000
21760,2119932250000000,4450000000
21761,2120557250000000,4450000000
21762,2121182250000000,4450000000
21763,2121807250000000,4450000000
21764,2122432250000000,4450000000
21765,2123057250000000,4450000000
21766,2123682250000000,4450000000
21767,2124307250000000,4450000000
21768,2124932250000000,4450000000
21769,2125557250000000,4450000000
21770,2126182250000000,4450000000
21771,2126807250000000,4450000000
21772,2127432250000000,4450000000
21773,2128057250000000,4450000000
21774,2128682250000000,4450000000
21775,2129307250000000,4450000000
21776,2129932250000000,4450000000
21777,2130557250000000,4450000000
21778,2131182250000000,4460000000
21779,2131807250000000,4460000000
21780,2132432250000000,4460000000
21781,2133057250000000,4460000000
21782,2133682250000000,4460000000
21783,2134307250000000,4460000000
21784,2134932250000000,4460000000
21785,2135557250000000,4460000000
21786,2136182250000000,4460000000
21787,2136807250000000,4460000000
21788,2137432250000000,4460000000
21789,2138057250000000,4460000000
21790,2138682250000000,4460000000
21791,2139307250000000,4460000000
21792,2139932250000000,4460000000
21793,2140557250000000,4460000000
21794,2141182250000000,4460000000
21795,2141807250000000,4460000000
21796,2142432250000000,4460000000
21797,2143057250000000,4460000000
21798,2143682250000000,4460000000
21799,2144307250000000,4460000000
21800,2144932250000000,4460000000
21801,2145557250000000,4460000000
21802,2146182250000000,4460000000
21803,2146807250000000,4460000000
21804,2147432250000000,4460000000
21805,2148057250000000,4460000000
21806,2148682250000000,4460000000
21807,2149307250000000,4460000000
21808,2149932250000000,4460000000
21809,2150557250000000,4460000000
21810,2151182250000000,4460000000
21811,2151807250000000,4460000000
21812,2152432250000000,4460000000
21813,2153057250000000,4460000000
21814,2153682250000000,4460000000
21815,2154307250000000,4460000000
21816,2154932250000000,4460000000
21817,2155557250000000,4460000000
21818,2156182250000000,4460000000
21819,2156807250000000,4460000000
21820,2157432250000000,4460000000
21821,2158057250000000,4460000000
21822,2158682250000000,4460000000
21823,2159307250000000,4460000000
21824,2159932250000000,4460000000
21825,2160557250000000,4460000000
21826,2161182250000000,4460000000
21827,2161807250000000,4470000000
21828,2162432250000000,4470000000
21829,2163057250000000,4470000000
21830,2163682250000000,4470000000
21831,2164307250000000,4470000000
21832,2164932250000000,4470000000
21833,2165557250000000,4470000000
21834,2166182250000000,4470000000
21835,2166807250000000,4470000000
21836,2167432250000000,4470000000
21837,2168057250000000,4470000000
21838,2168682250000000,4470000000
21839,2169307250000000,4470000000
21840,2169932250000000,4470000000
21841,2170557250000000,4470000000
21842,2171182250000000,4470000000
21843,2171807250000000,4470000000
21844,2172432250000000,4470000000
21845,2173057250000000,4470000000
21846,2173682250000000,4470000000
21847,2174307250000000,4470000000
21848,2174932250000000,4470000000
21849,2175557250000000,4470000000
21850,2176182250000000,4470000000
21851,2176807250000000,4470000000
21852,2177432250000000,4470000000
21853,2178057250000000,4470000000
21854,2178682250000000,4470000000
21855,2179307250000000,4470000000
21856,2179932250000000,4470000000
21857,2180557250000000,4470000000
21858,2181182250000000,4470000000
21859,2181807250000000,4470000000
21860,2182432250000000,4470000000
21861,2183057250000000,4470000000
21862,2183682250000000,4470000000
21863,2184307250000000,4470000000
21864,2184932250000000,4470000000
21865,2185557250000000,4470000000
21866,2186182250000000,4470000000
21867,2186807250000000,4470000000
21868,2187432250000000,4470000000
21869,2188057250000000,4470000000
21870,2188682250000000,4470000000
21871,2189307250000000,4470000000
21872,2189932250000000,4470000000
21873,2190557250000000,4470000000
21874,2191182250000000,4470000000
21875,2191807250000000,4480000000
21876,2192432250000000,4480000000
21877,2193057250000000,4480000000
21878,2193682250000000,4480000000
21879,2194307250000000,4480000000
21880,2194932250000000,4480000000
21881,2195557250000000,4480000000
21882,2196182250000000,4480000000
21883,2196807250000000,4480000000
21884,2197432250000000,4480000000
21885,2198057250000000,4480000000
21886,2198682250000000,4480000000
21887,2199307250000000,4480000000
21888,2199932250000000,4480000000
21889,2200557250000000,4480000000
21890,2201182250000000,4480000000
21891,2201807250000000,4480000000
21892,2202432250000000,4480000000
21893,2203057250000000,4480000000
21894,2203682250000000,4480000000
21895,2204307250000000,4480000000
21896,2204932250000000,4480000000
21897,2205557250000000,4480000000
21898,2206182250000000,4480000000
21899,2206807250000000,4480000000
21900,2207432250000000,4480000000
21901,2208057250000000,4480000000
21902,2208682250000000,4480000000
21903,2209307250000000,4480000000
21904,2209932250000000,4480000000
21905,2210557250000000,4480000000
21906,2211182250000000,4480000000
21907,2211807250000000,4480000000
21908,2212432250000000,4480000000
21909,2213057250000000,4480000000
21910,2213682250000000,4480000000
21911,2214307250000000,4480000000
21912,2214932250000000,4480000000
21913,2215557250000000,4480000000
21914,2216182250000000,4480000000
21915,2216807250000000,4480000000
21916,2217432250000000,4480000000
21917,2218057250000000,4480000000
21918,2218682250000000,4480000000
21919,2219307250000000,4480000000
21920,2219932250000000,4480000000
21921,2220557250000000,4480000000
21922,2221182250000000,4480000000
21923,2221807250000000,4480000000
21924,2222432250000000,4490000000
21925,2223057250000000,4490000000
21926,2223682250000000,4490000000
21927,2224307250000000,4490000000
21928,2224932250000000,4490000000
21929,2225557250000000,4490000000
21930,2226182250000000,4490000000
21931,2226807250000000,4490000000
21932,2227432250000000,4490000000
21933,2228057250000000,4490000000
21934,2228682250000000,4490000000
21935,2229307250000000,4490000000
21936,2229932250000000,4490000000
21937,2230557250000000,4490000000
21938,2231182250000000,4490000000
21939,2231807250000000,4490000000
21940,2232432250000000,4490000000
21941,2233057250000000,4490000000
21942,2233682250000000,4490000000
21943,2234307250000000,4490000000
21944,2234932250000000,4490000000
21945,2235557250000000,4490000000
21946,2236182250000000,4490000000
21947,2236807250000000,4490000000
21948,2237432250000000,4490000000
21949,2238057250000000,4490000000
21950,2238682250000000,4490000000
21951,2239307250000000,4490000000
21952,2239932250000000,4490000000
21953,2240557250000000,4490000000
21954,2241182250000000,4490000000
21955,2241807250000000,4490000000
21956,2242432250000000,4490000000
21957,2243057250000000,4490000000
21958,2243682250000000,4490000000
21959,2244307250000000,4490000000
21960,2244932250000000,4490000000
21961,2245557250000000,4490000000
21962,2246182250000000,4490000000
21963,2246807250000000,4490000000
21964,2247432250000000,4490000000
21965,2248057250000000,4490000000
21966,2248682250000000,4490000000
21967,2249307250000000,4490000000
21968,2249932250000000,4490000000
21969,2250557250000000,4490000000
21970,2251182250000000,4490000000
21971,2251807250000000,4490000000
21972,2252432250000000,4490000000
21973,2253057250000000,4500000000
21974,2253682250000000,4500000000
21975,2254307250000000,4500000000
21976,2254932250000000,4500000000
21977,2255557250000000,4500000000
21978,2256182250000000,4500000000
21979,2256807250000000,4500000000
21980,2257432250000000,4500000000
21981,2258057250000000,4500000000
21982,2258682250000000,4500000000
21983,2259307250000000,4500000000
21984,2259932250000000,4500000000
21985,2260557250000000,4500000000
21986,2261182250000000,4500000000
21987,2261807250000000,4500000000
21988,2262432250000000,4500000000
21989,2263057250000000,4500000000
21990,2263682250000000,4500000000
21991,2264307250000000,4500000000
21992,2264932250000000,4500000000
21993,2265557250000000,4500000000
21994,2266182250000000,4500000000
21995,2266807250000000,4500000000
21996,2267432250000000,4500000000
21997,2268057250000000,4500000000
21998,2268682250000000,4500000000
21999,2269307250000000,4500000000
22000,2269932250000000,4500000000
22001,2270557250000000,4500000000
22002,2271182250000000,4500000000
22003,2271807250000000,4500000000
22004,2272432250000000,4500000000
22005,2273057250000000,4500000000
22006,2273682250000000,4500000000
22007,2274307250000000,4500000000
22008,2274932250000000,4500000000
22009,2275557250000000,4500000000
22010,2276182250000000,4500000000
22011,2276807250000000,4500000000
22012,2277432250000000,4500000000
22013,2278057250000000,4500000000
22014,2278682250000000,4500000000
22015,2279307250000000,4500000000
22016,2279932250000000,4500000000
22017,2280557250000000,4500000000
22018,2281182250000000,4500000000
22019,2281807250000000,4500000000
22020,2282432250000000,4500000000
22021,2283057250000000,4500000000
22022,2283682250000000,4510000000
22023,2284307250000000,4510000000
22024,2284932250000000,4510000000
22025,2285557250000000,4510000000
22026,2286182250000000,4510000000
22027,2286807250000000,4510000000
22028,2287432250000000,4510000000
22029,2288057250000000,4510000000
22030,2288682250000000,4510000000
22031,2289307250000000,4510000000
22032,2289932250000000,4510000000
22033,2290557250000000,4510000000
22034,2291182250000000,4510000000
22035,2291807250000000,4510000000
22036,2292432250000000,4510000000
22037,2293057250000000,4510000000
22038,2293682250000000,4510000000
22039,2294307250000000,4510000000
22040,2294932250000000,4510000000
22041,2295557250000000,4510000000
22042,2296182250000000,4510000000
22043,2296807250000000,4510000000
22044,2297432250000000,4510000000
22045,2298057250000000,4510000000
22046,2298682250000000,4510000000
22047,2299307250000000,4510000000
22048,2299932250000000,4510000000
22049,2300557250000000,4510000000
22050,2301182250000000,4510000000
22051,2301807250000000,4510000000
22052,2302432250000000,4510000000
22053,2303057250000000,4510000000
22054,2303682250000000,4510000000
22055,2304307250000000,4510000000
22056,2304932250000000,4510000000
22057,2305557250000000,4510000000
22058,2306182250000000,4510000000
22059,2306807250000000,4510000000
22060,2307432250000000,4510000000
22061,2308057250000000,4510000000
22062,2308682250000000,4510000000
22063,2309307250000000,4510000000
22064,2309932250000000,4510000000
22065,2310557250000000,4510000000
22066,2311182250000000,4510000000
22067,2311807250000000,4510000000
22068,2312432250000000,4510000000
22069,2313057250000000,4510000000
22070,2313682250000000,4510000000
22071,2314307250000000,4520000000
22072,2314932250000000,4520000000
22073,2315557250000000,4520000000
22074,2316182250000000,4520000000
22075,2316807250000000,4520000000
22076,2317432250000000,4520000000
22077,2318057250000000,4520000000
22078,2318682250000000,4520000000
22079,2319307250000000,4520000000
22080,2319932250000000,4520000000
22081,2320557250000000,4520000000
22082,2321182250000000,4520000000
22083,2321807250000000,4520000000
22084,2322432250000000,4520000000
22085,2323057250000000,4520000000
22086,2323682250000000,4520000000
22087,2324307250000000,4520000000
22088,2324932250000000,4520000000
22089,2325557250000000,4520000000
22090,2326182250000000,4520000000
22091,2326807250000000,4520000000
22092,2327432250000000,4520000000
22093,2328057250000000,4520000000
22094,2328682250000000,4520000000
22095,2329307250000000,4520000000
22096,2329932250000000,4520000000
22097,2330557250000000,4520000000
22098,2331182250000000,4520000000
22099,2331807250000000,4520000000
22100,2332432250000000,4520000000
22101,2333057250000000,4520000000
22102,2333682250000000,4520000000
22103,2334307250000000,4520000000
22104,2334932250000000,4520000000
22105,2335557250000000,4520000000
22106,2336182250000000,4520000000
22107,2336807250000000,4520000000
22108,2337432250000000,4520000000
22109,2338057250000000,4520000000
22110,2338682250000000,4520000000
22111,2339307250000000,4520000000
22112,2339932250000000,4520000000
22113,2340557250000000,4520000000
22114,2341182250000000,4520000000
22115,2341807250000000,4520000000
22116,2342432250000000,4520000000
22117,2343057250000000,4520000000
22118,2343682250000000,4520000000
22119,2344307250000000,4520000000
22120,2344932250000000,4530000000
22121,2345557250000000,4530000000
22122,2346182250000000,4530000000
22123,2346807250000000,4530000000
22124,2347432250000000,4530000000
22125,2348057250000000,4530000000
22126,2348682250000000,4530000000
22127,2349307250000000,4530000000
22128,2349932250000000,4530000000
22129,2350557250000000,4530000000
22130,2351182250000000,4530000000
22131,2351807250000000,4530000000
22132,2352432250000000,4530000000
22133,2353057250000000,4530000000
22134,2353682250000000,4530000000
22135,2354307250000000,4530000000
22136,2354932250000000,4530000000
22137,2355557250000000,4530000000
22138,2356182250000000,4530000000
22139,2356807250000000,4530000000
22140,2357432250000000,4530000000
22141,2358057250000000,4530000000
22142,2358682250000000,4530000000
22143,2359307250000000,4530000000
22144,2359932250000000,4530000000
22145,2360557250000000,4530000000
22146,2361182250000000,4530000000
22147,2361807250000000,4530000000
22148,2362432250000000,4530000000
22149,2363057250000000,4530000000
22150,2363682250000000,4530000000
22151,2364307250000000,4530000000
22152,2364932250000000,4530000000
22153,2365557250000000,4530000000
22154,2366182250000000,4530000000
22155,2366807250000000,4530000000
22156,2367432250000000,4530000000
22157,2368057250000000,4530000000
22158,2368682250000000,4530000000
22159,2369307250000000,4530000000
22160,2369932250000000,4530000000
22161,2370557250000000,4530000000
22162,2371182250000000,4530000000
22163,2371807250000000,4530000000
22164,2372432250000000,4530000000
22165,2373057250000000,4530000000
22166,2373682250000000,4530000000
22167,2374307250000000,4530000000
22168,2374932250000000,4540000000
22169,2375557250000000,4540000000
22170,2376182250000000,4540000000
22171,2376807250000000,4540000000
22172,2377432250000000,4540000000
22173,2378057250000000,4540000000
22174,2378682250000000,4540000000
22175,2379307250000000,4540000000
22176,2379932250000000,4540000000
22177,2380557250000000,4540000000
22178,2381182250000000,4540000000
22179,2381807250000000,4540000000
22180,2382432250000000,4540000000
22181,2383057250000000,4540000000
22182,2383682250000000,4540000000
22183,2384307250000000,4540000000
22184,2384932250000000,4540000000
22185,2385557250000000,4540000000
22186,2386182250000000,4540000000
22187,2386807250000000,4540000000
22188,2387432250000000,4540000000
22189,2388057250000000,4540000000
22190,2388682250000000,4540000000
22191,2389307250000000,4540000000
22192,2389932250000000,4540000000
22193,2390557250000000,4540000000
22194,2391182250000000,4540000000
22195,2391807250000000,4540000000
22196,2392432250000000,4540000000
22197,2393057250000000,4540000000
22198,2393682250000000,4540000000
22199,2394307250000000,4540000000
22200,2394932250000000,4540000000
22201,2395557250000000,4540000000
22202,2396182250000000,4540000000
22203,2396807250000000,4540000000
22204,2397432250000000,4540000000
22205,2398057250000000,4540000000
22206,2398682250000000,4540000000
22207,2399307250000000,4540000000
22208,2399932250000000,4540000000
22209,2400557250000000,4540000000
22210,2401182250000000,4540000000
22211,2401807250000000,4540000000
22212,2402432250000000,4540000000
22213,2403057250000000,4540000000
22214,2403682250000000,4540000000
22215,2404307250000000,4540000000
22216,2404932250000000,4540000000
22217,2405557250000000,4550000000
22218,2406182250000000,4550000000
22219,2406807250000000,4550000000
22220,2407432250000000,4550000000
22221,2408057250000000,4550000000
22222,2408682250000000,4550000000
22223,2409307250000000,4550000000
22224,2409932250000000,4550000000
22225,2410557250000000,4550000000
22226,2411182250000000,4550000000
22227,2411807250000000,4550000000
22228,2412432250000000,4550000000
22229,2413057250000000,4550000000
22230,2413682250000000,4550000000
22231,2414307250000000,4550000000
22232,2414932250000000,4550000000
22233,2415557250000000,4550000000
22234,2416182250000000,4550000000
22235,2416807250000000,4550000000
22236,2417432250000000,4550000000
22237,2418057250000000,4550000000
22238,2418682250000000,4550000000
22239,2419307250000000,4550000000
22240,2419932250000000,4550000000
22241,2420557250000000,4550000000
22242,2421182250000000,4550000000
22243,2421807250000000,4550000000
22244,2422432250000000,4550000000
22245,2423057250000000,4550000000
22246,2423682250000000,4550000000
22247,2424307250000000,4550000000
22248,2424932250000000,4550000000
22249,2425557250000000,4550000000
22250,2426182250000000,4550000000
22251,2426807250000000,4550000000
22252,2427432250000000,4550000000
22253,2428057250000000,4550000000
22254,2428682250000000,4550000000
22255,2429307250000000,4550000000
22256,2429932250000000,4550000000
22257,2430557250000000,4550000000
22258,2431182250000000,4550000000
22259,2431807250000000,4550000000
22260,2432432250000000,4550000000
22261,2433057250000000,4550000000
22262,2433682250000000,4550000000
22263,2434307250000000,4550000000
22264,2434932250000000,4550000000
22265,2435557250000000,4550000000
22266,2436182250000000,4560000000
22267,2436807250000000,4560000000
22268,2437432250000000,4560000000
22269,2438057250000000,4560000000
22270,2438682250000000,4560000000
22271,2439307250000000,4560000000
22272,2439932250000000,4560000000
22273,2440557250000000,4560000000
22274,2441182250000000,4560000000
22275,2441807250000000,4560000000
22276,2442432250000000,4560000000
22277,2443057250000000,4560000000
22278,2443682250000000,4560000000
22279,2444307250000000,4560000000
22280,2444932250000000,4560000000
22281,2445557250000000,4560000000
22282,2446182250000000,4560000000
22283,2446807250000000,4560000000
22284,2447432250000000,4560000000
22285,2448057250000000,4560000000
22286,2448682250000000,4560000000
22287,2449307250000000,4560000000
22288,2449932250000000,4560000000
22289,2450557250000000,4560000000
22290,2451182250000000,4560000000
22291,2451807250000000,4560000000
22292,2452432250000000,4560000000
22293,2453057250000000,4560000000
22294,2453682250000000,4560000000
22295,2454307250000000,4560000000
22296,2454932250000000,4560000000
22297,2455557250000000,4560000000
22298,2456182250000000,4560000000
22299,2456807250000000,4560000000
22300,2457432250000000,4560000000
22301,2458057250000000,4560000000
22302,2458682250000000,4560000000
22303,2459307250000000,4560000000
22304,2459932250000000,4560000000
22305,2460557250000000,4560000000
22306,2461182250000000,4560000000
22307,2461807250000000,4560000000
22308,2462432250000000,4560000000
22309,2463057250000000,4560000000
22310,2463682250000000,4560000000
22311,2464307250000000,4560000000
22312,2464932250000000,4560000000
22313,2465557250000000,4560000000
22314,2466182250000000,4560000000
22315,2466807250000000,4570000000
22316,2467432250000000,4570000000
22317,2468057250000000,4570000000
22318,2468682250000000,4570000000
22319,2469307250000000,4570000000
22320,2469932250000000,4570000000
22321,2470557250000000,4570000000
22322,2471182250000000,4570000000
22323,2471807250000000,4570000000
22324,2472432250000000,4570000000
22325,2473057250000000,4570000000
22326,2473682250000000,4570000000
22327,2474307250000000,4570000000
22328,2474932250000000,4570000000
22329,2475557250000000,4570000000
22330,2476182250000000,4570000000
22331,2476807250000000,4570000000
22332,2477432250000000,4570000000
22333,2478057250000000,4570000000
22334,2478682250000000,4570000000
22335,2479307250000000,4570000000
22336,2479932250000000,4570000000
22337,2480557250000000,4570000000
22338,2481182250000000,4570000000
22339,2481807250000000,4570000000
22340,2482432250000000,4570000000
22341,2483057250000000,4570000000
22342,2483682250000000,4570000000
22343,2484307250000000,4570000000
22344,2484932250000000,4570000000
22345,2485557250000000,4570000000
22346,2486182250000000,4570000000
22347,2486807250000000,4570000000
22348,2487432250000000,4570000000
22349,2488057250000000,4570000000
22350,2488682250000000,4570000000
22351,2489307250000000,4570000000
22352,2489932250000000,4570000000
22353,2490557250000000,4570000000
22354,2491182250000000,4570000000
22355,2491807250000000,4570000000
22356,2492432250000000,4570000000
22357,2493057250000000,4570000000
22358,2493682250000000,4570000000
22359,2494307250000000,4570000000
22360,2494932250000000,4570000000
22361,2495557250000000,4570000000
22362,2496182250000000,4570000000
22363,2496807250000000,4570000000
22364,2497432250000000,4580000000
22365,2498057250000000,4580000000
22366,2498682250000000,4580000000
22367,2499307250000000,4580000000
22368,2499932250000000,4580000000
22369,2500557250000000,4580000000
22370,2501182250000000,4580000000
22371,2501807250000000,4580000000
22372,2502432250000000,4580000000
22373,2503057250000000,4580000000
22374,2503682250000000,4580000000
22375,2504307250000000,4580000000
22376,2504932250000000,4580000000
22377,2505557250000000,4580000000
22378,2506182250000000,4580000000
22379,2506807250000000,4580000000
22380,2507432250000000,4580000000
22381,2508057250000000,4580000000
22382,2508682250000000,4580000000
22383,2509307250000000,4580000000
22384,2509932250000000,4580000000
22385,2510557250000000,4580000000
22386,2511182250000000,4580000000
22387,2511807250000000,4580000000
22388,2512432250000000,4580000000
22389,2513057250000000,4580000000
22390,2513682250000000,4580000000
22391,2514307250000000,4580000000
22392,2514932250000000,4580000000
22393,2515557250000000,4580000000
22394,2516182250000000,4580000000
22395,2516807250000000,4580000000
22396,2517432250000000,4580000000
22397,2518057250000000,4580000000
22398,2518682250000000,4580000000
22399,2519307250000000,4580000000
22400,2519932250000000,4580000000
22401,2520557250000000,4580000000
22402,2521182250000000,4580000000
22403,2521807250000000,4580000000
22404,2522432250000000,4580000000
22405,2523057250000000,4580000000
22406,2523682250000000,4580000000
22407,2524307250000000,4580000000
22408,2524932250000000,4580000000
22409,2525557250000000,4580000000
22410,2526182250000000,4580000000
22411,2526807250000000,4580000000
22412,2527432250000000,4580000000
22413,2528057250000000,4590000000
22414,2528682250000000,4590000000
22415,2529307250000000,4590000000
22416,2529932250000000,4590000000
22417,2530557250000000,4590000000
22418,2531182250000000,4590000000
22419,2531807250000000,4590000000
22420,2532432250000000,4590000000
22421,2533057250000000,4590000000
22422,2533682250000000,4590000000
22423,2534307250000000,4590000000
22424,2534932250000000,4590000000
22425,2535557250000000,4590000000
22426,2536182250000000,4590000000
22427,2536807250000000,4590000000
22428,2537432250000000,4590000000
22429,2538057250000000,4590000000
22430,2538682250000000,4590000000
22431,2539307250000000,4590000000
22432,2539932250000000,4590000000
22433,2540557250000000,4590000000
22434,2541182250000000,4590000000
22435,2541807250000000,4590000000
22436,2542432250000000,4590000000
22437,2543057250000000,4590000000
22438,2543682250000000,4590000000
22439,2544307250000000,4590000000
22440,2544932250000000,4590000000
22441,2545557250000000,4590000000
22442,2546182250000000,4590000000
22443,2546807250000000,4590000000
22444,2547432250000000,4590000000
22445,2548057250000000,4590000000
22446,2548682250000000,4590000000
22447,2549307250000000,4590000000
22448,2549932250000000,4590000000
22449,2550557250000000,4590000000
22450,2551182250000000,4590000000
22451,2551807250000000,4590000000
22452,2552432250000000,4590000000
22453,2553057250000000,4590000000
22454,2553682250000000,4590000000
22455,2554307250000000,4590000000
22456,2554932250000000,4590000000
22457,2555557250000000,4590000000
22458,2556182250000000,4590000000
22459,2556807250000000,4590000000
22460,2557432250000000,4590000000
22461,2558057250000000,4600000000
22462,2558682250000000,4600000000
22463,2559307250000000,4600000000
22464,2559932250000000,4600000000
22465,2560557250000000,4600000000
22466,2561182250000000,4600000000
22467,2561807250000000,4600000000
22468,2562432250000000,4600000000
22469,2563057250000000,4600000000
22470,2563682250000000,4600000000
22471,2564307250000000,4600000000
22472,2564932250000000,4600000000
22473,2565557250000000,4600000000
22474,2566182250000000,4600000000
22475,2566807250000000,4600000000
22476,2567432250000000,4600000000
22477,2568057250000000,4600000000
22478,2568682250000000,4600000000
22479,2569307250000000,4600000000
22480,2569932250000000,4600000000
22481,2570557250000000,4600000000
22482,2571182250000000,4600000000
22483,2571807250000000,4600000000
22484,2572432250000000,4600000000
22485,2573057250000000,4600000000
22486,2573682250000000,4600000000
22487,2574307250000000,4600000000
22488,2574932250000000,4600000000
22489,2575557250000000,4600000000
22490,2576182250000000,4600000000
22491,2576807250000000,4600000000
22492,2577432250000000,4600000000
22493,2578057250000000,4600000000
22494,2578682250000000,4600000000
22495,2579307250000000,4600000000
22496,2579932250000000,4600000000
22497,2580557250000000,4600000000
22498,2581182250000000,4600000000
22499,2581807250000000,4600000000
22500,2582432250000000,4600000000
22501,2583057250000000,4600000000
22502,2583682250000000,4600000000
22503,2584307250000000,4600000000
22504,2584932250000000,4600000000
22505,2585557250000000,4600000000
22506,2586182250000000,4600000000
22507,2586807250000000,4600000000
22508,2587432250000000,4600000000
22509,2588057250000000,4600000000
22510,2588682250000000,4610000000
22511,2589307250000000,4610000000
22512,2589932250000000,4610000000
22513,2590557250000000,4610000000
22514,2591182250000000,4610000000
22515,2591807250000000,4610000000
22516,2592432250000000,4610000000
22517,2593057250000000,4610000000
22518,2593682250000000,4610000000
22519,2594307250000000,4610000000
22520,2594932250000000,4610000000
22521,2595557250000000,4610000000
22522,2596182250000000,4610000000
22523,2596807250000000,4610000000
22524,2597432250000000,4610000000
22525,2598057250000000,4610000000
22526,2598682250000000,4610000000
22527,2599307250000000,4610000000
22528,2599932250000000,4610000000
22529,2600557250000000,4610000000
22530,2601182250000000,4610000000
22531,2601807250000000,4610000000
22532,2602432250000000,4610000000
22533,2603057250000000,4610000000
22534,2603682250000000,4610000000
22535,2604307250000000,4610000000
22536,2604932250000000,4610000000
22537,2605557250000000,4610000000
22538,2606182250000000,4610000000
22539,2606807250000000,4610000000
22540,2607432250000000,4610000000
22541,2608057250000000,4610000000
22542,2608682250000000,4610000000
22543,2609307250000000,4610000000
22544,2609932250000000,4610000000
22545,2610557250000000,4610000000
22546,2611182250000000,4610000000
22547,2611807250000000,4610000000
22548,2612432250000000,4610000000
22549,2613057250000000,4610000000
22550,2613682250000000,4610000000
22551,2614307250000000,4610000000
22552,2614932250000000,4610000000
22553,2615557250000000,4610000000
22554,2616182250000000,4610000000
22555,2616807250000000,4610000000
22556,2617432250000000,4610000000
22557,2618057250000000,4610000000
22558,2618682250000000,4610000000
22559,2619307250000000,4620000000
22560,2619932250000000,4620000000
22561,2620557250000000,4620000000
22562,2621182250000000,4620000000
22563,2621807250000000,4620000000
22564,2622432250000000,4620000000
22565,2623057250000000,4620000000
22566,2623682250000000,4620000000
22567,2624307250000000,4620000000
22568,2624932250000000,4620000000
22569,2625557250000000,4620000000
22570,2626182250000000,4620000000
22571,2626807250000000,4620000000
22572,2627432250000000,4620000000
22573,2628057250000000,4620000000
22574,2628682250000000,4620000000
22575,2629307250000000,4620000000
22576,2629932250000000,4620000000
22577,2630557250000000,4620000000
22578,2631182250000000,4620000000
22579,2631807250000000,4620000000
22580,2632432250000000,4620000000
22581,2633057250000000,4620000000
22582,2633682250000000,4620000000
22583,2634307250000000,4620000000
22584,2634932250000000,4620000000
22585,2635557250000000,4620000000
22586,2636182250000000,4620000000
22587,2636807250000000,4620000000
22588,2637432250000000,4620000000
22589,2638057250000000,4620000000
22590,2638682250000000,4620000000
22591,2639307250000000,4620000000
22592,2639932250000000,4620000000
22593,2640557250000000,4620000000
22594,2641182250000000,4620000000
22595,2641807250000000,4620000000
22596,2642432250000000,4620000000
22597,2643057250000000,4620000000
22598,2643682250000000,4620000000
22599,2644307250000000,4620000000
22600,2644932250000000,4620000000
22601,2645557250000000,4620000000
22602,2646182250000000,4620000000
22603,2646807250000000,4620000000
22604,2647432250000000,4620000000
22605,2648057250000000,4620000000
22606,2648682250000000,4620000000
22607,2649307250000000,4620000000
22608,2649932250000000,4630000000
22609,2650557250000000,4630000000
22610,2651182250000000,4630000000
22611,2651807250000000,4630000000
22612,2652432250000000,4630000000
22613,2653057250000000,4630000000
22614,2653682250000000,4630000000
22615,2654307250000000,4630000000
22616,2654932250000000,4630000000
22617,2655557250000000,4630000000
22618,2656182250000000,4630000000
22619,2656807250000000,4630000000
22620,2657432250000000,4630000000
22621,2658057250000000,4630000000
22622,2658682250000000,4630000000
22623,2659307250000000,4630000000
22624,2659932250000000,4630000000
22625,2660557250000000,4630000000
22626,2661182250000000,4630000000
22627,2661807250000000,4630000000
22628,2662432250000000,4630000000
22629,2663057250000000,4630000000
22630,2663682250000000,4630000000
22631,2664307250000000,4630000000
22632,2664932250000000,4630000000
22633,2665557250000000,4630000000
22634,2666182250000000,4630000000
22635,2666807250000000,4630000000
22636,2667432250000000,4630000000
22637,2668057250000000,4630000000
22638,2668682250000000,4630000000
22639,2669307250000000,4630000000
22640,2669932250000000,4630000000
22641,2670557250000000,4630000000
22642,2671182250000000,4630000000
22643,2671807250000000,4630000000
22644,2672432250000000,4630000000
22645,2673057250000000,4630000000
22646,2673682250000000,4630000000
22647,2674307250000000,4630000000
22648,2674932250000000,4630000000
22649,2675557250000000,4630000000
22650,2676182250000000,4630000000
22651,2676807250000000,4630000000
22652,2677432250000000,4630000000
22653,2678057250000000,4630000000
22654,2678682250000000,4630000000
22655,2679307250000000,4630000000
22656,2679932250000000,4630000000
22657,2680557250000000,4640000000
22658,2681182250000000,4640000000
22659,2681807250000000,4640000000
22660,2682432250000000,4640000000
22661,2683057250000000,4640000000
22662,2683682250000000,4640000000
22663,2684307250000000,4640000000
22664,2684932250000000,4640000000
22665,2685557250000000,4640000000
22666,2686182250000000,4640000000
22667,2686807250000000,4640000000
22668,2687432250000000,4640000000
22669,2688057250000000,4640000000
22670,2688682250000000,4640000000
22671,2689307250000000,4640000000
22672,2689932250000000,4640000000
22673,2690557250000000,4640000000
22674,2691182250000000,4640000000
22675,2691807250000000,4640000000
22676,2692432250000000,4640000000
22677,2693057250000000,4640000000
22678,2693682250000000,4640000000
22679,2694307250000000,4640000000
22680,2694932250000000,4640000000
22681,2695557250000000,4640000000
22682,2696182250000000,4640000000
22683,2696807250000000,4640000000
22684,2697432250000000,4640000000
22685,2698057250000000,4640000000
22686,2698682250000000,4640000000
22687,2699307250000000,4640000000
22688,2699932250000000,4640000000
22689,2700557250000000,4640000000
22690,2701182250000000,4640000000
22691,2701807250000000,4640000000
22692,2702432250000000,4640000000
22693,2703057250000000,4640000000
22694,2703682250000000,4640000000
22695,2704307250000000,4640000000
22696,2704932250000000,4640000000
22697,2705557250000000,4640000000
22698,2706182250000000,4640000000
22699,2706807250000000,4640000000
22700,2707432250000000,4640000000
22701,2708057250000000,4640000000
22702,2708682250000000,4640000000
22703,2709307250000000,4640000000
22704,2709932250000000,4640000000
22705,2710557250000000,4640000000
22706,2711182250000000,4650000000
22707,2711807250000000,4650000000
22708,2712432250000000,4650000000
22709,2713057250000000,4650000000
22710,2713682250000000,4650000000
22711,2714307250000000,4650000000
22712,2714932250000000,4650000000
22713,2715557250000000,4650000000
22714,2716182250000000,4650000000
22715,2716807250000000,4650000000
22716,2717432250000000,4650000000
22717,2718057250000000,4650000000
22718,2718682250000000,4650000000
22719,2719307250000000,4650000000
22720,2719932250000000,4650000000
22721,2720557250000000,4650000000
22722,2721182250000000,4650000000
22723,2721807250000000,4650000000
22724,2722432250000000,4650000000
22725,2723057250000000,4650000000
22726,2723682250000000,4650000000
22727,2724307250000000,4650000000
22728,2724932250000000,4650000000
22729,2725557250000000,4650000000
22730,2726182250000000,4650000000
22731,2726807250000000,4650000000
22732,2727432250000000,4650000000
22733,2728057250000000,4650000000
22734,2728682250000000,4650000000
22735,2729307250000000,4650000000
22736,2729932250000000,4650000000
22737,2730557250000000,4650000000
22738,2731182250000000,4650000000
22739,2731807250000000,4650000000
22740,2732432250000000,4650000000
22741,2733057250000000,4650000000
22742,2733682250000000,4650000000
22743,2734307250000000,4650000000
22744,2734932250000000,4650000000
22745,2735557250000000,4650000000
22746,2736182250000000,4650000000
22747,2736807250000000,4650000000
22748,2737432250000000,4650000000
22749,2738057250000000,4650000000
22750,2738682250000000,4650000000
22751,2739307250000000,4650000000
22752,2739932250000000,4650000000
22753,2740557250000000,4650000000
22754,2741182250000000,4660000000
22755,2741807250000000,4660000000
22756,2742432250000000,4660000000
22757,2743057250000000,4660000000
22758,2743682250000000,4660000000
22759,2744307250000000,4660000000
22760,2744932250000000,4660000000
22761,2745557250000000,4660000000
22762,2746182250000000,4660000000
22763,2746807250000000,4660000000
22764,2747432250000000,4660000000
22765,2748057250000000,4660000000
22766,2748682250000000,4660000000
22767,2749307250000000,4660000000
22768,2749932250000000,4660000000
22769,2750557250000000,4660000000
22770,2751182250000000,4660000000
22771,2751807250000000,4660000000
22772,2752432250000000,4660000000
22773,2753057250000000,4660000000
22774,2753682250000000,4660000000
22775,2754307250000000,4660000000
22776,2754932250000000,4660000000
22777,2755557250000000,4660000000
22778,2756182250000000,4660000000
22779,2756807250000000,4660000000
22780,2757432250000000,4660000000
22781,2758057250000000,4660000000
22782,2758682250000000,4660000000
22783,2759307250000000,4660000000
22784,2759932250000000,4660000000
22785,2760557250000000,4660000000
22786,2761182250000000,4660000000
22787,2761807250000000,4660000000
22788,2762432250000000,4660000000
22789,2763057250000000,4660000000
22790,2763682250000000,4660000000
22791,2764307250000000,4660000000
22792,2764932250000000,4660000000
22793,2765557250000000,4660000000
22794,2766182250000000,4660000000
22795,2766807250000000,4660000000
22796,2767432250000000,4660000000
22797,2768057250000000,4660000000
22798,2768682250000000,4660000000
22799,2769307250000000,4660000000
22800,2769932250000000,4660000000
22801,2770557250000000,4660000000
22802,2771182250000000,4660000000
22803,2771807250000000,4670000000
22804,2772432250000000,4670000000
22805,2773057250000000,4670000000
22806,2773682250000000,4670000000
22807,2774307250000000,4670000000
22808,2774932250000000,4670000000
22809,2775557250000000,4670000000
22810,2776182250000000,4670000000
22811,2776807250000000,4670000000
22812,2777432250000000,4670000000
22813,2778057250000000,4670000000
22814,2778682250000000,4670000000
22815,2779307250000000,4670000000
22816,2779932250000000,4670000000
22817,2780557250000000,4670000000
22818,2781182250000000,4670000000
22819,2781807250000000,4670000000
22820,2782432250000000,4670000000
22821,2783057250000000,4670000000
22822,2783682250000000,4670000000
22823,2784307250000000,4670000000
22824,2784932250000000,4670000000
22825,2785557250000000,4670000000
22826,2786182250000000,4670000000
22827,2786807250000000,4670000000
22828,2787432250000000,4670000000
22829,2788057250000000,4670000000
22830,2788682250000000,4670000000
22831,2789307250000000,4670000000
22832,2789932250000000,4670000000
22833,2790557250000000,4670000000
22834,2791182250000000,4670000000
22835,2791807250000000,4670000000
22836,2792432250000000,4670000000
22837,2793057250000000,4670000000
22838,2793682250000000,4670000000
22839,2794307250000000,4670000000
22840,2794932250000000,4670000000
22841,2795557250000000,4670000000
22842,2796182250000000,4670000000
22843,2796807250000000,4670000000
22844,2797432250000000,4670000000
22845,2798057250000000,4670000000
22846,2798682250000000,4670000000
22847,2799307250000000,4670000000
22848,2799932250000000,4670000000
22849,2800557250000000,4670000000
22850,2801182250000000,4670000000
22851,2801807250000000,4670000000
22852,2802432250000000,4680000000
22853,2803057250000000,4680000000
22854,2803682250000000,4680000000
22855,2804307250000000,4680000000
22856,2804932250000000,4680000000
22857,2805557250000000,4680000000
22858,2806182250000000,4680000000
22859,2806807250000000,4680000000
22860,2807432250000000,4680000000
22861,2808057250000000,4680000000
22862,2808682250000000,4680000000
22863,2809307250000000,4680000000
22864,2809932250000000,4680000000
22865,2810557250000000,4680000000
22866,2811182250000000,4680000000
22867,2811807250000000,4680000000
22868,2812432250000000,4680000000
22869,2813057250000000,4680000000
22870,2813682250000000,4680000000
22871,2814307250000000,4680000000
22872,2814932250000000,4680000000
22873,2815557250000000,4680000000
22874,2816182250000000,4680000000
22875,2816807250000000,4680000000
22876,2817432250000000,4680000000
22877,2818057250000000,4680000000
22878,2818682250000000,4680000000
22879,2819307250000000,4680000000
22880,2819932250000000,4680000000
22881,2820557250000000,4680000000
22882,2821182250000000,4680000000
22883,2821807250000000,4680000000
22884,2822432250000000,4680000000
22885,2823057250000000,4680000000
22886,2823682250000000,4680000000
22887,2824307250000000,4680000000
22888,2824932250000000,4680000000
22889,2825557250000000,4680000000
22890,2826182250000000,4680000000
22891,2826807250000000,4680000000
22892,2827432250000000,4680000000
22893,2828057250000000,4680000000
22894,2828682250000000,4680000000
22895,2829307250000000,4680000000
22896,2829932250000000,4680000000
22897,2830557250000000,4680000000
22898,2831182250000000,4680000000
22899,2831807250000000,4680000000
22900,2832432250000000,4680000000
22901,2833057250000000,4690000000
22902,2833682250000000,4690000000
22903,2834307250000000,4690000000
22904,2834932250000000,4690000000
22905,2835557250000000,4690000000
22906,2836182250000000,4690000000
22907,2836807250000000,4690000000
22908,2837432250000000,4690000000
22909,2838057250000000,4690000000
22910,2838682250000000,4690000000
22911,2839307250000000,4690000000
22912,2839932250000000,4690000000
22913,2840557250000000,4690000000
22914,2841182250000000,4690000000
22915,2841807250000000,4690000000
22916,2842432250000000,4690000000
22917,2843057250000000,4690000000
22918,2843682250000000,4690000000
22919,2844307250000000,4690000000
22920,2844932250000000,4690000000
22921,2845557250000000,4690000000
22922,2846182250000000,4690000000
22923,2846807250000000,4690000000
22924,2847432250000000,4690000000
22925,2848057250000000,4690000000
22926,2848682250000000,4690000000
22927,2849307250000000,4690000000
22928,2849932250000000,4690000000
22929,2850557250000000,4690000000
22930,2851182250000000,4690000000
22931,2851807250000000,4690000000
22932,2852432250000000,4690000000
22933,2853057250000000,4690000000
22934,2853682250000000,4690000000
22935,2854307250000000,4690000000
22936,2854932250000000,4690000000
22937,2855557250000000,4690000000
22938,2856182250000000,4690000000
22939,2856807250000000,4690000000
22940,2857432250000000,4690000000
22941,2858057250000000,4690000000
22942,2858682250000000,4690000000
22943,2859307250000000,4690000000
22944,2859932250000000,4690000000
22945,2860557250000000,4690000000
22946,2861182250000000,4690000000
22947,2861807250000000,4690000000
22948,2862432250000000,4690000000
22949,2863057250000000,4690000000
22950,2863682250000000,4700000000
22951,2864307250000000,4700000000
22952,2864932250000000,4700000000
22953,2865557250000000,4700000000
22954,2866182250000000,4700000000
22955,2866807250000000,4700000000
22956,2867432250000000,4700000000
22957,2868057250000000,4700000000
22958,2868682250000000,4700000000
22959,2869307250000000,4700000000
22960,2869932250000000,4700000000
22961,2870557250000000,4700000000
22962,2871182250000000,4700000000
22963,2871807250000000,4700000000
22964,2872432250000000,4700000000
22965,2873057250000000,4700000000
22966,2873682250000000,4700000000
22967,2874307250000000,4700000000
22968,2874932250000000,4700000000
22969,2875557250000000,4700000000
22970,2876182250000000,4700000000
22971,2876807250000000,4700000000
22972,2877432250000000,4700000000
22973,2878057250000000,4700000000
22974,2878682250000000,4700000000
22975,2879307250000000,4700000000
22976,2879932250000000,4700000000
22977,2880557250000000,4700000000
22978,2881182250000000,4700000000
22979,2881807250000000,4700000000
22980,2882432250000000,4700000000
22981,2883057250000000,4700000000
22982,2883682250000000,4700000000
22983,2884307250000000,4700000000
22984,2884932250000000,4700000000
22985,2885557250000000,4700000000
22986,2886182250000000,4700000000
22987,2886807250000000,4700000000
22988,2887432250000000,4700000000
22989,2888057250000000,4700000000
22990,2888682250000000,4700000000
22991,2889307250000000,4700000000
22992,2889932250000000,4700000000
22993,2890557250000000,4700000000
22994,2891182250000000,4700000000
22995,2891807250000000,4700000000
22996,2892432250000000,4700000000
22997,2893057250000000,4700000000
22998,2893682250000000,4700000000
22999,2894307250000000,4710000000
23000,2894932250000000,4710000000
23001,2895557250000000,4710000000
23002,2896182250000000,4710000000
23003,2896807250000000,4710000000
23004,2897432250000000,4710000000
23005,2898057250000000,4710000000
23006,2898682250000000,4710000000
23007,2899307250000000,4710000000
23008,2899932250000000,4710000000
23009,2900557250000000,4710000000
23010,2901182250000000,4710000000
23011,2901807250000000,4710000000
23012,2902432250000000,4710000000
23013,2903057250000000,4710000000
23014,2903682250000000,4710000000
23015,2904307250000000,4710000000
23016,2904932250000000,4710000000
23017,2905557250000000,4710000000
23018,2906182250000000,4710000000
23019,2906807250000000,4710000000
23020,2907432250000000,4710000000
23021,2908057250000000,4710000000
23022,2908682250000000,4710000000
23023,2909307250000000,4710000000
23024,2909932250000000,4710000000
23025,2910557250000000,4710000000
23026,2911182250000000,4710000000
23027,2911807250000000,4710000000
23028,2912432250000000,4710000000
23029,2913057250000000,4710000000
23030,2913682250000000,4710000000
23031,2914307250000000,4710000000
23032,2914932250000000,4710000000
23033,2915557250000000,4710000000
23034,2916182250000000,4710000000
23035,2916807250000000,4710000000
23036,2917432250000000,4710000000
23037,2918057250000000,4710000000
23038,2918682250000000,4710000000
23039,2919307250000000,4710000000
23040,2919932250000000,4710000000
23041,2920557250000000,4710000000
23042,2921182250000000,4710000000
23043,2921807250000000,4710000000
23044,2922432250000000,4710000000
23045,2923057250000000,4710000000
23046,2923682250000000,4710000000
23047,2924307250000000,4720000000
23048,2924932250000000,4720000000
23049,2925557250000000,4720000000
23050,2926182250000000,4720000000
23051,2926807250000000,4720000000
23052,2927432250000000,4720000000
23053,2928057250000000,4720000000
23054,2928682250000000,4720000000
23055,2929307250000000,4720000000
23056,2929932250000000,4720000000
23057,2930557250000000,4720000000
23058,2931182250000000,4720000000
23059,2931807250000000,4720000000
23060,2932432250000000,4720000000
23061,2933057250000000,4720000000
23062,2933682250000000,4720000000
23063,2934307250000000,4720000000
23064,2934932250000000,4720000000
23065,2935557250000000,4720000000
23066,2936182250000000,4720000000
23067,2936807250000000,4720000000
23068,2937432250000000,4720000000
23069,2938057250000000,4720000000
23070,2938682250000000,4720000000
23071,2939307250000000,4720000000
23072,2939932250000000,4720000000
23073,2940557250000000,4720000000
23074,2941182250000000,4720000000
23075,2941807250000000,4720000000
23076,2942432250000000,4720000000
23077,2943057250000000,4720000000
23078,2943682250000000,4720000000
23079,2944307250000000,4720000000
23080,2944932250000000,4720000000
23081,2945557250000000,4720000000
23082,2946182250000000,4720000000
23083,2946807250000000,4720000000
23084,2947432250000000,4720000000
23085,2948057250000000,4720000000
23086,2948682250000000,4720000000
23087,2949307250000000,4720000000
23088,2949932250000000,4720000000
23089,2950557250000000,4720000000
23090,2951182250000000,4720000000
23091,2951807250000000,4720000000
23092,2952432250000000,4720000000
23093,2953057250000000,4720000000
23094,2953682250000000,4720000000
23095,2954307250000000,4720000000
23096,2954932250000000,4730000000
23097,2955557250000000,4730000000
23098,2956182250000000,4730000000
23099,2956807250000000,4730000000
23100,2957432250000000,4730000000
23101,2958057250000000,4730000000
23102,2958682250000000,4730000000
23103,2959307250000000,4730000000
23104,2959932250000000,4730000000
23105,2960557250000000,4730000000
23106,2961182250000000,4730000000
23107,2961807250000000,4730000000
23108,2962432250000000,4730000000
23109,2963057250000000,4730000000
23110,2963682250000000,4730000000
23111,2964307250000000,4730000000
23112,2964932250000000,4730000000
23113,2965557250000000,4730000000
23114,2966182250000000,4730000000
23115,2966807250000000,4730000000
23116,2967432250000000,4730000000
23117,2968057250000000,4730000000
23118,2968682250000000,4730000000
23119,2969307250000000,4730000000
23120,2969932250000000,4730000000
23121,2970557250000000,4730000000
23122,2971182250000000,4730000000
23123,2971807250000000,4730000000
23124,2972432250000000,4730000000
23125,2973057250000000,4730000000
23126,2973682250000000,4730000000
23127,2974307250000000,4730000000
23128,2974932250000000,4730000000
23129,2975557250000000,4730000000
23130,2976182250000000,4730000000
23131,2976807250000000,4730000000
23132,2977432250000000,4730000000
23133,2978057250000000,4730000000
23134,2978682250000000,4730000000
23135,2979307250000000,4730000000
23136,2979932250000000,4730000000
23137,2980557250000000,4730000000
23138,2981182250000000,4730000000
23139,2981807250000000,4730000000
23140,2982432250000000,4730000000
23141,2983057250000000,4730000000
23142,2983682250000000,4730000000
23143,2984307250000000,4730000000
23144,2984932250000000,4730000000
23145,2985557250000000,4740000000
23146,2986182250000000,4740000000
23147,2986807250000000,4740000000
23148,2987432250000000,4740000000
23149,2988057250000000,4740000000
23150,2988682250000000,4740000000
23151,2989307250000000,4740000000
23152,2989932250000000,4740000000
23153,2990557250000000,4740000000
23154,2991182250000000,4740000000
23155,2991807250000000,4740000000
23156,2992432250000000,4740000000
23157,2993057250000000,4740000000
23158,2993682250000000,4740000000
23159,2994307250000000,4740000000
23160,2994932250000000,4740000000
23161,2995557250000000,4740000000
23162,2996182250000000,4740000000
23163,2996807250000000,4740000000
23164,2997432250000000,4740000000
23165,2998057250000000,4740000000
23166,2998682250000000,4740000000
23167,2999307250000000,4740000000
23168,2999932250000000,4740000000
23169,3000557250000000,4740000000
23170,3001182250000000,4740000000
23171,3001807250000000,4740000000
23172,3002432250000000,4740000000
23173,3003057250000000,4740000000
23174,3003682250000000,4740000000
23175,3004307250000000,4740000000
23176,3004932250000000,4740000000
23177,3005557250000000,4740000000
23178,3006182250000000,4740000000
23179,3006807250000000,4740000000
23180,3007432250000000,4740000000
23181,3008057250000000,4740000000
23182,3008682250000000,4740000000
23183,3009307250000000,4740000000
23184,3009932250000000,4740000000
23185,3010557250000000,4740000000
23186,3011182250000000,4740000000
23187,3011807250000000,4740000000
23188,3012432250000000,4740000000
23189,3013057250000000,4740000000
23190,3013682250000000,4740000000
23191,3014307250000000,4740000000
23192,3014932250000000,4740000000
23193,3015557250000000,4740000000
23194,3016182250000000,4750000000
23195,3016807250000000,4750000000
23196,3017432250000000,4750000000
23197,3018057250000000,4750000000
23198,3018682250000000,4750000000
23199,3019307250000000,4750000000
23200,3019932250000000,4750000000
23201,3020557250000000,4750000000
23202,3021182250000000,4750000000
23203,3021807250000000,4750000000
23204,3022432250000000,4750000000
23205,3023057250000000,4750000000
23206,3023682250000000,4750000000
23207,3024307250000000,4750000000
23208,3024932250000000,4750000000
23209,3025557250000000,4750000000
23210,3026182250000000,4750000000
23211,3026807250000000,4750000000
23212,3027432250000000,4750000000
23213,3028057250000000,4750000000
23214,3028682250000000,4750000000
23215,3029307250000000,4750000000
23216,3029932250000000,4750000000
23217,3030557250000000,4750000000
23218,3031182250000000,4750000000
23219,3031807250000000,4750000000
23220,3032432250000000,4750000000
23221,3033057250000000,4750000000
23222,3033682250000000,4750000000
23223,3034307250000000,4750000000
23224,3034932250000000,4750000000
23225,3035557250000000,4750000000
23226,3036182250000000,4750000000
23227,3036807250000000,4750000000
23228,3037432250000000,4750000000
23229,3038057250000000,4750000000
23230,3038682250000000,4750000000
23231,3039307250000000,4750000000
23232,3039932250000000,4750000000
23233,3040557250000000,4750000000
23234,3041182250000000,4750000000
23235,3041807250000000,4750000000
23236,3042432250000000,4750000000
23237,3043057250000000,4750000000
23238,3043682250000000,4750000000
23239,3044307250000000,4750000000
23240,3044932250000000,4750000000
23241,3045557250000000,4750000000
23242,3046182250000000,4750000000
23243,3046807250000000,4760000000
23244,3047432250000000,4760000000
23245,3048057250000000,4760000000
23246,3048682250000000,4760000000
23247,3049307250000000,4760000000
23248,3049932250000000,4760000000
23249,3050557250000000,4760000000
23250,3051182250000000,4760000000
23251,3051807250000000,4760000000
23252,3052432250000000,4760000000
23253,3053057250000000,4760000000
23254,3053682250000000,4760000000
23255,3054307250000000,4760000000
23256,3054932250000000,4760000000
23257,3055557250000000,4760000000
23258,3056182250000000,4760000000
23259,3056807250000000,4760000000
23260,3057432250000000,4760000000
23261,3058057250000000,4760000000
23262,3058682250000000,4760000000
23263,3059307250000000,4760000000
23264,3059932250000000,4760000000
23265,3060557250000000,4760000000
23266,3061182250000000,4760000000
23267,3061807250000000,4760000000
23268,3062432250000000,4760000000
23269,3063057250000000,4760000000
23270,3063682250000000,4760000000
23271,3064307250000000,4760000000
23272,3064932250000000,4760000000
23273,3065557250000000,4760000000
23274,3066182250000000,4760000000
23275,3066807250000000,4760000000
23276,3067432250000000,4760000000
23277,3068057250000000,4760000000
23278,3068682250000000,4760000000
23279,3069307250000000,4760000000
23280,3069932250000000,4760000000
23281,3070557250000000,4760000000
23282,3071182250000000,4760000000
23283,3071807250000000,4760000000
23284,3072432250000000,4760000000
23285,3073057250000000,4760000000
23286,3073682250000000,4760000000
23287,3074307250000000,4760000000
23288,3074932250000000,4760000000
23289,3075557250000000,4760000000
23290,3076182250000000,4760000000
23291,3076807250000000,4760000000
23292,3077432250000000,4770000000
23293,3078057250000000,4770000000
23294,3078682250000000,4770000000
23295,3079307250000000,4770000000
23296,3079932250000000,4770000000
23297,3080557250000000,4770000000
23298,3081182250000000,4770000000
23299,3081807250000000,4770000000
23300,3082432250000000,4770000000
23301,3083057250000000,4770000000
23302,3083682250000000,4770000000
23303,3084307250000000,4770000000
23304,3084932250000000,4770000000
23305,3085557250000000,4770000000
23306,3086182250000000,4770000000
23307,3086807250000000,4770000000
23308,3087432250000000,4770000000
23309,3088057250000000,4770000000
23310,3088682250000000,4770000000
23311,3089307250000000,4770000000
23312,3089932250000000,4770000000
23313,3090557250000000,4770000000
23314,3091182250000000,4770000000
23315,3091807250000000,4770000000
23316,3092432250000000,4770000000
23317,3093057250000000,4770000000
23318,3093682250000000,4770000000
23319,3094307250000000,4770000000
23320,3094932250000000,4770000000
23321,3095557250000000,4770000000
23322,3096182250000000,4770000000
23323,3096807250000000,4770000000
23324,3097432250000000,4770000000
23325,3098057250000000,4770000000
23326,3098682250000000,4770000000
23327,3099307250000000,4770000000
23328,3099932250000000,4770000000
23329,3100557250000000,4770000000
23330,3101182250000000,4770000000
23331,3101807250000000,4770000000
23332,3102432250000000,4770000000
23333,3103057250000000,4770000000
23334,3103682250000000,4770000000
23335,3104307250000000,4770000000
23336,3104932250000000,4770000000
23337,3105557250000000,4770000000
23338,3106182250000000,4770000000
23339,3106807250000000,4770000000
23340,3107432250000000,4780000000
23341,3108057250000000,4780000000
23342,3108682250000000,4780000000
23343,3109307250000000,4780000000
23344,3109932250000000,4780000000
23345,3110557250000000,4780000000
23346,3111182250000000,4780000000
23347,3111807250000000,4780000000
23348,3112432250000000,4780000000
23349,3113057250000000,4780000000
23350,3113682250000000,4780000000
23351,3114307250000000,4780000000
23352,3114932250000000,4780000000
23353,3115557250000000,4780000000
23354,3116182250000000,4780000000
23355,3116807250000000,4780000000
23356,3117432250000000,4780000000
23357,3118057250000000,4780000000
23358,3118682250000000,4780000000
23359,3119307250000000,4780000000
23360,3119932250000000,4780000000
23361,3120557250000000,4780000000
23362,3121182250000000,4780000000
23363,3121807250000000,4780000000
23364,3122432250000000,4780000000
23365,3123057250000000,4780000000
23366,3123682250000000,4780000000
23367,3124307250000000,4780000000
23368,3124932250000000,4780000000
23369,3125557250000000,4780000000
23370,3126182250000000,4780000000
23371,3126807250000000,4780000000
23372,3127432250000000,4780000000
23373,3128057250000000,4780000000
23374,3128682250000000,4780000000
23375,3129307250000000,4780000000
23376,3129932250000000,4780000000
23377,3130557250000000,4780000000
23378,3131182250000000,4780000000
23379,3131807250000000,4780000000
23380,3132432250000000,4780000000
23381,3133057250000000,4780000000
23382,3133682250000000,4780000000
23383,3134307250000000,4780000000
23384,3134932250000000,4780000000
23385,3135557250000000,4780000000
23386,3136182250000000,4780000000
23387,3136807250000000,4780000000
23388,3137432250000000,4780000000
23389,3138057250000000,4790000000
23390,3138682250000000,4790000000
23391,3139307250000000,4790000000
23392,3139932250000000,4790000000
23393,3140557250000000,4790000000
23394,3141182250000000,4790000000
23395,3141807250000000,4790000000
23396,3142432250000000,4790000000
23397,3143057250000000,4790000000
23398,3143682250000000,4790000000
23399,3144307250000000,4790000000
23400,3144932250000000,4790000000
23401,3145557250000000,4790000000
23402,3146182250000000,4790000000
23403,3146807250000000,4790000000
23404,3147432250000000,4790000000
23405,3148057250000000,4790000000
23406,3148682250000000,4790000000
23407,3149307250000000,4790000000
23408,3149932250000000,4790000000
23409,3150557250000000,4790000000
23410,3151182250000000,4790000000
23411,3151807250000000,4790000000
23412,3152432250000000,4790000000
23413,3153057250000000,4790000000
23414,3153682250000000,4790000000
23415,3154307250000000,4790000000
23416,3154932250000000,4790000000
23417,3155557250000000,4790000000
23418,3156182250000000,4790000000
23419,3156807250000000,4790000000
23420,3157432250000000,4790000000
23421,3158057250000000,4790000000
23422,3158682250000000,4790000000
23423,3159307250000000,4790000000
23424,3159932250000000,4790000000
23425,3160557250000000,4790000000
23426,3161182250000000,4790000000
23427,3161807250000000,4790000000
23428,3162432250000000,4790000000
23429,3163057250000000,4790000000
23430,3163682250000000,4790000000
23431,3164307250000000,4790000000
23432,3164932250000000,4790000000
23433,3165557250000000,4790000000
23434,3166182250000000,4790000000
23435,3166807250000000,4790000000
23436,3167432250000000,4790000000
23437,3168057250000000,4790000000
23438,3168682250000000,4800000000
23439,3169307250000000,4800000000
23440,3169932250000000,4800000000
23441,3170557250000000,4800000000
23442,3171182250000000,4800000000
23443,3171807250000000,4800000000
23444,3172432250000000,4800000000
23445,3173057250000000,4800000000
23446,3173682250000000,4800000000
23447,3174307250000000,4800000000
23448,3174932250000000,4800000000
23449,3175557250000000,4800000000
23450,3176182250000000,4800000000
23451,3176807250000000,4800000000
23452,3177432250000000,4800000000
23453,3178057250000000,4800000000
23454,3178682250000000,4800000000
23455,3179307250000000,4800000000
23456,3179932250000000,4800000000
23457,3180557250000000,4800000000
23458,3181182250000000,4800000000
23459,3181807250000000,4800000000
23460,3182432250000000,4800000000
23461,3183057250000000,4800000000
23462,3183682250000000,4800000000
23463,3184307250000000,4800000000
23464,3184932250000000,4800000000
23465,3185557250000000,4800000000
23466,3186182250000000,4800000000
23467,3186807250000000,4800000000
23468,3187432250000000,4800000000
23469,3188057250000000,4800000000
23470,3188682250000000,4800000000
23471,3189307250000000,4800000000
23472,3189932250000000,4800000000
23473,3190557250000000,4800000000
23474,3191182250000000,4800000000
23475,3191807250000000,4800000000
23476,3192432250000000,4800000000
23477,3193057250000000,4800000000
23478,3193682250000000,4800000000
23479,3194307250000000,4800000000
23480,3194932250000000,4800000000
23481,3195557250000000,4800000000
23482,3196182250000000,4800000000
23483,3196807250000000,4800000000
23484,3197432250000000,4800000000
23485,3198057250000000,4800000000
23486,3198682250000000,4800000000
23487,3199307250000000,4810000000
23488,3199932250000000,4810000000
23489,3200557250000000,4810000000
23490,3201182250000000,4810000000
23491,3201807250000000,4810000000
23492,3202432250000000,4810000000
23493,3203057250000000,4810000000
23494,3203682250000000,4810000000
23495,3204307250000000,4810000000
23496,3204932250000000,4810000000
23497,3205557250000000,4810000000
23498,3206182250000000,4810000000
23499,3206807250000000,4810000000
23500,3207432250000000,4810000000
23501,3208057250000000,4810000000
23502,3208682250000000,4810000000
23503,3209307250000000,4810000000
23504,3209932250000000,4810000000
23505,3210557250000000,4810000000
23506,3211182250000000,4810000000
23507,3211807250000000,4810000000
23508,3212432250000000,4810000000
23509,3213057250000000,4810000000
23510,3213682250000000,4810000000
23511,3214307250000000,4810000000
23512,3214932250000000,4810000000
23513,3215557250000000,4810000000
23514,3216182250000000,4810000000
23515,3216807250000000,4810000000
23516,3217432250000000,4810000000
23517,3218057250000000,4810000000
23518,3218682250000000,4810000000
23519,3219307250000000,4810000000
23520,3219932250000000,4810000000
23521,3220557250000000,4810000000
23522,3221182250000000,4810000000
23523,3221807250000000,4810000000
23524,3222432250000000,4810000000
23525,3223057250000000,4810000000
23526,3223682250000000,4810000000
23527,3224307250000000,4810000000
23528,3224932250000000,4810000000
23529,3225557250000000,4810000000
23530,3226182250000000,4810000000
23531,3226807250000000,4810000000
23532,3227432250000000,4810000000
23533,3228057250000000,4810000000
23534,3228682250000000,4810000000
23535,3229307250000000,4810000000
23536,3229932250000000,4820000000
23537,3230557250000000,4820000000
23538,3231182250000000,4820000000
23539,3231807250000000,4820000000
23540,3232432250000000,4820000000
23541,3233057250000000,4820000000
23542,3233682250000000,4820000000
23543,3234307250000000,4820000000
23544,3234932250000000,4820000000
23545,3235557250000000,4820000000
23546,3236182250000000,4820000000
23547,3236807250000000,4820000000
23548,3237432250000000,4820000000
23549,3238057250000000,4820000000
23550,3238682250000000,4820000000
23551,3239307250000000,4820000000
23552,3239932250000000,4820000000
23553,3240557250000000,4820000000
23554,3241182250000000,4820000000
23555,3241807250000000,4820000000
23556,3242432250000000,4820000000
23557,3243057250000000,4820000000
23558,3243682250000000,4820000000
23559,3244307250000000,4820000000
23560,3244932250000000,4820000000
23561,3245557250000000,4820000000
23562,3246182250000000,4820000000
23563,3246807250000000,4820000000
23564,3247432250000000,4820000000
23565,3248057250000000,4820000000
23566,3248682250000000,4820000000
23567,3249307250000000,4820000000
23568,3249932250000000,4820000000
23569,3250557250000000,4820000000
23570,3251182250000000,4820000000
23571,3251807250000000,4820000000
23572,3252432250000000,4820000000
23573,3253057250000000,4820000000
23574,3253682250000000,4820000000
23575,3254307250000000,4820000000
23576,3254932250000000,4820000000
23577,3255557250000000,4820000000
23578,3256182250000000,4820000000
23579,3256807250000000,4820000000
23580,3257432250000000,4820000000
23581,3258057250000000,4820000000
23582,3258682250000000,4820000000
23583,3259307250000000,4820000000
23584,3259932250000000,4830000000
23585,3260557250000000,4830000000
23586,3261182250000000,4830000000
23587,3261807250000000,4830000000
23588,3262432250000000,4830000000
23589,3263057250000000,4830000000
23590,3263682250000000,4830000000
23591,3264307250000000,4830000000
23592,3264932250000000,4830000000
23593,3265557250000000,4830000000
23594,3266182250000000,4830000000
23595,3266807250000000,4830000000
23596,3267432250000000,4830000000
23597,3268057250000000,4830000000
23598,3268682250000000,4830000000
23599,3269307250000000,4830000000
23600,3269932250000000,4830000000
23601,3270557250000000,4830000000
23602,3271182250000000,4830000000
23603,3271807250000000,4830000000
23604,3272432250000000,4830000000
23605,3273057250000000,4830000000
23606,3273682250000000,4830000000
23607,3274307250000000,4830000000
23608,3274932250000000,4830000000
23609,3275557250000000,4830000000
23610,3276182250000000,4830000000
23611,3276807250000000,4830000000
23612,3277432250000000,4830000000
23613,3278057250000000,4830000000
23614,3278682250000000,4830000000
23615,3279307250000000,4830000000
23616,3279932250000000,4830000000
23617,3280557250000000,4830000000
23618,3281182250000000,4830000000
23619,3281807250000000,4830000000
23620,3282432250000000,4830000000
23621,3283057250000000,4830000000
23622,3283682250000000,4830000000
23623,3284307250000000,4830000000
23624,3284932250000000,4830000000
23625,3285557250000000,4830000000
23626,3286182250000000,4830000000
23627,3286807250000000,4830000000
23628,3287432250000000,4830000000
23629,3288057250000000,4830000000
23630,3288682250000000,4830000000
23631,3289307250000000,4830000000
23632,3289932250000000,4830000000
23633,3290557250000000,4840000000
23634,3291182250000000,4840000000
23635,3291807250000000,4840000000
23636,3292432250000000,4840000000
23637,3293057250000000,4840000000
23638,3293682250000000,4840000000
23639,3294307250000000,4840000000
23640,3294932250000000,4840000000
23641,3295557250000000,4840000000
23642,3296182250000000,4840000000
23643,3296807250000000,4840000000
23644,3297432250000000,4840000000
23645,3298057250000000,4840000000
23646,3298682250000000,4840000000
23647,3299307250000000,4840000000
23648,3299932250000000,4840000000
23649,3300557250000000,4840000000
23650,3301182250000000,4840000000
23651,3301807250000000,4840000000
23652,3302432250000000,4840000000
23653,3303057250000000,4840000000
23654,3303682250000000,4840000000
23655,3304307250000000,4840000000
23656,3304932250000000,4840000000
23657,3305557250000000,4840000000
23658,3306182250000000,4840000000
23659,3306807250000000,4840000000
23660,3307432250000000,4840000000
23661,3308057250000000,4840000000
23662,3308682250000000,4840000000
23663,3309307250000000,4840000000
23664,3309932250000000,4840000000
23665,3310557250000000,4840000000
23666,3311182250000000,4840000000
23667,3311807250000000,4840000000
23668,3312432250000000,4840000000
23669,3313057250000000,4840000000
23670,3313682250000000,4840000000
23671,3314307250000000,4840000000
23672,3314932250000000,4840000000
23673,3315557250000000,4840000000
23674,3316182250000000,4840000000
23675,3316807250000000,4840000000
23676,3317432250000000,4840000000
23677,3318057250000000,4840000000
23678,3318682250000000,4840000000
23679,3319307250000000,4840000000
23680,3319932250000000,4840000000
23681,3320557250000000,4840000000
23682,3321182250000000,4850000000
23683,3321807250000000,4850000000
23684,3322432250000000,4850000000
23685,3323057250000000,4850000000
23686,3323682250000000,4850000000
23687,3324307250000000,4850000000
23688,3324932250000000,4850000000
23689,3325557250000000,4850000000
23690,3326182250000000,4850000000
23691,3326807250000000,4850000000
23692,3327432250000000,4850000000
23693,3328057250000000,4850000000
23694,3328682250000000,4850000000
23695,3329307250000000,4850000000
23696,3329932250000000,4850000000
23697,3330557250000000,4850000000
23698,3331182250000000,4850000000
23699,3331807250000000,4850000000
23700,3332432250000000,4850000000
23701,3333057250000000,4850000000
23702,3333682250000000,4850000000
23703,3334307250000000,4850000000
23704,3334932250000000,4850000000
23705,3335557250000000,4850000000
23706,3336182250000000,4850000000
23707,3336807250000000,4850000000
23708,3337432250000000,4850000000
23709,3338057250000000,4850000000
23710,3338682250000000,4850000000
23711,3339307250000000,4850000000
23712,3339932250000000,4850000000
23713,3340557250000000,4850000000
23714,3341182250000000,4850000000
23715,3341807250000000,4850000000
23716,3342432250000000,4850000000
23717,3343057250000000,4850000000
23718,3343682250000000,4850000000
23719,3344307250000000,4850000000
23720,3344932250000000,4850000000
23721,3345557250000000,4850000000
23722,3346182250000000,4850000000
23723,3346807250000000,4850000000
23724,3347432250000000,4850000000
23725,3348057250000000,4850000000
23726,3348682250000000,4850000000
23727,3349307250000000,4850000000
23728,3349932250000000,4850000000
23729,3350557250000000,4850000000
23730,3351182250000000,4850000000
23731,3351807250000000,4860000000
23732,3352432250000000,4860000000
23733,3353057250000000,4860000000
23734,3353682250000000,4860000000
23735,3354307250000000,4860000000
23736,3354932250000000,4860000000
23737,3355557250000000,4860000000
23738,3356182250000000,4860000000
23739,3356807250000000,4860000000
23740,3357432250000000,4860000000
23741,3358057250000000,4860000000
23742,3358682250000000,4860000000
23743,3359307250000000,4860000000
23744,3359932250000000,4860000000
23745,3360557250000000,4860000000
23746,3361182250000000,4860000000
23747,3361807250000000,4860000000
23748,3362432250000000,4860000000
23749,3363057250000000,4860000000
23750,3363682250000000,4860000000
23751,3364307250000000,4860000000
23752,3364932250000000,4860000000
23753,3365557250000000,4860000000
23754,3366182250000000,4860000000
23755,3366807250000000,4860000000
23756,3367432250000000,4860000000
23757,3368057250000000,4860000000
23758,3368682250000000,4860000000
23759,3369307250000000,4860000000
23760,3369932250000000,4860000000
23761,3370557250000000,4860000000
23762,3371182250000000,4860000000
23763,3371807250000000,4860000000
23764,3372432250000000,4860000000
23765,3373057250000000,4860000000
23766,3373682250000000,4860000000
23767,3374307250000000,4860000000
23768,3374932250000000,4860000000
23769,3375557250000000,4860000000
23770,3376182250000000,4860000000
23771,3376807250000000,4860000000
23772,3377432250000000,4860000000
23773,3378057250000000,4860000000
23774,3378682250000000,4860000000
23775,3379307250000000,4860000000
23776,3379932250000000,4860000000
23777,3380557250000000,4860000000
23778,3381182250000000,4860000000
23779,3381807250000000,4860000000
23780,3382432250000000,4870000000
23781,3383057250000000,4870000000
23782,3383682250000000,4870000000
23783,3384307250000000,4870000000
23784,3384932250000000,4870000000
23785,3385557250000000,4870000000
23786,3386182250000000,4870000000
23787,3386807250000000,4870000000
23788,3387432250000000,4870000000
23789,3388057250000000,4870000000
23790,3388682250000000,4870000000
23791,3389307250000000,4870000000
23792,3389932250000000,4870000000
23793,3390557250000000,4870000000
23794,3391182250000000,4870000000
23795,3391807250000000,4870000000
23796,3392432250000000,4870000000
23797,3393057250000000,4870000000
23798,3393682250000000,4870000000
23799,3394307250000000,4870000000
23800,3394932250000000,4870000000
23801,3395557250000000,4870000000
23802,3396182250000000,4870000000
23803,3396807250000000,4870000000
23804,3397432250000000,4870000000
23805,3398057250000000,4870000000
23806,3398682250000000,4870000000
23807,3399307250000000,4870000000
23808,3399932250000000,4870000000
23809,3400557250000000,4870000000
23810,3401182250000000,4870000000
23811,3401807250000000,4870000000
23812,3402432250000000,4870000000
23813,3403057250000000,4870000000
23814,3403682250000000,4870000000
23815,3404307250000000,4870000000
23816,3404932250000000,4870000000
23817,3405557250000000,4870000000
23818,3406182250000000,4870000000
23819,3406807250000000,4870000000
23820,3407432250000000,4870000000
23821,3408057250000000,4870000000
23822,3408682250000000,4870000000
23823,3409307250000000,4870000000
23824,3409932250000000,4870000000
23825,3410557250000000,4870000000
23826,3411182250000000,4870000000
23827,3411807250000000,4870000000
23828,3412432250000000,4870000000
23829,3413057250000000,4880000000
23830,3413682250000000,4880000000
23831,3414307250000000,4880000000
23832,3414932250000000,4880000000
23833,3415557250000000,4880000000
23834,3416182250000000,4880000000
23835,3416807250000000,4880000000
23836,3417432250000000,4880000000
23837,3418057250000000,4880000000
23838,3418682250000000,4880000000
23839,3419307250000000,4880000000
23840,3419932250000000,4880000000
23841,3420557250000000,4880000000
23842,3421182250000000,4880000000
23843,3421807250000000,4880000000
23844,3422432250000000,4880000000
23845,3423057250000000,4880000000
23846,3423682250000000,4880000000
23847,3424307250000000,4880000000
23848,3424932250000000,4880000000
23849,3425557250000000,4880000000
23850,3426182250000000,4880000000
23851,3426807250000000,4880000000
23852,3427432250000000,4880000000
23853,3428057250000000,4880000000
23854,3428682250000000,4880000000
23855,3429307250000000,4880000000
23856,3429932250000000,4880000000
23857,3430557250000000,4880000000
23858,3431182250000000,4880000000
23859,3431807250000000,4880000000
23860,3432432250000000,4880000000
23861,3433057250000000,4880000000
23862,3433682250000000,4880000000
23863,3434307250000000,4880000000
23864,3434932250000000,4880000000
23865,3435557250000000,4880000000
23866,3436182250000000,4880000000
23867,3436807250000000,4880000000
23868,3437432250000000,4880000000
23869,3438057250000000,4880000000
23870,3438682250000000,4880000000
23871,3439307250000000,4880000000
23872,3439932250000000,4880000000
23873,3440557250000000,4880000000
23874,3441182250000000,4880000000
23875,3441807250000000,4880000000
23876,3442432250000000,4880000000
23877,3443057250000000,4890000000
23878,3443682250000000,4890000000
23879,3444307250000000,4890000000
23880,3444932250000000,4890000000
23881,3445557250000000,4890000000
23882,3446182250000000,4890000000
23883,3446807250000000,4890000000
23884,3447432250000000,4890000000
23885,3448057250000000,4890000000
23886,3448682250000000,4890000000
23887,3449307250000000,4890000000
23888,3449932250000000,4890000000
23889,3450557250000000,4890000000
23890,3451182250000000,4890000000
23891,3451807250000000,4890000000
23892,3452432250000000,4890000000
23893,3453057250000000,4890000000
23894,3453682250000000,4890000000
23895,3454307250000000,4890000000
23896,3454932250000000,4890000000
23897,3455557250000000,4890000000
23898,3456182250000000,4890000000
23899,3456807250000000,4890000000
23900,3457432250000000,4890000000
23901,3458057250000000,4890000000
23902,3458682250000000,4890000000
23903,3459307250000000,4890000000
23904,3459932250000000,4890000000
23905,3460557250000000,4890000000
23906,3461182250000000,4890000000
23907,3461807250000000,4890000000
23908,3462432250000000,4890000000
23909,3463057250000000,4890000000
23910,3463682250000000,4890000000
23911,3464307250000000,4890000000
23912,3464932250000000,4890000000
23913,3465557250000000,4890000000
23914,3466182250000000,4890000000
23915,3466807250000000,4890000000
23916,3467432250000000,4890000000
23917,3468057250000000,4890000000
23918,3468682250000000,4890000000
23919,3469307250000000,4890000000
23920,3469932250000000,4890000000
23921,3470557250000000,4890000000
23922,3471182250000000,4890000000
23923,3471807250000000,4890000000
23924,3472432250000000,4890000000
23925,3473057250000000,4890000000
23926,3473682250000000,4900000000
23927,3474307250000000,4900000000
23928,3474932250000000,4900000000
23929,3475557250000000,4900000000
23930,3476182250000000,4900000000
23931,3476807250000000,4900000000
23932,3477432250000000,4900000000
23933,3478057250000000,4900000000
23934,3478682250000000,4900000000
23935,3479307250000000,4900000000
23936,3479932250000000,4900000000
23937,3480557250000000,4900000000
23938,3481182250000000,4900000000
23939,3481807250000000,4900000000
23940,3482432250000000,4900000000
23941,3483057250000000,4900000000
23942,3483682250000000,4900000000
23943,3484307250000000,4900000000
23944,3484932250000000,4900000000
23945,3485557250000000,4900000000
23946,3486182250000000,4900000000
23947,3486807250000000,4900000000
23948,3487432250000000,4900000000
23949,3488057250000000,4900000000
23950,3488682250000000,4900000000
23951,3489307250000000,4900000000
23952,3489932250000000,4900000000
23953,3490557250000000,4900000000
23954,3491182250000000,4900000000
23955,3491807250000000,4900000000
23956,3492432250000000,4900000000
23957,3493057250000000,4900000000
23958,3493682250000000,4900000000
23959,3494307250000000,4900000000
23960,3494932250000000,4900000000
23961,3495557250000000,4900000000
23962,3496182250000000,4900000000
23963,3496807250000000,4900000000
23964,3497432250000000,4900000000
23965,3498057250000000,4900000000
23966,3498682250000000,4900000000
23967,3499307250000000,4900000000
23968,3499932250000000,4900000000
23969,3500557250000000,4900000000
23970,3501182250000000,4900000000
23971,3501807250000000,4900000000
23972,3502432250000000,4900000000
23973,3503057250000000,4900000000
23974,3503682250000000,4900000000
23975,3504307250000000,4910000000
23976,3504932250000000,4910000000
23977,3505557250000000,4910000000
23978,3506182250000000,4910000000
23979,3506807250000000,4910000000
23980,3507432250000000,4910000000
23981,3508057250000000,4910000000
23982,3508682250000000,4910000000
23983,3509307250000000,4910000000
23984,3509932250000000,4910000000
23985,3510557250000000,4910000000
23986,3511182250000000,4910000000
23987,3511807250000000,4910000000
23988,3512432250000000,4910000000
23989,3513057250000000,4910000000
23990,3513682250000000,4910000000
23991,3514307250000000,4910000000
23992,3514932250000000,4910000000
23993,3515557250000000,4910000000
23994,3516182250000000,4910000000
23995,3516807250000000,4910000000
23996,3517432250000000,4910000000
23997,3518057250000000,4910000000
23998,3518682250000000,4910000000
23999,3519307250000000,4910000000
24000,3519932250000000,4910000000
24001,3524932250000000,4910000000
24002,3529932250000000,4910000000
24003,3534932250000000,4910000000
24004,3539932250000000,4910000000
24005,3544932250000000,4910000000
24006,3549932250000000,4910000000
24007,3554932250000000,4910000000
24008,3559932250000000,4910000000
24009,3564932250000000,4910000000
24010,3569932250000000,4910000000
24011,3574932250000000,4910000000
24012,3579932250000000,4910000000
24013,3584932250000000,4910000000
24014,3589932250000000,4910000000
24015,3594932250000000,4910000000
24016,3599932250000000,4910000000
24017,3604932250000000,4910000000
24018,3609932250000000,4910000000
24019,3614932250000000,4910000000
24020,3619932250000000,4910000000
24021,3624932250000000,4910000000
24022,3629932250000000,4910000000
24023,3634932250000000,4910000000
24024,3639932250000000,4920000000
24025,3644932250000000,4920000000
24026,3649932250000000,4920000000
24027,3654932250000000,4920000000
24028,3659932250000000,4920000000
24029,3664932250000000,4920000000
24030,3669932250000000,4920000000
24031,3674932250000000,4920000000
24032,3679932250000000,4920000000
24033,3684932250000000,4920000000
24034,3689932250000000,4920000000
24035,3694932250000000,4920000000
24036,3699932250000000,4920000000
24037,3704932250000000,4920000000
24038,3709932250000000,4920000000
24039,3714932250000000,4920000000
24040,3719932250000000,4920000000
24041,3724932250000000,4920000000
24042,3729932250000000,4920000000
24043,3734932250000000,4920000000
24044,3739932250000000,4920000000
24045,3744932250000000,4920000000
24046,3749932250000000,4920000000
24047,3754932250000000,4920000000
24048,3759932250000000,4920000000
24049,3764932250000000,4920000000
24050,3769932250000000,4920000000
24051,3774932250000000,4920000000
24052,3779932250000000,4920000000
24053,3784932250000000,4920000000
24054,3789932250000000,4920000000
24055,3794932250000000,4920000000
24056,3799932250000000,4920000000
24057,3804932250000000,4920000000
24058,3809932250000000,4920000000
24059,3814932250000000,4920000000
24060,3819932250000000,4920000000
24061,3824932250000000,4920000000
24062,3829932250000000,4920000000
24063,3834932250000000,4920000000
24064,3839932250000000,4920000000
24065,3844932250000000,4920000000
24066,3849932250000000,4920000000
24067,3854932250000000,4920000000
24068,3859932250000000,4920000000
24069,3864932250000000,4920000000
24070,3869932250000000,4920000000
24071,3874932250000000,4920000000
24072,3879932250000000,4920000000
24073,3884932250000000,4930000000
24074,3889932250000000,4930000000
24075,3894932250000000,4930000000
24076,3899932250000000,4930000000
24077,3904932250000000,4930000000
24078,3909932250000000,4930000000
24079,3914932250000000,4930000000
24080,3919932250000000,4930000000
24081,3924932250000000,4930000000
24082,3929932250000000,4930000000
24083,3934932250000000,4930000000
24084,3939932250000000,4930000000
24085,3944932250000000,4930000000
24086,3949932250000000,4930000000
24087,3954932250000000,4930000000
24088,3959932250000000,4930000000
24089,3964932250000000,4930000000
24090,3969932250000000,4930000000
24091,3974932250000000,4930000000
24092,3979932250000000,4930000000
24093,3984932250000000,4930000000
24094,3989932250000000,4930000000
24095,3994932250000000,4930000000
24096,3999932250000000,4930000000
24097,4004932250000000,4930000000
24098,4009932250000000,4930000000
24099,4014932250000000,4930000000
24100,4019932250000000,4930000000
24101,4024932250000000,4930000000
24102,4029932250000000,4930000000
24103,4034932250000000,4930000000
24104,4039932250000000,4930000000
24105,4044932250000000,4930000000
24106,4049932250000000,4930000000
24107,4054932250000000,4930000000
24108,4059932250000000,4930000000
24109,4064932250000000,4930000000
24110,4069932250000000,4930000000
24111,4074932250000000,4930000000
24112,4079932250000000,4930000000
24113,4084932250000000,4930000000
24114,4089932250000000,4930000000
24115,4094932250000000,4930000000
24116,4099932250000000,4930000000
24117,4104932250000000,4930000000
24118,4109932250000000,4930000000
24119,4114932250000000,4930000000
24120,4119932250000000,4930000000
24121,4124932250000000,4930000000
24122,4129932250000000,4940000000
24123,4134932250000000,4940000000
24124,4139932250000000,4940000000
24125,4144932250000000,4940000000
24126,4149932250000000,4940000000
24127,4154932250000000,4940000000
24128,4159932250000000,4940000000
24129,4164932250000000,4940000000
24130,4169932250000000,4940000000
24131,4174932250000000,4940000000
24132,4179932250000000,4940000000
24133,4184932250000000,4940000000
24134,4189932250000000,4940000000
24135,4194932250000000,4940000000
24136,4199932250000000,4940000000
24137,4204932250000000,4940000000
24138,4209932250000000,4940000000
24139,4214932250000000,4940000000
24140,4219932250000000,4940000000
24141,4224932250000000,4940000000
24142,4229932250000000,4940000000
24143,4234932250000000,4940000000
24144,4239932250000000,4940000000
24145,4244932250000000,4940000000
24146,4249932250000000,4940000000
24147,4254932250000000,4940000000
24148,4259932250000000,4940000000
24149,4264932250000000,4940000000
24150,4269932250000000,4940000000
24151,4274932250000000,4940000000
24152,4279932250000000,4940000000
24153,4284932250000000,4940000000
24154,4289932250000000,4940000000
24155,4294932250000000,4940000000
24156,4299932250000000,4940000000
24157,4304932250000000,4940000000
24158,4309932250000000,4940000000
24159,4314932250000000,4940000000
24160,4319932250000000,4940000000
24161,4324932250000000,4940000000
24162,4329932250000000,4940000000
24163,4334932250000000,4940000000
24164,4339932250000000,4940000000
24165,4344932250000000,4940000000
24166,4349932250000000,4940000000
24167,4354932250000000,4940000000
24168,4359932250000000,4940000000
24169,4364932250000000,4940000000
24170,4369932250000000,4950000000
24171,4374932250000000,4950000000
24172,4379932250000000,4950000000
24173,4384932250000000,4950000000
24174,4389932250000000,4950000000
24175,4394932250000000,4950000000
24176,4399932250000000,4950000000
24177,4404932250000000,4950000000
24178,4409932250000000,4950000000
24179,4414932250000000,4950000000
24180,4419932250000000,4950000000
24181,4424932250000000,4950000000
24182,4429932250000000,4950000000
24183,4434932250000000,4950000000
24184,4439932250000000,4950000000
24185,4444932250000000,4950000000
24186,4449932250000000,4950000000
24187,4454932250000000,4950000000
24188,4459932250000000,4950000000
24189,4464932250000000,4950000000
24190,4469932250000000,4950000000
24191,4474932250000000,4950000000
24192,4479932250000000,4950000000
24193,4484932250000000,4950000000
24194,4489932250000000,4950000000
24195,4494932250000000,4950000000
24196,4499932250000000,4950000000
24197,4504932250000000,4950000000
24198,4509932250000000,4950000000
24199,4514932250000000,4950000000
24200,4519932250000000,4950000000
24201,4524932250000000,4950000000
24202,4529932250000000,4950000000
24203,4534932250000000,4950000000
24204,4539932250000000,4950000000
24205,4544932250000000,4950000000
24206,4549932250000000,4950000000
24207,4554932250000000,4950000000
24208,4559932250000000,4950000000
24209,4564932250000000,4950000000
24210,4569932250000000,4950000000
24211,4574932250000000,4950000000
24212,4579932250000000,4950000000
24213,4584932250000000,4950000000
24214,4589932250000000,4950000000
24215,4594932250000000,4950000000
24216,4599932250000000,4950000000
24217,4604932250000000,4950000000
24218,4609932250000000,4950000000
24219,4614932250000000,4960000000
24220,4619932250000000,4960000000
24221,4624932250000000,4960000000
24222,4629932250000000,4960000000
24223,4634932250000000,4960000000
24224,4639932250000000,4960000000
24225,4644932250000000,4960000000
24226,4649932250000000,4960000000
24227,4654932250000000,4960000000
24228,4659932250000000,4960000000
24229,4664932250000000,4960000000
24230,4669932250000000,4960000000
24231,4674932250000000,4960000000
24232,4679932250000000,4960000000
24233,4684932250000000,4960000000
24234,4689932250000000,4960000000
24235,4694932250000000,4960000000
24236,4699932250000000,4960000000
24237,4704932250000000,4960000000
24238,4709932250000000,4960000000
24239,4714932250000000,4960000000
24240,4719932250000000,4960000000
24241,4724932250000000,4960000000
24242,4729932250000000,4960000000
24243,4734932250000000,4960000000
24244,4739932250000000,4960000000
24245,4744932250000000,4960000000
24246,4749932250000000,4960000000
24247,4754932250000000,4960000000
24248,4759932250000000,4960000000
24249,4764932250000000,4960000000
24250,4769932250000000,4960000000
24251,4774932250000000,4960000000
24252,4779932250000000,4960000000
24253,4784932250000000,4960000000
24254,4789932250000000,4960000000
24255,4794932250000000,4960000000
24256,4799932250000000,4960000000
24257,4804932250000000,4960000000
24258,4809932250000000,4960000000
24259,4814932250000000,4960000000
24260,4819932250000000,4960000000
24261,4824932250000000,4960000000
24262,4829932250000000,4960000000
24263,4834932250000000,4960000000
24264,4839932250000000,4960000000
24265,4844932250000000,4960000000
24266,4849932250000000,4960000000
24267,4854932250000000,4960000000
24268,4859932250000000,4970000000
24269,4864932250000000,4970000000
24270,4869932250000000,4970000000
24271,4874932250000000,4970000000
24272,4879932250000000,4970000000
24273,4884932250000000,4970000000
24274,4889932250000000,4970000000
24275,4894932250000000,4970000000
24276,4899932250000000,4970000000
24277,4904932250000000,4970000000
24278,4909932250000000,4970000000
24279,4914932250000000,4970000000
24280,4919932250000000,4970000000
24281,4924932250000000,4970000000
24282,4929932250000000,4970000000
24283,4934932250000000,4970000000
24284,4939932250000000,4970000000
24285,4944932250000000,4970000000
24286,4949932250000000,4970000000
24287,4954932250000000,4970000000
24288,4959932250000000,4970000000
24289,4964932250000000,4970000000
24290,4969932250000000,4970000000
24291,4974932250000000,4970000000
24292,4979932250000000,4970000000
24293,4984932250000000,4970000000
24294,4989932250000000,4970000000
24295,4994932250000000,4970000000
24296,4999932250000000,4970000000
24297,5004932250000000,4970000000
24298,5009932250000000,4970000000
24299,5014932250000000,4970000000
24300,5019932250000000,4970000000
24301,5024932250000000,4970000000
24302,5029932250000000,4970000000
24303,5034932250000000,4970000000
24304,5039932250000000,4970000000
24305,5044932250000000,4970000000
24306,5049932250000000,4970000000
24307,5054932250000000,4970000000
24308,5059932250000000,4970000000
24309,5064932250000000,4970000000
24310,5069932250000000,4970000000
24311,5074932250000000,4970000000
24312,5079932250000000,4970000000
24313,5084932250000000,4970000000
24314,5089932250000000,4970000000
24315,5094932250000000,4970000000
24316,5099932250000000,4970000000
24317,5104932250000000,4980000000
24318,5109932250000000,4980000000
24319,5114932250000000,4980000000
24320,5119932250000000,4980000000
24321,5124932250000000,4980000000
24322,5129932250000000,4980000000
24323,5134932250000000,4980000000
24324,5139932250000000,4980000000
24325,5144932250000000,4980000000
24326,5149932250000000,4980000000
24327,5154932250000000,4980000000
24328,5159932250000000,4980000000
24329,5164932250000000,4980000000
24330,5169932250000000,4980000000
24331,5174932250000000,4980000000
24332,5179932250000000,4980000000
24333,5184932250000000,4980000000
24334,5189932250000000,4980000000
24335,5194932250000000,4980000000
24336,5199932250000000,4980000000
24337,5204932250000000,4980000000
24338,5209932250000000,4980000000
24339,5214932250000000,4980000000
24340,5219932250000000,4980000000
24341,5224932250000000,4980000000
24342,5229932250000000,4980000000
24343,5234932250000000,4980000000
24344,5239932250000000,4980000000
24345,5244932250000000,4980000000
24346,5249932250000000,4980000000
24347,5254932250000000,4980000000
24348,5259932250000000,4980000000
24349,5264932250000000,4980000000
24350,5269932250000000,4980000000
24351,5274932250000000,4980000000
24352,5279932250000000,4980000000
24353,5284932250000000,4980000000
24354,5289932250000000,4980000000
24355,5294932250000000,4980000000
24356,5299932250000000,4980000000
24357,5304932250000000,4980000000
24358,5309932250000000,4980000000
24359,5314932250000000,4980000000
24360,5319932250000000,4980000000
24361,5324932250000000,4980000000
24362,5329932250000000,4980000000
24363,5334932250000000,4980000000
24364,5339932250000000,4980000000
24365,5344932250000000,4980000000
24366,5349932250000000,4990000000
24367,5354932250000000,4990000000
24368,5359932250000000,4990000000
24369,5364932250000000,4990000000
24370,5369932250000000,4990000000
24371,5374932250000000,4990000000
24372,5379932250000000,4990000000
24373,5384932250000000,4990000000
24374,5389932250000000,4990000000
24375,5394932250000000,4990000000
24376,5399932250000000,4990000000
24377,5404932250000000,4990000000
24378,5409932250000000,4990000000
24379,5414932250000000,4990000000
24380,5419932250000000,4990000000
24381,5424932250000000,4990000000
24382,5429932250000000,4990000000
24383,5434932250000000,4990000000
24384,5439932250000000,4990000000
24385,5444932250000000,4990000000
24386,5449932250000000,4990000000
24387,5454932250000000,4990000000
24388,5459932250000000,4990000000
24389,5464932250000000,4990000000
24390,5469932250000000,4990000000
24391,5474932250000000,4990000000
24392,5479932250000000,4990000000
24393,5484932250000000,4990000000
24394,5489932250000000,4990000000
24395,5494932250000000,4990000000
24396,5499932250000000,4990000000
24397,5504932250000000,4990000000
24398,5509932250000000,4990000000
24399,5514932250000000,4990000000
24400,5519932250000000,4990000000
24401,5524932250000000,4990000000
24402,5529932250000000,4990000000
24403,5534932250000000,4990000000
24404,5539932250000000,4990000000
24405,5544932250000000,4990000000
24406,5549932250000000,4990000000
24407,5554932250000000,4990000000
24408,5559932250000000,4990000000
24409,5564932250000000,4990000000
24410,5569932250000000,4990000000
24411,5574932250000000,4990000000
24412,5579932250000000,4990000000
24413,5584932250000000,4990000000
24414,5589932250000000,4990000000
24415,5594932250000000,5000000000
24416,5599932250000000,5000000000
24417,5604932250000000,5000000000
24418,5609932250000000,5000000000
24419,5614932250000000,5000000000
24420,5619932250000000,5000000000
24421,5624932250000000,5000000000
24422,5629932250000000,5000000000
24423,5634932250000000,5000000000
24424,5639932250000000,5000000000
24425,5644932250000000,5000000000
24426,5649932250000000,5000000000
24427,5654932250000000,5000000000
24428,5659932250000000,5000000000
24429,5664932250000000,5000000000
24430,5669932250000000,5000000000
24431,5674932250000000,5000000000
24432,5679932250000000,5000000000
24433,5684932250000000,5000000000
24434,5689932250000000,5000000000
24435,5694932250000000,5000000000
24436,5699932250000000,5000000000
24437,5704932250000000,5000000000
24438,5709932250000000,5000000000
24439,5714932250000000,5000000000
24440,5719932250000000,5000000000
24441,5724932250000000,5000000000
24442,5729932250000000,5000000000
24443,5734932250000000,5000000000
24444,5739932250000000,5000000000
24445,5744932250000000,5000000000
24446,5749932250000000,5000000000
24447,5754932250000000,5000000000
24448,5759932250000000,5000000000
24449,5764932250000000,5000000000
24450,5769932250000000,5000000000
24451,5774932250000000,5000000000
24452,5779932250000000,5000000000
24453,5784932250000000,5000000000
24454,5789932250000000,5000000000
24455,5794932250000000,5000000000
24456,5799932250000000,5000000000
24457,5804932250000000,5000000000
24458,5809932250000000,5000000000
24459,5814932250000000,5000000000
24460,5819932250000000,5000000000
24461,5824932250000000,5000000000
24462,5829932250000000,5000000000
24463,5834932250000000,5010000000
24464,5839932250000000,5010000000
24465,5844932250000000,5010000000
24466,5849932250000000,5010000000
24467,5854932250000000,5010000000
24468,5859932250000000,5010000000
24469,5864932250000000,5010000000
24470,5869932250000000,5010000000
24471,5874932250000000,5010000000
24472,5879932250000000,5010000000
24473,5884932250000000,5010000000
24474,5889932250000000,5010000000
24475,5894932250000000,5010000000
24476,5899932250000000,5010000000
24477,5904932250000000,5010000000
24478,5909932250000000,5010000000
24479,5914932250000000,5010000000
24480,5919932250000000,5010000000
24481,5924932250000000,5010000000
24482,5929932250000000,5010000000
24483,5934932250000000,5010000000
24484,5939932250000000,5010000000
24485,5944932250000000,5010000000
24486,5949932250000000,5010000000
24487,5954932250000000,5010000000
24488,5959932250000000,5010000000
24489,5964932250000000,5010000000
24490,5969932250000000,5010000000
24491,5974932250000000,5010000000
24492,5979932250000000,5010000000
24493,5984932250000000,5010000000
24494,5989932250000000,5010000000
24495,5994932250000000,5010000000
24496,5999932250000000,5010000000
24497,6004932250000000,5010000000
24498,6009932250000000,5010000000
24499,6014932250000000,5010000000
24500,6019932250000000,5010000000
24501,6044932250000000,5010000000
24502,6069932250000000,5010000000
24503,6094932250000000,5010000000
24504,6119932250000000,5010000000
24505,6144932250000000,5010000000
24506,6169932250000000,5010000000
24507,6194932250000000,5010000000
24508,6219932250000000,5010000000
24509,6244932250000000,5010000000
24510,6269932250000000,5010000000
24511,6294932250000000,5010000000
24512,6319932250000000,5020000000
24513,6344932250000000,5020000000
24514,6369932250000000,5020000000
24515,6394932250000000,5020000000
24516,6419932250000000,5020000000
24517,6444932250000000,5020000000
24518,6469932250000000,5020000000
24519,6494932250000000,5020000000
24520,6519932250000000,5020000000
24521,6544932250000000,5020000000
24522,6569932250000000,5020000000
24523,6594932250000000,5020000000
24524,6619932250000000,5020000000
24525,6644932250000000,5020000000
24526,6669932250000000,5020000000
24527,6694932250000000,5020000000
24528,6719932250000000,5020000000
24529,6744932250000000,5020000000
24530,6769932250000000,5020000000
24531,6794932250000000,5020000000
24532,6819932250000000,5020000000
24533,6844932250000000,5020000000
24534,6869932250000000,5020000000
24535,6894932250000000,5020000000
24536,6919932250000000,5020000000
24537,6944932250000000,5020000000
24538,6969932250000000,5020000000
24539,6994932250000000,5020000000
24540,7019932250000000,5020000000
24541,7044932250000000,5020000000
24542,7069932250000000,5020000000
24543,7094932250000000,5020000000
24544,7119932250000000,5020000000
24545,7144932250000000,5020000000
24546,7169932250000000,5020000000
24547,7194932250000000,5020000000
24548,7219932250000000,5020000000
24549,7244932250000000,5020000000
24550,7269932250000000,5020000000
24551,7294932250000000,5020000000
24552,7319932250000000,5020000000
24553,7344932250000000,5020000000
24554,7369932250000000,5020000000
24555,7394932250000000,5020000000
24556,7419932250000000,5020000000
24557,7444932250000000,5020000000
24558,7469932250000000,5020000000
24559,7494932250000000,5020000000
24560,7519932250000000,5020000000
24561,7544932250000000,5030000000
24562,7569932250000000,5030000000
24563,7594932250000000,5030000000
24564,7619932250000000,5030000000
24565,7644932250000000,5030000000
24566,7669932250000000,5030000000
24567,7694932250000000,5030000000
24568,7719932250000000,5030000000
24569,7744932250000000,5030000000
24570,7769932250000000,5030000000
24571,7794932250000000,5030000000
24572,7819932250000000,5030000000
24573,7844932250000000,5030000000
24574,7869932250000000,5030000000
24575,7894932250000000,5030000000
24576,7919932250000000,5030000000
24577,7944932250000000,5030000000
24578,7969932250000000,5030000000
24579,7994932250000000,5030000000
24580,8019932250000000,5030000000
24581,8044932250000000,5030000000
24582,8069932250000000,5030000000
24583,8094932250000000,5030000000
24584,8119932250000000,5030000000
24585,8144932250000000,5030000000
24586,8169932250000000,5030000000
24587,8194932250000000,5030000000
24588,8219932250000000,5030000000
24589,8244932250000000,5030000000
24590,8269932250000000,5030000000
24591,8294932250000000,5030000000
24592,8319932250000000,5030000000
24593,8344932250000000,5030000000
24594,8369932250000000,5030000000
24595,8394932250000000,5030000000
24596,8419932250000000,5030000000
24597,8444932250000000,5030000000
24598,8469932250000000,5030000000
24599,8494932250000000,5030000000
24600,8519932250000000,5030000000
24601,8544932250000000,5030000000
24602,8569932250000000,5030000000
24603,8594932250000000,5030000000
24604,8619932250000000,5030000000
24605,8644932250000000,5030000000
24606,8669932250000000,5030000000
24607,8694932250000000,5030000000
24608,8719932250000000,5030000000
24609,8744932250000000,5030000000
24610,8769932250000000,5040000000
24611,8794932250000000,5040000000
24612,8819932250000000,5040000000
24613,8844932250000000,5040000000
24614,8869932250000000,5040000000
24615,8894932250000000,5040000000
24616,8919932250000000,5040000000
24617,8944932250000000,5040000000
24618,8969932250000000,5040000000
24619,8994932250000000,5040000000
24620,9019932250000000,5040000000
24621,9044932250000000,5040000000
24622,9069932250000000,5040000000
24623,9094932250000000,5040000000
24624,9119932250000000,5040000000
24625,9144932250000000,5040000000
24626,9169932250000000,5040000000
24627,9194932250000000,5040000000
24628,9219932250000000,5040000000
24629,9244932250000000,5040000000
24630,9269932250000000,5040000000
24631,9294932250000000,5040000000
24632,9319932250000000,5040000000
24633,9344932250000000,5040000000
24634,9369932250000000,5040000000
24635,9394932250000000,5040000000
24636,9419932250000000,5040000000
24637,9444932250000000,5040000000
24638,9469932250000000,5040000000
24639,9494932250000000,5040000000
24640,9519932250000000,5040000000
24641,9544932250000000,5040000000
24642,9569932250000000,5040000000
24643,9594932250000000,5040000000
24644,9619932250000000,5040000000
24645,9644932250000000,5040000000
24646,9669932250000000,5040000000
24647,9694932250000000,5040000000
24648,9719932250000000,5040000000
24649,9744932250000000,5040000000
24650,9769932250000000,5040000000
24651,9794932250000000,5040000000
24652,9819932250000000,5040000000
24653,9844932250000000,5040000000
24654,9869932250000000,5040000000
24655,9894932250000000,5040000000
24656,9919932250000000,5040000000
24657,9944932250000000,5040000000
24658,9969932250000000,5040000000
24659,9994932250000000,5050000000
24660,10019932250000000,5050000000
24661,10044932250000000,5050000000
24662,10069932250000000,5050000000
24663,10094932250000000,5050000000
24664,10119932250000000,5050000000
24665,10144932250000000,5050000000
24666,10169932250000000,5050000000
24667,10194932250000000,5050000000
24668,10219932250000000,5050000000
24669,10244932250000000,5050000000
24670,10269932250000000,5050000000
24671,10294932250000000,5050000000
24672,10319932250000000,5050000000
24673,10344932250000000,5050000000
24674,10369932250000000,5050000000
24675,10394932250000000,5050000000
24676,10419932250000000,5050000000
24677,10444932250000000,5050000000
24678,10469932250000000,5050000000
24679,10494932250000000,5050000000
24680,10519932250000000,5050000000
24681,10544932250000000,5050000000
24682,10569932250000000,5050000000
24683,10594932250000000,5050000000
24684,10619932250000000,5050000000
24685,10644932250000000,5050000000
24686,10669932250000000,5050000000
24687,10694932250000000,5050000000
24688,10719932250000000,5050000000
24689,10744932250000000,5050000000
24690,10769932250000000,5050000000
24691,10794932250000000,5050000000
24692,10819932250000000,5050000000
24693,10844932250000000,5050000000
24694,10869932250000000,5050000000
24695,10894932250000000,5050000000
24696,10919932250000000,5050000000
24697,10944932250000000,5050000000
24698,10969932250000000,5050000000
24699,10994932250000000,5050000000
24700,11019932250000000,5050000000
24701,11044932250000000,5050000000
24702,11069932250000000,5050000000
24703,11094932250000000,5050000000
24704,11119932250000000,5050000000
24705,11144932250000000,5050000000
24706,11169932250000000,5050000000
24707,11194932250000000,5050000000
24708,11219932250000000,5060000000
24709,11244932250000000,5060000000
24710,11269932250000000,5060000000
24711,11294932250000000,5060000000
24712,11319932250000000,5060000000
24713,11344932250000000,5060000000
24714,11369932250000000,5060000000
24715,11394932250000000,5060000000
24716,11419932250000000,5060000000
24717,11444932250000000,5060000000
24718,11469932250000000,5060000000
24719,11494932250000000,5060000000
24720,11519932250000000,5060000000
24721,11544932250000000,5060000000
24722,11569932250000000,5060000000
24723,11594932250000000,5060000000
24724,11619932250000000,5060000000
24725,11644932250000000,5060000000
24726,11669932250000000,5060000000
24727,11694932250000000,5060000000
24728,11719932250000000,5060000000
24729,11744932250000000,5060000000
24730,11769932250000000,5060000000
24731,11794932250000000,5060000000
24732,11819932250000000,5060000000
24733,11844932250000000,5060000000
24734,11869932250000000,5060000000
24735,11894932250000000,5060000000
24736,11919932250000000,5060000000
24737,11944932250000000,5060000000
24738,11969932250000000,5060000000
24739,11994932250000000,5060000000
24740,12019932250000000,5060000000
24741,12044932250000000,5060000000
24742,12069932250000000,5060000000
24743,12094932250000000,5060000000
24744,12119932250000000,5060000000
24745,12144932250000000,5060000000
24746,12169932250000000,5060000000
24747,12194932250000000,5060000000
24748,12219932250000000,5060000000
24749,12244932250000000,5060000000
24750,12269932250000000,5060000000
24751,12294932250000000,5060000000
24752,12319932250000000,5060000000
24753,12344932250000000,5060000000
24754,12369932250000000,5060000000
24755,12394932250000000,5060000000
24756,12419932250000000,5070000000
24757,12444932250000000,5070000000
24758,12469932250000000,5070000000
24759,12494932250000000,5070000000
24760,12519932250000000,5070000000
24761,12544932250000000,5070000000
24762,12569932250000000,5070000000
24763,12594932250000000,5070000000
24764,12619932250000000,5070000000
24765,12644932250000000,5070000000
24766,12669932250000000,5070000000
24767,12694932250000000,5070000000
24768,12719932250000000,5070000000
24769,12744932250000000,5070000000
24770,12769932250000000,5070000000
24771,12794932250000000,5070000000
24772,12819932250000000,5070000000
24773,12844932250000000,5070000000
24774,12869932250000000,5070000000
24775,12894932250000000,5070000000
24776,12919932250000000,5070000000
24777,12944932250000000,5070000000
24778,12969932250000000,5070000000
24779,12994932250000000,5070000000
24780,13019932250000000,5070000000
24781,13044932250000000,5070000000
24782,13069932250000000,5070000000
24783,13094932250000000,5070000000
24784,13119932250000000,5070000000
24785,13144932250000000,5070000000
24786,13169932250000000,5070000000
24787,13194932250000000,5070000000
24788,13219932250000000,5070000000
24789,13244932250000000,5070000000
24790,13269932250000000,5070000000
24791,13294932250000000,5070000000
24792,13319932250000000,5070000000
24793,13344932250000000,5070000000
24794,13369932250000000,5070000000
24795,13394932250000000,5070000000
24796,13419932250000000,5070000000
24797,13444932250000000,5070000000
24798,13469932250000000,5070000000
24799,13494932250000000,5070000000
24800,13519932250000000,5070000000
24801,13544932250000000,5070000000
24802,13569932250000000,5070000000
24803,13594932250000000,5070000000
24804,13619932250000000,5070000000
24805,13644932250000000,5080000000
24806,13669932250000000,5080000000
24807,13694932250000000,5080000000
24808,13719932250000000,5080000000
24809,13744932250000000,5080000000
24810,13769932250000000,5080000000
24811,13794932250000000,5080000000
24812,13819932250000000,5080000000
24813,13844932250000000,5080000000
24814,13869932250000000,5080000000
24815,13894932250000000,5080000000
24816,13919932250000000,5080000000
24817,13944932250000000,5080000000
24818,13969932250000000,5080000000
24819,13994932250000000,5080000000
24820,14019932250000000,5080000000
24821,14044932250000000,5080000000
24822,14069932250000000,5080000000
24823,14094932250000000,5080000000
24824,14119932250000000,5080000000
24825,14144932250000000,5080000000
24826,14169932250000000,5080000000
24827,14194932250000000,5080000000
24828,14219932250000000,5080000000
24829,14244932250000000,5080000000
24830,14269932250000000,5080000000
24831,14294932250000000,5080000000
24832,14319932250000000,5080000000
24833,14344932250000000,5080000000
24834,14369932250000000,5080000000
24835,14394932250000000,5080000000
24836,14419932250000000,5080000000
24837,14444932250000000,5080000000
24838,14469932250000000,5080000000
24839,14494932250000000,5080000000
24840,14519932250000000,5080000000
24841,14544932250000000,5080000000
24842,14569932250000000,5080000000
24843,14594932250000000,5080000000
24844,14619932250000000,5080000000
24845,14644932250000000,5080000000
24846,14669932250000000,5080000000
24847,14694932250000000,5080000000
24848,14719932250000000,5080000000
24849,14744932250000000,5080000000
24850,14769932250000000,5080000000
24851,14794932250000000,5080000000
24852,14819932250000000,5080000000
24853,14844932250000000,5080000000
24854,14869932250000000,5090000000
24855,14894932250000000,5090000000
24856,14919932250000000,5090000000
24857,14944932250000000,5090000000
24858,14969932250000000,5090000000
24859,14994932250000000,5090000000
24860,15019932250000000,5090000000
24861,15044932250000000,5090000000
24862,15069932250000000,5090000000
24863,15094932250000000,5090000000
24864,15119932250000000,5090000000
24865,15144932250000000,5090000000
24866,15169932250000000,5090000000
24867,15194932250000000,5090000000
24868,15219932250000000,5090000000
24869,15244932250000000,5090000000
24870,15269932250000000,5090000000
24871,15294932250000000,5090000000
24872,15319932250000000,5090000000
24873,15344932250000000,5090000000
24874,15369932250000000,5090000000
24875,15394932250000000,5090000000
24876,15419932250000000,5090000000
24877,15444932250000000,5090000000
24878,15469932250000000,5090000000
24879,15494932250000000,5090000000
24880,15519932250000000,5090000000
24881,15544932250000000,5090000000
24882,15569932250000000,5090000000
24883,15594932250000000,5090000000
24884,15619932250000000,5090000000
24885,15644932250000000,5090000000
24886,15669932250000000,5090000000
24887,15694932250000000,5090000000
24888,15719932250000000,5090000000
24889,15744932250000000,5090000000
24890,15769932250000000,5090000000
24891,15794932250000000,5090000000
24892,15819932250000000,5090000000
24893,15844932250000000,5090000000
24894,15869932250000000,5090000000
24895,15894932250000000,5090000000
24896,15919932250000000,5090000000
24897,15944932250000000,5090000000
24898,15969932250000000,5090000000
24899,15994932250000000,5090000000
24900,16019932250000000,5090000000
24901,16044932250000000,5090000000
24902,16069932250000000,5090000000
24903,16094932250000000,5100000000
24904,16119932250000000,5100000000
24905,16144932250000000,5100000000
24906,16169932250000000,5100000000
24907,16194932250000000,5100000000
24908,16219932250000000,5100000000
24909,16244932250000000,5100000000
24910,16269932250000000,5100000000
24911,16294932250000000,5100000000
24912,16319932250000000,5100000000
24913,16344932250000000,5100000000
24914,16369932250000000,5100000000
24915,16394932250000000,5100000000
24916,16419932250000000,5100000000
24917,16444932250000000,5100000000
24918,16469932250000000,5100000000
24919,16494932250000000,5100000000
24920,16519932250000000,5100000000
24921,16544932250000000,5100000000
24922,16569932250000000,5100000000
24923,16594932250000000,5100000000
24924,16619932250000000,5100000000
24925,16644932250000000,5100000000
24926,16669932250000000,5100000000
24927,16694932250000000,5100000000
24928,16719932250000000,5100000000
24929,16744932250000000,5100000000
24930,16769932250000000,5100000000
24931,16794932250000000,5100000000
24932,16819932250000000,5100000000
24933,16844932250000000,5100000000
24934,16869932250000000,5100000000
24935,16894932250000000,5100000000
24936,16919932250000000,5100000000
24937,16944932250000000,5100000000
24938,16969932250000000,5100000000
24939,16994932250000000,5100000000
24940,17019932250000000,5100000000
24941,17044932250000000,5100000000
24942,17069932250000000,5100000000
24943,17094932250000000,5100000000
24944,17119932250000000,5100000000
24945,17144932250000000,5100000000
24946,17169932250000000,5100000000
24947,17194932250000000,5100000000
24948,17219932250000000,5100000000
24949,17244932250000000,5100000000
24950,17269932250000000,5100000000
24951,17294932250000000,5100000000
24952,17319932250000000,5110000000
24953,17344932250000000,5110000000
24954,17369932250000000,5110000000
24955,17394932250000000,5110000000
24956,17419932250000000,5110000000
24957,17444932250000000,5110000000
24958,17469932250000000,5110000000
24959,17494932250000000,5110000000
24960,17519932250000000,5110000000
24961,17544932250000000,5110000000
24962,17569932250000000,5110000000
24963,17594932250000000,5110000000
24964,17619932250000000,5110000000
24965,17644932250000000,5110000000
24966,17669932250000000,5110000000
24967,17694932250000000,5110000000
24968,17719932250000000,5110000000
24969,17744932250000000,5110000000
24970,17769932250000000,5110000000
24971,17794932250000000,5110000000
24972,17819932250000000,5110000000
24973,17844932250000000,5110000000
24974,17869932250000000,5110000000
24975,17894932250000000,5110000000
24976,17919932250000000,5110000000
24977,17944932250000000,5110000000
24978,17969932250000000,5110000000
24979,17994932250000000,5110000000
24980,18019932250000000,5110000000
24981,18044932250000000,5110000000
24982,18069932250000000,5110000000
24983,18094932250000000,5110000000
24984,18119932250000000,5110000000
24985,18144932250000000,5110000000
24986,18169932250000000,5110000000
24987,18194932250000000,5110000000
24988,18219932250000000,5110000000
24989,18244932250000000,5110000000
24990,18269932250000000,5110000000
24991,18294932250000000,5110000000
24992,18319932250000000,5110000000
24993,18344932250000000,5110000000
24994,18369932250000000,5110000000
24995,18394932250000000,5110000000
24996,18419932250000000,5110000000
24997,18444932250000000,5110000000
24998,18469932250000000,5110000000
24999,18494932250000000,5110000000
